coordinates,bus_name,kilovolt levels,number of buses,vm,county,state
POINT (-124.5778 48.2414),NEAH BAY,{138.0},1,1.053042,Clallam,Washington
POINT (-124.1836 47.6956),FORKS,{138.0},1,1.056818,Jefferson,Washington
POINT (-124.057 47.04),OCEAN SHORES,{138.0},1,1.069337,Grays Harbor,Washington
POINT (-124.1719 46.9275),WESTPORT,{138.0},2,1.070272,Grays Harbor,Washington
POINT (-124.0612 46.3165),LONG BEACH 1,{138.0},2,1.030038,Pacific,Washington
POINT (-123.9825 46.4983),OCEAN PARK,{138.0},2,1.027576,Pacific,Washington
POINT (-123.8474 47.1743),HOQUIAM,{138.0},1,1.061279,Grays Harbor,Washington
POINT (-123.762 48.0025),PORT ANGELES 1,{138.0},1,1.048952,Clallam,Washington
POINT (-123.6639 47.165),ABERDEEN 1,"{345.0, 138.0}",2,1.069161,Grays Harbor,Washington
POINT (-123.686 47.1889),MONTESANO,{138.0},2,1.063734,Grays Harbor,Washington
POINT (-123.6148 46.656),RAYMOND,{138.0},2,1.028084,Pacific,Washington
POINT (-123.2943 47.0719),ELMA 1,{138.0},1,1.0706,Grays Harbor,Washington
POINT (-123.332 47.988),PORT ANGELES 2,"{345.0, 138.0}",2,1.06792,Clallam,Washington
POINT (-123.332 46.1904),CATHLAMET,{138.0},1,1.028963,Wahkiakum,Washington
POINT (-123.13 47.1504),SHELTON 1,{138.0},1,1.079507,Mason,Washington
POINT (-123.0717 47.1479),SHELTON 2,"{345.0, 138.0}",2,1.076391,Mason,Washington
POINT (-123.0418 46.7918),ROCHESTER,{138.0},1,1.05088,Thurston,Washington
POINT (-123.0375 48.6268),FRIDAY HARBOR,{138.0},1,1.042151,San Juan,Washington
POINT (-123.158 48.0874),SEQUIM 1,{138.0},2,1.046679,Clallam,Washington
POINT (-123.0817 48.0024),SEQUIM 2,{138.0},1,1.050898,Clallam,Washington
POINT (-123.1324 47.0228),OLYMPIA 1,{138.0},2,1.075545,Thurston,Washington
POINT (-123.1433 47.0673),OLYMPIA 2,{138.0},1,1.069686,Thurston,Washington
POINT (-123.011 46.1277),LONGVIEW 1,{138.0},1,1.020588,Columbia,Oregon
POINT (-122.9894 46.1467),LONGVIEW 2,{138.0},3,1.019142,Cowlitz,Washington
POINT (-122.9629 46.66),CHEHALIS 1,{138.0},1,1.045965,Lewis,Washington
POINT (-123.0213 47.1433),OLYMPIA 3,{138.0},2,1.075209,Mason,Washington
POINT (-122.9228 47.1717),OLYMPIA 4,{138.0},1,1.069933,Thurston,Washington
POINT (-122.8957 46.4187),WINLOCK,{138.0},1,1.041823,Lewis,Washington
POINT (-122.8481 46.7548),CENTRALIA 1,{138.0},1,1.05384,Lewis,Washington
POINT (-122.9264 47.4535),BELFAIR,{138.0},2,1.062673,Mason,Washington
POINT (-122.8091 46.3394),CASTLE ROCK 1,{138.0},1,1.029836,Cowlitz,Washington
POINT (-122.8581 46.9955),OLYMPIA 5,{138.0},2,1.043319,Thurston,Washington
POINT (-122.886 46.9904),OLYMPIA 6,{138.0},3,1.043801,Thurston,Washington
POINT (-122.9455 48.5514),EASTSOUND,{138.0},2,1.044018,San Juan,Washington
POINT (-122.8519 47.0745),OLYMPIA 7,{138.0},1,1.043806,Thurston,Washington
POINT (-122.8913 48.0143),PORT TOWNSEND,{138.0},1,1.048132,Jefferson,Washington
POINT (-122.8071 46.9218),TENINO,{138.0},2,1.048239,Thurston,Washington
POINT (-122.7222 46.9892),LACEY 1,"{345.0, 138.0}",3,1.05522,Thurston,Washington
POINT (-122.7906 47.003),LACEY 2,{138.0},1,1.043826,Thurston,Washington
POINT (-122.752 47.1839),OLYMPIA 8,{138.0},1,1.066447,Pierce,Washington
POINT (-122.8087 47.5276),BREMERTON 1,{138.0},3,1.062175,Kitsap,Washington
POINT (-122.8782 47.5296),BREMERTON 2,"{1.0, 138.0, 13.8}",4,1.061158,Kitsap,Washington
POINT (-122.8403 46.0854),KELSO,{138.0},1,1.016132,Cowlitz,Washington
POINT (-122.7386 47.3623),LAKEBAY 1,{138.0},1,1.065036,Pierce,Washington
POINT (-122.7153 46.8946),OLYMPIA 9,{138.0},1,1.048838,Thurston,Washington
POINT (-122.6934 47.0142),OLYMPIA 10,{138.0},2,1.04561,Thurston,Washington
POINT (-122.7669 46.0192),KALAMA,{138.0},2,1.017666,Cowlitz,Washington
POINT (-122.7883 47.3039),GIG HARBOR 1,{138.0},1,1.064825,Pierce,Washington
POINT (-122.691 45.7379),VANCOUVER 1,{138.0},1,1.035033,Clark,Washington
POINT (-122.6578 47.7074),SILVERDALE 1,"{24.0, 345.0, 138.0, 1.0}",4,1.064397,Kitsap,Washington
POINT (-122.7149 47.7601),SILVERDALE 2,{138.0},2,1.062707,Kitsap,Washington
POINT (-122.7719 48.9),BLAINE 1,{138.0},3,1.050008,Whatcom,Washington
POINT (-122.6824 47.9481),PORT LUDLOW,{138.0},1,1.059633,Jefferson,Washington
POINT (-122.6138 47.5032),PORT ORCHARD 1,{138.0},2,1.071178,Kitsap,Washington
POINT (-122.6216 47.4023),PORT ORCHARD 2,{138.0},1,1.06499,Pierce,Washington
POINT (-122.6865 45.8363),RIDGEFIELD,{138.0},1,1.033615,Clark,Washington
POINT (-122.6517 45.7159),VANCOUVER 2,{138.0},1,1.03468,Clark,Washington
POINT (-122.7746 45.6572),VANCOUVER 3,{138.0},1,1.031903,Multnomah,Oregon
POINT (-122.6704 47.3081),STEILACOOM,{138.0},3,1.065233,Pierce,Washington
POINT (-122.5679 46.0356),WOODLAND 1,{138.0},1,1.034681,Cowlitz,Washington
POINT (-122.665 47.1074),DUPONT,{138.0},2,1.047749,Pierce,Washington
POINT (-122.6584 45.5909),VANCOUVER 4,{138.0},3,1.044267,Multnomah,Oregon
POINT (-122.6151 45.6377),VANCOUVER 5,{138.0},3,1.039016,Clark,Washington
POINT (-122.6924 48.5919),ANACORTES 1,{138.0},1,1.049304,Skagit,Washington
POINT (-122.5807 48.1206),COUPEVILLE,{138.0},3,1.06826,Island,Washington
POINT (-122.6511 46.6517),ONALASKA,{138.0},2,1.048764,Lewis,Washington
POINT (-122.6486 46.8176),RAINIER 1,{138.0},1,1.050161,Thurston,Washington
POINT (-122.703 47.7207),BREMERTON 3,{138.0},2,1.068015,Kitsap,Washington
POINT (-122.6417 47.5662),BREMERTON 4,{138.0},1,1.067085,Kitsap,Washington
POINT (-122.6297 48.2781),OAK HARBOR 1,{138.0},1,1.078192,Island,Washington
POINT (-122.5352 48.2395),OAK HARBOR 2,"{345.0, 138.0, 13.8, 1.0}",4,1.078161,Island,Washington
POINT (-122.6841 47.7984),POULSBO 1,{138.0},2,1.060475,Kitsap,Washington
POINT (-122.6578 47.7539),POULSBO 2,{138.0},4,1.060884,Kitsap,Washington
POINT (-122.6219 47.5231),BREMERTON 5,"{345.0, 138.0}",2,1.066722,Kitsap,Washington
POINT (-122.6273 45.5753),VANCOUVER 6,{138.0},1,1.045405,Multnomah,Oregon
POINT (-122.5543 45.6695),VANCOUVER 7,{138.0},1,1.031945,Clark,Washington
POINT (-122.606 45.638),VANCOUVER 8,{138.0},2,1.039305,Clark,Washington
POINT (-122.7192 47.2477),GIG HARBOR 2,{138.0},2,1.064553,Pierce,Washington
POINT (-122.67 48.8946),FERNDALE 1,{138.0},2,1.049204,Whatcom,Washington
POINT (-122.6659 45.8584),LA CENTER,{138.0},1,1.033982,Clark,Washington
POINT (-122.6453 47.4467),GIG HARBOR 3,{138.0},1,1.065376,Kitsap,Washington
POINT (-122.5646 47.1496),TACOMA 1,{138.0},1,1.096105,Pierce,Washington
POINT (-122.6684 47.5868),PORT ORCHARD 3,{138.0},2,1.062549,Kitsap,Washington
POINT (-122.6199 47.6145),PORT ORCHARD 4,{138.0},3,1.060371,Kitsap,Washington
POINT (-122.5518 45.7462),VANCOUVER 9,{138.0},1,1.02984,Clark,Washington
POINT (-122.584 45.6971),VANCOUVER 10,{138.0},2,1.030639,Clark,Washington
POINT (-122.6399 45.6566),VANCOUVER 11,{138.0},1,1.036348,Clark,Washington
POINT (-122.665 47.498),OLALLA,"{1.0, 138.0, 18.0}",4,1.063939,Kitsap,Washington
POINT (-122.5961 47.1162),UNIVERSITY PLACE,{138.0},1,1.049663,Pierce,Washington
POINT (-122.575 47.1492),LAKEWOOD 1,{138.0},1,1.094673,Pierce,Washington
POINT (-122.6066 47.0621),LAKEWOOD 2,{138.0},2,1.048285,Pierce,Washington
POINT (-122.5297 47.2402),TACOMA 2,{138.0},2,1.073711,Pierce,Washington
POINT (-122.5599 47.2904),TACOMA 3,{138.0},1,1.066471,Pierce,Washington
POINT (-122.4932 47.6283),BAINBRIDGE ISLAND,{138.0},1,1.058332,Kitsap,Washington
POINT (-122.5365 47.8029),KINGSTON,{138.0},3,1.066789,Kitsap,Washington
POINT (-122.5844 47.0922),ROY 1,{138.0},1,1.050453,Pierce,Washington
POINT (-122.4637 47.3789),TACOMA 4,{138.0},2,1.055279,King,Washington
POINT (-122.6041 45.5753),VANCOUVER 12,{138.0},1,1.048725,Multnomah,Oregon
POINT (-122.5396 45.6205),VANCOUVER 13,{138.0},1,1.043569,Clark,Washington
POINT (-122.4859 47.0746),LAKEWOOD 3,{138.0},2,1.054215,Pierce,Washington
POINT (-122.4187 47.2812),TACOMA 5,{138.0},1,1.055989,Pierce,Washington
POINT (-122.4243 45.763),BATTLE GROUND 1,{138.0},3,1.032844,Clark,Washington
POINT (-122.5291 45.8824),BATTLE GROUND 2,{138.0},2,1.032702,Clark,Washington
POINT (-122.5665 45.575),VANCOUVER 14,{138.0},1,1.049826,Multnomah,Oregon
POINT (-122.574 45.6766),VANCOUVER 15,{138.0},1,1.033887,Clark,Washington
POINT (-122.5436 48.8277),BELLINGHAM 1,{138.0},1,1.048669,Whatcom,Washington
POINT (-122.6094 48.7084),BELLINGHAM 2,{138.0},3,1.052629,Whatcom,Washington
POINT (-122.4134 47.241),LAKEWOOD 4,{138.0},1,1.058425,Pierce,Washington
POINT (-122.5774 47.2147),LAKEWOOD 5,{138.0},2,1.076298,Pierce,Washington
POINT (-122.6076 48.209),CAMANO ISLAND,{138.0},2,1.072289,Island,Washington
POINT (-122.451 46.8447),YELM,{138.0},2,1.047302,Thurston,Washington
POINT (-122.5137 45.7632),VANCOUVER 16,{138.0},2,1.030549,Clark,Washington
POINT (-122.5664 45.7218),VANCOUVER 17,"{24.0, 345.0, 138.0, 1.0}",4,1.026928,Clark,Washington
POINT (-122.5568 47.1245),TACOMA 6,"{345.0, 138.0}",3,1.079633,Pierce,Washington
POINT (-122.4801 47.4255),VASHON,{138.0},1,1.057452,King,Washington
POINT (-122.4406 47.2126),TACOMA 7,{138.0},1,1.059147,Pierce,Washington
POINT (-122.4655 49.0235),LYNDEN,{138.0},1,1.056265,,
POINT (-122.3713 45.6699),BRUSH PRAIRIE,{138.0},1,1.038521,Clark,Washington
POINT (-122.5068 48.012),LANGLEY,{138.0},2,1.067575,Island,Washington
POINT (-122.3545 47.2028),TACOMA 8,{138.0},2,1.054328,Pierce,Washington
POINT (-122.4906 47.2014),TACOMA 9,{138.0},1,1.062485,Pierce,Washington
POINT (-122.5178 47.3067),TACOMA 10,{138.0},1,1.065205,Pierce,Washington
POINT (-122.422 47.1904),TACOMA 11,{138.0},1,1.052778,Pierce,Washington
POINT (-122.452 48.8083),BELLINGHAM 3,{138.0},1,1.049115,Whatcom,Washington
POINT (-122.4358 48.759),BELLINGHAM 4,{138.0},2,1.051955,Whatcom,Washington
POINT (-122.3709 46.4722),MOSSYROCK,{138.0},2,1.049106,Lewis,Washington
POINT (-122.474 48.6497),BELLINGHAM 5,{138.0},1,1.061021,Whatcom,Washington
POINT (-122.4788 48.7025),BELLINGHAM 6,{138.0},2,1.057654,Whatcom,Washington
POINT (-122.5463 47.9174),CLINTON 1,{138.0},1,1.075453,Kitsap,Washington
POINT (-122.4954 47.2202),TACOMA 12,{138.0},2,1.067192,Pierce,Washington
POINT (-122.3305 47.1365),TACOMA 13,{138.0},1,1.062275,Pierce,Washington
POINT (-122.3539 48.6364),BOW,{138.0},2,1.058548,Skagit,Washington
POINT (-122.4286 47.1045),TACOMA 14,{138.0},2,1.058979,Pierce,Washington
POINT (-122.3378 47.1903),TACOMA 15,{138.0},1,1.053305,Pierce,Washington
POINT (-122.5045 47.6876),SEATTLE 1,{138.0},1,1.067033,Kitsap,Washington
POINT (-122.3262 47.6146),SEATTLE 2,{138.0},1,1.077611,King,Washington
POINT (-122.3274 47.5031),SEATTLE 3,{138.0},1,1.076489,King,Washington
POINT (-122.3977 47.104),SPANAWAY 1,{138.0},1,1.066295,Pierce,Washington
POINT (-122.4126 47.0282),SPANAWAY 2,{138.0},1,1.065528,Pierce,Washington
POINT (-122.3114 47.3025),TACOMA 16,{138.0},1,1.05144,King,Washington
POINT (-122.3092 47.6998),SEATTLE 4,{138.0},2,1.072065,King,Washington
POINT (-122.4907 47.7826),SEATTLE 5,{138.0},2,1.06866,Kitsap,Washington
POINT (-122.3288 45.6124),CAMAS 1,{138.0},1,1.037737,Clark,Washington
POINT (-122.3438 45.644),CAMAS 2,{138.0},1,1.037565,Clark,Washington
POINT (-122.32 47.5435),SEATTLE 6,{138.0},2,1.079085,King,Washington
POINT (-122.2821 47.6768),SEATTLE 7,{138.0},1,1.080633,King,Washington
POINT (-122.3847 47.6954),SEATTLE 8,{138.0},2,1.076798,King,Washington
POINT (-122.4006 48.3831),MOUNT VERNON 1,{138.0},1,1.090494,Skagit,Washington
POINT (-122.4014 48.3917),MOUNT VERNON 2,{138.0},2,1.091367,Skagit,Washington
POINT (-122.3085 47.2016),TACOMA 17,{138.0},1,1.052386,Pierce,Washington
POINT (-122.5139 47.8798),EDMONDS 1,{138.0},1,1.068467,Kitsap,Washington
POINT (-122.3365 47.7031),SEATTLE 9,{138.0},1,1.067545,King,Washington
POINT (-122.4149 47.2992),FEDERAL WAY 1,{138.0},1,1.054831,Pierce,Washington
POINT (-122.4261 47.2213),FEDERAL WAY 2,{138.0},1,1.05854,Pierce,Washington
POINT (-122.3284 47.4004),SEATTLE 10,{138.0},2,1.058845,King,Washington
POINT (-122.3408 47.4459),SEATTLE 11,{138.0},2,1.059839,King,Washington
POINT (-122.3754 47.2861),TACOMA 18,{138.0},3,1.055751,Pierce,Washington
POINT (-122.3251 47.3627),SEATTLE 12,{138.0},1,1.05531,King,Washington
POINT (-122.2723 47.6889),SEATTLE 13,{138.0},1,1.079166,King,Washington
POINT (-122.4151 47.6404),SEATTLE 14,{138.0},2,1.063824,King,Washington
POINT (-122.4164 48.4514),BURLINGTON 1,{138.0},1,1.096109,Skagit,Washington
POINT (-122.3366 47.6603),SEATTLE 15,{138.0},3,1.072662,King,Washington
POINT (-122.3109 45.7986),YACOLT,{138.0},1,1.019606,Clark,Washington
POINT (-122.313 47.8251),SEATTLE 16,{138.0},2,1.063349,Snohomish,Washington
POINT (-122.3755 47.72),SEATTLE 17,{138.0},2,1.075525,King,Washington
POINT (-122.3985 47.6366),SEATTLE 18,{138.0},1,1.062349,King,Washington
POINT (-122.3305 47.7292),SEATTLE 19,{138.0},1,1.062886,King,Washington
POINT (-122.2413 47.665),SEATTLE 20,{138.0},1,1.075469,King,Washington
POINT (-122.246 47.8822),EDMONDS 2,"{345.0, 138.0}",2,1.062738,Snohomish,Washington
POINT (-122.3134 47.9219),EDMONDS 3,{138.0},1,1.059953,Snohomish,Washington
POINT (-122.3142 48.906),EVERSON,{138.0},5,1.055123,Whatcom,Washington
POINT (-122.3198 47.5328),SEATTLE 21,{138.0},2,1.079175,King,Washington
POINT (-122.2294 47.4956),SEATTLE 22,{138.0},1,1.061789,King,Washington
POINT (-122.3443 47.1462),PUYALLUP 1,{138.0},1,1.064092,Pierce,Washington
POINT (-122.268 47.2703),PUYALLUP 2,{138.0},2,1.057106,King,Washington
POINT (-122.2238 47.0533),PUYALLUP 3,{138.0},1,1.056326,Pierce,Washington
POINT (-122.3991 47.1606),PUYALLUP 4,{138.0},1,1.05555,Pierce,Washington
POINT (-122.3468 47.713),SEATTLE 23,{138.0},2,1.065116,King,Washington
POINT (-122.271 47.3951),FEDERAL WAY 3,{138.0},1,1.051894,King,Washington
POINT (-122.3432 47.2423),FEDERAL WAY 4,{138.0},2,1.055429,Pierce,Washington
POINT (-122.263 47.3349),SEATTLE 24,{138.0},2,1.055401,King,Washington
POINT (-122.3407 47.313),SEATTLE 25,{138.0},2,1.050977,King,Washington
POINT (-122.317 48.2045),STANWOOD,{138.0},2,1.069496,Snohomish,Washington
POINT (-122.2359 47.8313),MOUNTLAKE TERRACE,{138.0},4,1.069674,Snohomish,Washington
POINT (-122.2961 47.5936),SEATTLE 26,{138.0},1,1.081605,King,Washington
POINT (-122.2226 47.8987),MUKILTEO,{138.0},2,1.065845,Snohomish,Washington
POINT (-122.2958 47.6909),SEATTLE 27,{138.0},1,1.074125,King,Washington
POINT (-122.3162 47.7631),SEATTLE 28,{138.0},1,1.071977,King,Washington
POINT (-122.3494 47.421),SEATTLE 29,{138.0},3,1.056515,King,Washington
POINT (-122.2984 47.4298),SEATTLE 30,{138.0},1,1.067004,King,Washington
POINT (-122.307 47.7113),SEATTLE 31,{138.0},1,1.06915,King,Washington
POINT (-122.2635 47.6398),SEATTLE 32,{138.0},2,1.087065,King,Washington
POINT (-122.2683 47.7043),SEATTLE 33,{138.0},1,1.077405,King,Washington
POINT (-122.3395 47.6408),SEATTLE 34,{138.0},2,1.074566,King,Washington
POINT (-122.3661 47.6708),SEATTLE 35,{138.0},1,1.069619,King,Washington
POINT (-122.2856 47.6468),SEATTLE 36,{138.0},1,1.083152,King,Washington
POINT (-122.3372 47.6732),SEATTLE 37,{138.0},1,1.072223,King,Washington
POINT (-122.3768 47.9233),LYNNWOOD 1,{138.0},2,1.059247,Island,Washington
POINT (-122.3213 47.815),LYNNWOOD 2,{138.0},1,1.064891,Snohomish,Washington
POINT (-122.2187 47.653),SEATTLE 38,{138.0},3,1.074057,King,Washington
POINT (-122.2632 47.6345),SEATTLE 39,"{345.0, 138.0}",3,1.061662,King,Washington
POINT (-122.3225 47.7292),SEATTLE 40,"{345.0, 138.0, 13.8, 1.0}",5,1.060841,King,Washington
POINT (-122.1978 47.625),SEATTLE 41,{138.0},1,1.074529,King,Washington
POINT (-122.3666 47.8153),LYNNWOOD 3,{138.0},1,1.061665,Snohomish,Washington
POINT (-122.3364 47.8516),LYNNWOOD 4,{138.0},3,1.063153,Snohomish,Washington
POINT (-122.1843 47.0349),GRAHAM,{138.0},3,1.051544,Pierce,Washington
POINT (-122.244 47.5253),SEATTLE 42,"{345.0, 138.0, 13.8, 1.0}",8,1.06047,King,Washington
POINT (-122.2081 47.4522),SEATTLE 43,{138.0},1,1.065041,King,Washington
POINT (-122.2059 47.507),SEATTLE 44,{138.0},1,1.060898,King,Washington
POINT (-122.2303 47.8401),LYNNWOOD 5,{138.0},1,1.071204,Snohomish,Washington
POINT (-122.2624 47.8719),LYNNWOOD 6,"{1.0, 138.0, 18.0}",4,1.061974,Snohomish,Washington
POINT (-122.3466 47.1506),PUYALLUP 5,{138.0},1,1.061476,Pierce,Washington
POINT (-122.2755 47.368),AUBURN 1,{138.0},1,1.056024,King,Washington
POINT (-122.3333 47.2525),AUBURN 2,{138.0},2,1.052809,Pierce,Washington
POINT (-122.3556 47.1096),PUYALLUP 6,{138.0},2,1.065749,Pierce,Washington
POINT (-122.3217 47.2232),PUYALLUP 7,{138.0},1,1.05221,Pierce,Washington
POINT (-122.2751 47.8443),EVERETT 1,{138.0},1,1.063245,Snohomish,Washington
POINT (-122.1751 47.9909),EVERETT 2,"{345.0, 138.0}",2,1.065848,Snohomish,Washington
POINT (-122.2838 47.3465),KENT 1,{138.0},3,1.055381,King,Washington
POINT (-122.3342 47.4797),KENT 2,{138.0},1,1.067064,King,Washington
POINT (-122.2897 47.7533),KENMORE,{138.0},2,1.076837,King,Washington
POINT (-122.154 47.5762),SEATTLE 45,{138.0},1,1.069259,King,Washington
POINT (-122.2121 45.6682),WASHOUGAL,{138.0},2,1.016263,Skamania,Washington
POINT (-122.2755 48.1583),MARYSVILLE 1,{138.0},1,1.066348,Snohomish,Washington
POINT (-122.1966 48.0128),MARYSVILLE 2,{138.0},2,1.066457,Snohomish,Washington
POINT (-122.269 47.6218),MERCER ISLAND,{138.0},2,1.084182,King,Washington
POINT (-122.2525 47.8893),EVERETT 3,{138.0},2,1.063502,Snohomish,Washington
POINT (-122.2946 47.9502),EVERETT 4,{138.0},3,1.060851,Snohomish,Washington
POINT (-122.1629 47.2663),SUMNER,{138.0},1,1.058954,King,Washington
POINT (-122.1567 47.5072),RENTON 1,{138.0},2,1.061135,King,Washington
POINT (-122.2601 47.3545),AUBURN 3,{138.0},1,1.055836,King,Washington
POINT (-122.1294 47.3152),AUBURN 4,{138.0},1,1.058984,King,Washington
POINT (-122.219 47.8022),KIRKLAND 1,{138.0},1,1.081616,Snohomish,Washington
POINT (-122.2157 47.7388),KIRKLAND 2,{138.0},1,1.083023,King,Washington
POINT (-122.2856 48.0627),EVERETT 5,{138.0},1,1.07206,Snohomish,Washington
POINT (-122.1908 47.958),EVERETT 6,{138.0},1,1.068525,Snohomish,Washington
POINT (-122.287 47.8138),BOTHELL 1,{138.0},3,1.062846,Snohomish,Washington
POINT (-122.23 47.8688),BOTHELL 2,{138.0},4,1.066508,Snohomish,Washington
POINT (-122.1913 47.5984),BELLEVUE 1,{138.0},1,1.072185,King,Washington
POINT (-122.2587 47.537),BELLEVUE 2,{138.0},1,1.06541,King,Washington
POINT (-122.2279 47.7109),BOTHELL 3,{138.0},1,1.078311,King,Washington
POINT (-122.2399 47.7242),BOTHELL 4,{138.0},1,1.080656,King,Washington
POINT (-122.1696 47.4854),RENTON 2,{138.0},1,1.059961,King,Washington
POINT (-122.1884 47.8217),BOTHELL 5,{138.0},1,1.076422,Snohomish,Washington
POINT (-122.1037 47.782),BOTHELL 6,{138.0},2,1.07588,Snohomish,Washington
POINT (-122.2714 47.3594),KENT 3,"{345.0, 138.0}",2,1.060601,King,Washington
POINT (-122.2381 47.349),KENT 4,{138.0},1,1.053924,King,Washington
POINT (-122.2233 47.3235),KENT 5,{138.0},1,1.055883,King,Washington
POINT (-122.2195 47.3765),KENT 6,{138.0},2,1.061922,King,Washington
POINT (-122.1558 47.7263),KIRKLAND 3,{138.0},1,1.084342,King,Washington
POINT (-122.0945 47.7358),KIRKLAND 4,{138.0},1,1.080198,King,Washington
POINT (-122.2459 47.4739),RENTON 3,{138.0},2,1.062359,King,Washington
POINT (-122.1128 47.4626),RENTON 4,{138.0},2,1.060205,King,Washington
POINT (-122.0894 47.8353),EVERETT 7,{138.0},1,1.076773,Snohomish,Washington
POINT (-122.2025 47.8077),EVERETT 8,"{345.0, 138.0}",3,1.064655,Snohomish,Washington
POINT (-122.2057 47.6034),BELLEVUE 3,{138.0},2,1.074052,King,Washington
POINT (-122.0839 47.145),BONNEY LAKE 1,"{345.0, 138.0}",2,1.071288,Pierce,Washington
POINT (-122.0778 47.116),BONNEY LAKE 2,{138.0},1,1.066534,Pierce,Washington
POINT (-122.1599 46.8799),EATONVILLE,{138.0},1,1.050949,Pierce,Washington
POINT (-122.2423 47.5212),BELLEVUE 4,{138.0},1,1.067371,King,Washington
POINT (-122.2337 47.5196),BELLEVUE 5,{138.0},2,1.065482,King,Washington
POINT (-122.1724 48.0135),EVERETT 9,{138.0},1,1.066503,Snohomish,Washington
POINT (-122.1041 48.0409),MARYSVILLE 3,{138.0},1,1.064279,Snohomish,Washington
POINT (-122.1697 48.0427),MARYSVILLE 4,{138.0},1,1.06736,Snohomish,Washington
POINT (-122.1358 48.3909),MOUNT VERNON 3,{138.0},3,1.058724,Skagit,Washington
POINT (-122.1571 47.6734),BELLEVUE 6,{138.0},2,1.079252,King,Washington
POINT (-122.1937 47.8101),WOODINVILLE 1,{138.0},2,1.079839,Snohomish,Washington
POINT (-122.0951 47.3361),AUBURN 5,{138.0},1,1.059241,King,Washington
POINT (-122.0522 47.3826),AUBURN 6,{138.0},2,1.059685,King,Washington
POINT (-122.1399 47.486),RENTON 5,{138.0},1,1.060761,King,Washington
POINT (-122.2113 47.5182),RENTON 6,{138.0},3,1.061902,King,Washington
POINT (-122.0614 48.5591),SEDRO WOOLLEY,{138.0},1,1.05053,Skagit,Washington
POINT (-122.0628 48.8663),MAPLE FALLS,{138.0},1,1.058451,Whatcom,Washington
POINT (-122.1622 47.6987),REDMOND 1,{138.0},1,1.084817,King,Washington
POINT (-122.1766 47.73),REDMOND 2,"{345.0, 138.0}",2,1.070343,King,Washington
POINT (-122.1672 47.4375),KENT 7,{138.0},1,1.061972,King,Washington
POINT (-122.0534 47.352),KENT 8,"{345.0, 138.0}",2,1.060636,King,Washington
POINT (-122.1358 47.5654),RENTON 7,{138.0},1,1.069295,King,Washington
POINT (-122.0441 47.5841),RENTON 8,{138.0},1,1.067999,King,Washington
POINT (-122.0228 47.7753),SNOHOMISH 1,{138.0},1,1.070749,King,Washington
POINT (-122.1792 47.7964),SNOHOMISH 2,{138.0},1,1.068528,Snohomish,Washington
POINT (-122.1022 47.5722),BELLEVUE 7,"{345.0, 138.0}",2,1.063076,King,Washington
POINT (-121.9854 48.0716),LAKE STEVENS 1,{138.0},3,1.062232,Snohomish,Washington
POINT (-122.1145 47.9546),LAKE STEVENS 2,{138.0},2,1.064862,Snohomish,Washington
POINT (-122.1586 47.2107),BUCKLEY,{138.0},1,1.056427,Pierce,Washington
POINT (-122.0414 45.7705),CARSON 1,{138.0},1,1.034319,Skamania,Washington
POINT (-122.0227 47.7174),WOODINVILLE 2,{138.0},1,1.078231,King,Washington
POINT (-122.0828 47.6539),SAMMAMISH 1,{138.0},3,1.076344,King,Washington
POINT (-122.0662 47.6533),SAMMAMISH 2,{138.0},2,1.076745,King,Washington
POINT (-122.1057 47.53),SAMMAMISH 3,{138.0},1,1.058444,King,Washington
POINT (-122.0532 47.6984),REDMOND 3,{138.0},1,1.078767,King,Washington
POINT (-122.0445 47.5088),ISSAQUAH 1,{138.0},1,1.056261,King,Washington
POINT (-121.9987 47.4204),ISSAQUAH 2,{138.0},1,1.054809,King,Washington
POINT (-122.0213 47.5484),ISSAQUAH 3,{138.0},1,1.057867,King,Washington
POINT (-121.9757 47.8617),SNOHOMISH 3,{138.0},1,1.077977,Snohomish,Washington
POINT (-122.083 47.8765),SNOHOMISH 4,{138.0},1,1.070949,Snohomish,Washington
POINT (-121.9725 47.3322),MAPLE VALLEY 1,{138.0},2,1.059265,King,Washington
POINT (-122.0525 47.5141),MAPLE VALLEY 2,{138.0},1,1.056347,King,Washington
POINT (-122.022 45.6247),STEVENSON,{138.0},2,1.043893,Skamania,Washington
POINT (-122.0393 48.2871),ARLINGTON 1,{138.0},1,1.058175,Snohomish,Washington
POINT (-121.8771 48.1649),ARLINGTON 2,{138.0},2,1.058017,Snohomish,Washington
POINT (-121.891 47.1536),ENUMCLAW,"{1.0, 138.0, 18.0}",4,1.063034,Pierce,Washington
POINT (-121.8165 47.6184),FALL CITY 1,{138.0},1,1.063418,King,Washington
POINT (-121.8045 47.8344),MONROE 1,{138.0},1,1.077459,Snohomish,Washington
POINT (-121.822 47.9353),MONROE 2,{138.0},1,1.085008,Snohomish,Washington
POINT (-121.8989 47.7267),CARNATION,{138.0},1,1.077275,King,Washington
POINT (-121.7903 47.72),DUVALL,{138.0},2,1.07597,King,Washington
POINT (-121.7131 47.6707),SNOQUALMIE,{138.0},4,1.076543,King,Washington
POINT (-121.7739 47.8719),SULTAN 1,{138.0},2,1.078397,Snohomish,Washington
POINT (-121.5981 48.0007),GRANITE FALLS,{138.0},1,1.074641,Snohomish,Washington
POINT (-121.6204 47.4476),NORTH BEND 1,{138.0},1,1.068221,King,Washington
POINT (-121.687 47.8387),GOLD BAR,{138.0},1,1.077167,Snohomish,Washington
POINT (-121.5203 45.8583),WHITE SALMON,{138.0},1,1.037492,Klickitat,Washington
POINT (-121.3076 48.2191),DARRINGTON,{138.0},1,1.079551,Snohomish,Washington
POINT (-121.2838 46.8228),NACHES,{138.0},1,1.059914,Yakima,Washington
POINT (-121.1343 45.6573),LYLE,{138.0},3,1.05597,Klickitat,Washington
POINT (-121.0523 46.52),YAKIMA 1,{138.0},1,1.050936,Yakima,Washington
POINT (-120.851 47.2783),CLE ELUM 1,{138.0},1,1.074386,Kittitas,Washington
POINT (-120.8987 47.8317),LEAVENWORTH,{138.0},1,1.0716,Chelan,Washington
POINT (-120.7174 45.9276),GOLDENDALE 1,{138.0},1,1.055501,Klickitat,Washington
POINT (-120.7814 46.292),WHITE SWAN,{138.0},2,1.058414,Yakima,Washington
POINT (-120.6778 46.6481),YAKIMA 2,{138.0},1,1.065722,Yakima,Washington
POINT (-120.6828 46.7045),YAKIMA 3,{138.0},1,1.061257,Yakima,Washington
POINT (-120.7266 46.873),SELAH,{138.0},1,1.055995,Yakima,Washington
POINT (-120.4686 46.5831),YAKIMA 4,{138.0},2,1.060721,Yakima,Washington
POINT (-120.4699 46.6723),YAKIMA 5,"{345.0, 138.0}",2,1.066772,Yakima,Washington
POINT (-120.569 46.5432),WAPATO,{138.0},1,1.059167,Yakima,Washington
POINT (-120.4823 47.4854),CASHMERE,{138.0},3,1.081426,Chelan,Washington
POINT (-120.5322 47.0315),ELLENSBURG 1,{138.0},1,1.065722,Kittitas,Washington
POINT (-120.431 46.9945),ELLENSBURG 2,{138.0},1,1.068005,Kittitas,Washington
POINT (-120.4236 46.7656),YAKIMA 6,{138.0},1,1.060235,Kittitas,Washington
POINT (-120.485 46.8168),YAKIMA 7,{138.0},3,1.064204,Kittitas,Washington
POINT (-120.3323 48.0169),CHELAN,{138.0},2,1.08491,Chelan,Washington
POINT (-120.2772 47.3425),WENATCHEE 1,{138.0},2,1.064818,Chelan,Washington
POINT (-120.3269 47.4248),WENATCHEE 2,{138.0},1,1.066708,Chelan,Washington
POINT (-120.4117 48.5775),WINTHROP,{138.0},3,1.085549,Okanogan,Washington
POINT (-120.2942 46.2344),TOPPENISH,{138.0},1,1.058739,Yakima,Washington
POINT (-120.338 48.3329),TWISP,{138.0},2,1.085043,Okanogan,Washington
POINT (-120.1847 46.4421),ZILLAH,{138.0},1,1.061159,Yakima,Washington
POINT (-120.1183 47.4908),EAST WENATCHEE 1,{138.0},1,1.06963,Douglas,Washington
POINT (-120.147 47.4767),EAST WENATCHEE 2,{138.0},1,1.069766,Douglas,Washington
POINT (-120.1645 47.2553),MALAGA,{138.0},3,1.067868,Kittitas,Washington
POINT (-120.0414 47.9079),MANSON,{138.0},3,1.086688,Chelan,Washington
POINT (-120.0968 46.1405),MABTON,{138.0},1,1.061386,Yakima,Washington
POINT (-119.9735 46.2234),GRANDVIEW,{138.0},2,1.062766,Yakima,Washington
POINT (-119.7942 47.1193),QUINCY 1,{138.0},2,1.075901,Grant,Washington
POINT (-119.69 48.0643),BREWSTER,{138.0},1,1.083454,Douglas,Washington
POINT (-119.6248 46.7256),MATTAWA 1,{138.0},2,1.069059,Grant,Washington
POINT (-119.6781 46.1752),PROSSER,{138.0},2,1.06739,Benton,Washington
POINT (-119.7 46.8538),ROYAL CITY,{138.0},1,1.076921,Grant,Washington
POINT (-119.5601 46.5318),SUNNYSIDE 1,{138.0},1,1.06659,Benton,Washington
POINT (-119.5338 47.4061),EPHRATA,{138.0},1,1.079155,Grant,Washington
POINT (-119.6648 48.2962),OKANOGAN,{138.0},2,1.082922,Okanogan,Washington
POINT (-119.5303 46.3237),BENTON CITY,{138.0},1,1.064707,Benton,Washington
POINT (-119.5187 47.4753),SOAP LAKE,{138.0},1,1.080776,Grant,Washington
POINT (-119.2917 46.2844),WEST RICHLAND,{138.0},2,1.06838,Benton,Washington
POINT (-119.374 47.1599),MOSES LAKE 1,{138.0},1,1.080401,Grant,Washington
POINT (-119.2927 47.2058),MOSES LAKE 2,"{345.0, 138.0}",3,1.079976,Grant,Washington
POINT (-119.2957 46.332),RICHLAND 1,{138.0},1,1.065004,Benton,Washington
POINT (-119.2643 46.3498),RICHLAND 2,{138.0},1,1.064521,Benton,Washington
POINT (-119.3571 46.1596),RICHLAND 3,{138.0},3,1.068193,Benton,Washington
POINT (-119.1874 46.1784),KENNEWICK 1,{138.0},1,1.069692,Benton,Washington
POINT (-119.3157 48.3025),OMAK,{138.0},2,1.0831,Okanogan,Washington
POINT (-119.347 48.6336),TONASKET,{138.0},1,1.069653,Okanogan,Washington
POINT (-119.2192 48.9833),OROVILLE 1,{138.0},1,1.059606,Okanogan,Washington
POINT (-119.2756 46.6475),MESA 1,{138.0},1,1.074123,Franklin,Washington
POINT (-119.1478 46.9002),OTHELLO,{138.0},1,1.074008,Adams,Washington
POINT (-119.1459 46.1558),KENNEWICK 2,{138.0},1,1.069839,Benton,Washington
POINT (-119.154 46.2059),KENNEWICK 3,{138.0},2,1.056868,Benton,Washington
POINT (-119.0343 46.119),KENNEWICK 4,{138.0},1,1.069756,Benton,Washington
POINT (-119.0344 46.1418),KENNEWICK 5,{138.0},1,1.067769,Benton,Washington
POINT (-119.0652 46.9803),WARDEN,{138.0},1,1.076751,Grant,Washington
POINT (-118.8555 46.3067),PASCO 1,{138.0},2,1.071189,Franklin,Washington
POINT (-119.0328 46.4504),PASCO 2,{138.0},1,1.070821,Franklin,Washington
POINT (-118.9081 48.0642),COULEE DAM,{138.0},3,1.084924,Okanogan,Washington
POINT (-118.9726 46.236),BURBANK 1,{138.0},1,1.065451,Walla Walla,Washington
POINT (-118.8332 46.6152),CONNELL,{138.0},1,1.079206,Franklin,Washington
POINT (-118.7253 48.5237),REPUBLIC,{138.0},2,1.071447,Ferry,Washington
POINT (-118.472 46.0608),COLLEGE PLACE,{138.0},1,1.085402,Walla Walla,Washington
POINT (-118.4313 47.1453),RITZVILLE,{138.0},1,1.094372,Adams,Washington
POINT (-118.2452 47.603),DAVENPORT,{138.0},2,1.083485,Lincoln,Washington
POINT (-118.0559 48.6381),KETTLE FALLS 1,{138.0},3,1.087329,Stevens,Washington
POINT (-117.7676 46.2473),DAYTON 1,{138.0},2,1.084611,Columbia,Washington
POINT (-117.9373 48.0408),SPRINGDALE,{138.0},1,1.074346,Stevens,Washington
POINT (-117.7823 48.5904),COLVILLE,{138.0},1,1.082037,Stevens,Washington
POINT (-117.6948 47.5223),MEDICAL LAKE,{138.0},1,1.066968,Spokane,Washington
POINT (-117.6143 48.3264),CHEWELAH,{138.0},1,1.076065,Stevens,Washington
POINT (-117.5949 47.448),CHENEY,{138.0},1,1.065817,Spokane,Washington
POINT (-117.6257 47.8176),NINE MILE FALLS 1,{138.0},2,1.05434,Spokane,Washington
POINT (-117.5665 47.6986),SPOKANE 1,{138.0},1,1.066898,Spokane,Washington
POINT (-117.55 48.0336),DEER PARK,{138.0},1,1.070235,Stevens,Washington
POINT (-117.4311 47.7976),SPOKANE 2,{138.0},1,1.044052,Spokane,Washington
POINT (-117.4235 47.7576),SPOKANE 3,{138.0},2,1.046647,Spokane,Washington
POINT (-117.4136 47.6004),SPOKANE 4,{138.0},1,1.089646,Spokane,Washington
POINT (-117.4883 47.7045),SPOKANE 5,{138.0},2,1.056849,Spokane,Washington
POINT (-117.3749 47.7299),SPOKANE 6,{138.0},1,1.05698,Spokane,Washington
POINT (-117.4607 47.6011),SPOKANE 7,{138.0},3,1.090384,Spokane,Washington
POINT (-117.4354 46.8793),COLFAX 1,{138.0},2,1.079271,Whitman,Washington
POINT (-117.4281 47.8353),SPOKANE 8,{138.0},1,1.047471,Spokane,Washington
POINT (-117.3419 47.5865),SPOKANE 9,{138.0},1,1.092387,Spokane,Washington
POINT (-117.3615 47.6851),SPOKANE 10,{138.0},1,1.090623,Spokane,Washington
POINT (-117.3856 47.7601),SPOKANE 11,{138.0},1,1.049837,Spokane,Washington
POINT (-117.3667 47.6639),SPOKANE 12,{138.0},1,1.089942,Spokane,Washington
POINT (-117.3097 47.8809),COLBERT,{138.0},1,1.054775,Spokane,Washington
POINT (-117.2631 47.5957),SPOKANE 13,{138.0},2,1.08799,Spokane,Washington
POINT (-117.3215 47.5037),SPOKANE 14,{138.0},2,1.091287,Spokane,Washington
POINT (-117.2908 47.6871),SPOKANE 15,{138.0},1,1.060979,Spokane,Washington
POINT (-117.2967 48.0173),CHATTAROY,{138.0},1,1.059942,Spokane,Washington
POINT (-117.2837 46.3546),CLARKSTON 1,{138.0},1,1.078876,Asotin,Washington
POINT (-117.2931 47.7636),SPOKANE 16,{138.0},1,1.057151,Spokane,Washington
POINT (-117.303 47.5894),SPOKANE 17,"{345.0, 138.0}",4,1.069363,Spokane,Washington
POINT (-117.3096 47.7083),SPOKANE 18,{138.0},1,1.058296,Spokane,Washington
POINT (-117.3246 48.1135),ELK,{138.0},2,1.064887,Pend Oreille,Washington
POINT (-117.2583 47.7363),SPOKANE 19,{138.0},1,1.066885,Spokane,Washington
POINT (-117.3146 46.6533),PULLMAN 1,{138.0},1,1.076635,Whitman,Washington
POINT (-117.1711 46.6335),PULLMAN 2,{138.0},1,1.065943,Whitman,Washington
POINT (-117.1952 47.6369),VERADALE,{138.0},1,1.076426,Spokane,Washington
POINT (-117.1476 48.1673),NEWPORT 1,{138.0},1,1.079795,Pend Oreille,Washington
POINT (-117.1388 47.9256),MEAD,{138.0},1,1.065697,Spokane,Washington
POINT (-117.2179 47.7108),OTIS ORCHARDS,{138.0},2,1.065551,Spokane,Washington
POINT (-117.0301 47.5149),GREENACRES,{138.0},2,1.071186,Kootenai,Idaho
POINT (-117.0884 47.6862),LIBERTY LAKE,{138.0},1,1.074541,Spokane,Washington
POINT (-117.133 47.7501),NEWMAN LAKE,{138.0},1,1.064504,Spokane,Washington
POINT (-119.908 46.6451),MATTAWA 2,"{138.0, 13.8, 13.2, 18.0, 20.0, 24.0, 345.0, 765.0}",10,1.05724,Grant,Washington
POINT (-120.3475 45.8131),ROOSEVELT 1,"{138.0, 13.8}",3,1.036192,Klickitat,Washington
POINT (-122.1097 46.4661),RANDLE,"{1.0, 138.0, 13.2}",4,1.048789,Lewis,Washington
POINT (-120.6872 47.1356),CLE ELUM 2,"{345.0, 138.0, 13.8}",5,1.074103,Kittitas,Washington
POINT (-120.8072 45.8797),GOLDENDALE 2,"{138.0, 18.0}",5,1.054041,Klickitat,Washington
POINT (-120.2953 47.5336),WENATCHEE 3,"{138.0, 13.8, 18.0, 345.0, 765.0}",10,1.07208,Chelan,Washington
POINT (-120.0917 47.3461),WENATCHEE 4,"{1.0, 138.0, 13.8, 18.0, 20.0, 22.0, 345.0, 765.0}",11,1.058945,Douglas,Washington
POINT (-121.8144 47.9084),SULTAN 2,"{345.0, 138.0}",2,1.075257,Snohomish,Washington
POINT (-123.1603 47.3698),SHELTON 3,"{345.0, 138.0, 13.8, 1.0}",4,1.069669,Mason,Washington
POINT (-122.3657 47.0861),TACOMA 19,"{138.0, 13.8, 24.0, 345.0, 765.0}",5,1.065304,Pierce,Washington
POINT (-122.2017 46.0608),COUGAR 1,"{138.0, 13.8, 20.0, 22.0, 345.0, 765.0}",6,1.040208,Skamania,Washington
POINT (-120.1819 46.9547),ELLENSBURG 3,"{138.0, 18.0}",2,1.084212,Kittitas,Washington
POINT (-119.6404 47.9951),BRIDGEPORT,"{138.0, 13.8, 22.0, 345.0, 765.0}",9,1.082549,Douglas,Washington
POINT (-122.5885 46.5035),SILVER CREEK 1,"{345.0, 138.0}",2,1.04538,Lewis,Washington
POINT (-121.7407 48.5478),CONCRETE 1,"{345.0, 138.0}",2,1.068808,Skagit,Washington
POINT (-122.4056 45.5847),CAMAS 3,"{345.0, 138.0}",6,1.021823,Clark,Washington
POINT (-118.0269 46.4211),DAYTON 2,"{345.0, 138.0, 13.8}",3,1.085423,Columbia,Washington
POINT (-121.2086 48.6981),ROCKPORT 1,"{345.0, 138.0, 18.0, 13.8}",6,1.068822,Whatcom,Washington
POINT (-122.4331 48.4481),MOUNT VERNON 4,"{138.0, 18.0}",3,1.088567,Skagit,Washington
POINT (-117.4206 47.6536),SPOKANE 20,{138.0},3,1.090288,Spokane,Washington
POINT (-122.9184 46.1039),LONGVIEW 3,"{138.0, 18.0, 13.8}",3,1.019177,Cowlitz,Washington
POINT (-122.486 48.746),BELLINGHAM 7,"{345.0, 138.0}",5,1.063831,Whatcom,Washington
POINT (-117.3644 47.1558),ROSALIA,"{345.0, 138.0, 20.0}",5,1.068626,Whitman,Washington
POINT (-122.56 48.4708),ANACORTES 2,"{138.0, 13.8, 18.0, 22.0, 345.0}",6,1.079734,Skagit,Washington
POINT (-120.5212 45.7818),GOLDENDALE 3,{138.0},1,1.064013,Klickitat,Washington
POINT (-121.6878 47.4446),KIRKLAND 5,"{1.0, 138.0, 13.8}",4,1.084329,King,Washington
POINT (-121.1317 48.7139),ROCKPORT 2,"{138.0, 13.8}",3,1.077983,Whatcom,Washington
POINT (-119.3339 46.4711),RICHLAND 4,"{345.0, 138.0, 13.8, 765.0}",5,1.077658,Benton,Washington
POINT (-122.3355 45.9628),AMBOY,"{345.0, 138.0, 22.0, 1.0}",4,1.027303,Clark,Washington
POINT (-118.1111 48.6203),KETTLE FALLS 2,"{345.0, 138.0}",3,1.092491,Stevens,Washington
POINT (-120.2355 45.9215),BICKLETON 1,"{138.0, 13.8}",4,1.066701,Klickitat,Washington
POINT (-117.4294 46.6595),POMEROY 1,"{1.0, 138.0, 13.8, 18.0, 20.0, 22.0, 24.0, 345.0, 765.0}",12,1.091067,Whitman,Washington
POINT (-122.365 47.0797),TACOMA 20,{138.0},2,1.066489,Pierce,Washington
POINT (-122.4283 47.2661),TACOMA 21,"{345.0, 138.0, 18.0, 1.0}",4,1.064169,Pierce,Washington
POINT (-122.3196 46.8328),LAKEBAY 2,"{345.0, 138.0}",2,1.049807,Pierce,Washington
POINT (-118.8798 46.2498),BURBANK 2,"{138.0, 13.8, 18.0, 24.0, 345.0, 765.0}",12,1.077749,Walla Walla,Washington
POINT (-122.8598 46.7559),CENTRALIA 2,"{345.0, 138.0, 13.8, 765.0}",6,1.065961,Lewis,Washington
POINT (-122.4247 46.5347),SILVER CREEK 2,"{345.0, 138.0, 18.0, 13.8}",4,1.018506,Lewis,Washington
POINT (-121.7819 47.4193),NORTH BEND 2,"{138.0, 18.0}",2,1.057652,King,Washington
POINT (-117.5372 47.7697),NINE MILE FALLS 2,"{138.0, 22.0}",2,1.069913,Spokane,Washington
POINT (-117.3705 47.7351),SPOKANE 21,"{345.0, 138.0, 13.8}",3,1.068474,Spokane,Washington
POINT (-120.0133 47.8347),WENATCHEE 5,{138.0},1,1.086139,Chelan,Washington
POINT (-118.0273 46.5838),DAYTON 3,"{1.0, 138.0, 13.8, 18.0, 22.0, 345.0, 765.0}",13,1.093012,Columbia,Washington
POINT (-122.2733 48.9905),SUMAS,"{345.0, 138.0, 18.0, 13.8}",5,1.057047,Whatcom,Washington
POINT (-122.4358 48.4558),BURLINGTON 2,"{138.0, 13.2, 13.8, 18.0, 345.0, 765.0}",7,1.072211,Skagit,Washington
POINT (-119.2917 47.5025),COULEE CITY 1,"{345.0, 138.0, 13.8}",4,1.083463,Grant,Washington
POINT (-120.3039 45.9192),BICKLETON 2,"{138.0, 13.8}",2,1.058847,Klickitat,Washington
POINT (-119.9703 46.8731),BEVERLY,"{138.0, 13.2, 13.8, 18.0, 24.0, 345.0, 765.0}",11,1.07149,Kittitas,Washington
POINT (-121.0679 48.7326),ROCKPORT 3,"{138.0, 13.8, 18.0, 22.0, 345.0, 765.0}",7,1.068817,Whatcom,Washington
POINT (-122.6861 48.8288),BLAINE 2,{138.0},1,1.052521,Whatcom,Washington
POINT (-121.7833 47.6992),NORTH BEND 3,"{138.0, 18.0}",4,1.079722,King,Washington
POINT (-122.9131 46.6225),CHEHALIS 2,"{345.0, 138.0, 13.8}",5,1.048427,Lewis,Washington
POINT (-120.7836 45.7442),GOLDENDALE 4,{138.0},1,1.060648,Klickitat,Washington
POINT (-122.2594 46.0594),COUGAR 2,{138.0},3,1.037619,Cowlitz,Washington
POINT (-123.7739 46.9728),ABERDEEN 2,"{138.0, 18.0, 13.8}",4,1.074121,Grays Harbor,Washington
POINT (-118.5397 46.5635),KAHLOTUS,"{138.0, 13.8, 18.0, 24.0, 345.0, 765.0}",9,1.087298,Franklin,Washington
POINT (-121.8414 47.5445),FALL CITY 2,"{138.0, 18.0}",3,1.078255,King,Washington
POINT (-122.5544 45.9567),ARIEL,"{345.0, 138.0, 13.8}",4,1.028557,Clark,Washington
POINT (-120.8339 45.7269),CENTERVILLE 1,"{345.0, 138.0, 20.0}",4,1.043428,Klickitat,Washington
POINT (-117.8217 46.5242),POMEROY 2,"{1.0, 138.0, 13.8, 18.0, 345.0}",5,1.093031,Garfield,Washington
POINT (-121.5694 46.5958),PACKWOOD,{138.0},2,1.066428,Lewis,Washington
POINT (-117.5042 47.6263),SPOKANE 22,"{138.0, 13.8}",2,1.092575,Spokane,Washington
POINT (-117.8361 47.8344),FORD 1,"{345.0, 138.0, 18.0}",4,1.078981,Lincoln,Washington
POINT (-119.0964 46.0958),KENNEWICK 6,"{345.0, 138.0, 13.8, 1.0}",5,1.075655,Benton,Washington
POINT (-120.2065 47.0363),ELLENSBURG 4,"{345.0, 138.0, 13.8, 22.0}",4,1.077996,Kittitas,Washington
POINT (-120.2896 45.8877),BICKLETON 3,"{345.0, 138.0, 13.8}",3,1.055981,Klickitat,Washington
POINT (-123.48 46.9692),ELMA 2,"{138.0, 18.0, 20.0, 22.0, 345.0, 765.0}",6,1.073107,Grays Harbor,Washington
POINT (-117.4183 48.7809),IONE 1,"{138.0, 18.0, 13.8}",5,1.092686,Pend Oreille,Washington
POINT (-122.3102 46.8016),LAKEBAY 3,"{138.0, 18.0}",3,1.052714,Thurston,Washington
POINT (-120.833 45.8114),GOLDENDALE 5,"{1.0, 138.0, 13.8, 20.0, 345.0, 765.0}",7,1.051366,Klickitat,Washington
POINT (-123.2252 47.4181),SHELTON 4,"{24.0, 138.0, 18.0}",4,1.049547,Mason,Washington
POINT (-118.9773 47.9575),GRAND COULEE,"{138.0, 13.8, 18.0, 20.0, 22.0, 345.0, 765.0}",16,1.08518,Okanogan,Washington
POINT (-122.6867 48.8288),FERNDALE 2,"{1.0, 138.0, 13.8, 13.2, 18.0, 24.0, 345.0}",8,1.06408,Whatcom,Washington
POINT (-122.9728 46.1236),LONGVIEW 4,{138.0},2,1.020228,Cowlitz,Washington
POINT (-121.6907 48.649),CONCRETE 2,{138.0},1,1.062405,Whatcom,Washington
POINT (-117.3478 48.9871),METALINE FALLS,"{138.0, 13.8, 18.0, 22.0, 345.0, 765.0}",9,1.084222,Pend Oreille,Washington
POINT (-119.2992 47.6164),COULEE CITY 2,{138.0},1,1.083504,Grant,Washington
POINT (-122.7256 45.6497),VANCOUVER 18,"{345.0, 138.0, 13.8}",3,1.019325,Clark,Washington
POINT (-117.8331 46.4211),DAYTON 4,"{138.0, 18.0, 20.0}",3,1.08625,Columbia,Washington
POINT (-117.9167 47.8217),FORD 2,{138.0},2,1.075478,Lincoln,Washington
POINT (-117.7772 46.3747),DAYTON 5,"{1.0, 138.0, 13.8, 18.0, 345.0}",6,1.089862,Columbia,Washington
POINT (-119.1139 46.3069),PASCO 3,{138.0},1,1.063456,Franklin,Washington
POINT (-118.917 46.06),TOUCHET,"{345.0, 138.0, 13.8}",4,1.083416,Walla Walla,Washington
POINT (-120.3419 45.8155),ROOSEVELT 2,"{345.0, 138.0, 13.8}",3,1.056286,Klickitat,Washington
POINT (-122.9855 46.1388),LONGVIEW 5,"{345.0, 138.0, 18.0, 13.8}",4,1.024031,Cowlitz,Washington
POINT (-119.8653 47.9469),PATEROS,"{138.0, 13.8, 24.0, 345.0, 765.0}",9,1.083031,Chelan,Washington
POINT (-124.3092 43.1141),BANDON,{138.0},1,1.065956,Coos,Oregon
POINT (-124.245 42.7958),PORT ORFORD,{138.0},1,1.06897,Curry,Oregon
POINT (-124.2773 42.5352),GOLD BEACH,{138.0},2,1.071167,Curry,Oregon
POINT (-124.1191 43.5655),NORTH BEND 4,{138.0},1,1.056934,Coos,Oregon
POINT (-124.1252 42.1441),BROOKINGS,{138.0},2,1.061265,Curry,Oregon
POINT (-124.1199 43.2667),COQUILLE,{138.0},2,1.064442,Coos,Oregon
POINT (-124.0933 43.3603),COOS BAY 1,"{345.0, 138.0}",2,1.066479,Coos,Oregon
POINT (-124.1488 43.4329),COOS BAY 2,{138.0},2,1.068305,Coos,Oregon
POINT (-124.0548 44.1582),FLORENCE 1,{138.0},1,1.038586,Lane,Oregon
POINT (-123.9759 44.7568),NEWPORT 2,{138.0},2,1.047424,Lincoln,Oregon
POINT (-123.9121 43.1212),MYRTLE POINT,{138.0},1,1.060496,Coos,Oregon
POINT (-124.0416 44.8721),LINCOLN CITY,{138.0},2,1.045205,Lincoln,Oregon
POINT (-123.9617 46.2056),WARRENTON,{138.0},1,1.02654,Clatsop,Oregon
POINT (-123.8791 44.4494),WALDPORT,{138.0},1,1.048694,Lincoln,Oregon
POINT (-123.883 45.1142),OTIS,{138.0},1,1.041325,Tillamook,Oregon
POINT (-123.9767 44.7009),TOLEDO 1,{138.0},1,1.048505,Lincoln,Oregon
POINT (-123.7872 45.3609),CLOVERDALE 1,{138.0},1,1.032179,Tillamook,Oregon
POINT (-123.8249 43.9044),REEDSPORT,{138.0},2,1.0455,Douglas,Oregon
POINT (-123.914 45.6578),NEHALEM,{138.0},1,1.035785,Tillamook,Oregon
POINT (-123.7279 45.5991),TILLAMOOK,{138.0},2,1.03451,Tillamook,Oregon
POINT (-123.6752 46.2102),ASTORIA,{138.0},1,1.024621,Clatsop,Oregon
POINT (-123.4965 45.9124),SEASIDE 1,{138.0},1,1.023544,Clatsop,Oregon
POINT (-123.5602 42.0675),CAVE JUNCTION,{138.0},3,1.08348,Josephine,Oregon
POINT (-123.5816 45.0801),WILLAMINA,{138.0},1,1.0465,Yamhill,Oregon
POINT (-123.6091 42.627),MERLIN,{138.0},1,1.1,Josephine,Oregon
POINT (-123.4224 43.2085),ROSEBURG 1,{138.0},1,1.056281,Douglas,Oregon
POINT (-123.4355 43.2385),ROSEBURG 2,{138.0},2,1.055421,Douglas,Oregon
POINT (-123.571 43.119),WINSTON,{138.0},1,1.095751,Douglas,Oregon
POINT (-123.5347 44.6094),PHILOMATH,{138.0},3,1.026608,Benton,Oregon
POINT (-123.445 42.8203),RIDDLE,{138.0},3,1.092947,Douglas,Oregon
POINT (-123.3732 45.0786),SHERIDAN 1,{138.0},2,1.052148,Yamhill,Oregon
POINT (-123.3144 42.4166),GRANTS PASS 1,{138.0},2,1.087868,Josephine,Oregon
POINT (-123.449 42.4573),GRANTS PASS 2,{138.0},2,1.091749,Josephine,Oregon
POINT (-123.338 43.9869),VENETA,{138.0},2,1.046788,Lane,Oregon
POINT (-123.451 44.2451),MONROE 3,{138.0},1,1.042633,Lane,Oregon
POINT (-123.2742 44.8767),DALLAS,{138.0},1,1.029956,Polk,Oregon
POINT (-123.3778 44.7378),MONMOUTH,{138.0},2,1.015187,Polk,Oregon
POINT (-123.2971 42.555),GRANTS PASS 3,"{345.0, 138.0}",2,1.072326,Josephine,Oregon
POINT (-123.379 42.5809),GRANTS PASS 4,{138.0},1,1.094107,Josephine,Oregon
POINT (-123.2639 43.5903),DRAIN,{138.0},1,1.052304,Douglas,Oregon
POINT (-123.3837 44.5588),CORVALLIS 1,{138.0},2,1.007537,Benton,Oregon
POINT (-123.2123 45.2669),MCMINNVILLE 1,{138.0},1,1.037125,Yamhill,Oregon
POINT (-123.2186 45.1164),MCMINNVILLE 2,{138.0},1,1.0257,Yamhill,Oregon
POINT (-123.3027 44.2009),JUNCTION CITY,{138.0},1,1.033771,Lane,Oregon
POINT (-123.1882 46.114),CLATSKANIE 1,{138.0},1,1.026245,Columbia,Oregon
POINT (-123.3244 44.7014),CORVALLIS 2,{138.0},1,1.01888,Benton,Oregon
POINT (-123.2459 44.6189),CORVALLIS 3,{138.0},1,1.004718,Benton,Oregon
POINT (-123.2622 43.3399),ROSEBURG 3,"{1.0, 138.0, 20.0}",4,1.067881,Douglas,Oregon
POINT (-123.1838 45.8409),VERNONIA,{138.0},1,1.026016,Columbia,Oregon
POINT (-123.3002 44.086),EUGENE 1,{138.0},1,1.032765,Lane,Oregon
POINT (-123.2197 43.9613),EUGENE 2,"{345.0, 138.0}",2,1.06062,Lane,Oregon
POINT (-123.2781 42.9845),MYRTLE CREEK,{138.0},2,1.093814,Douglas,Oregon
POINT (-123.2452 43.4033),SUTHERLIN,{138.0},1,1.059951,Douglas,Oregon
POINT (-123.2466 45.4803),GASTON,{138.0},1,1.031674,Washington,Oregon
POINT (-123.2478 43.8513),EUGENE 3,{138.0},1,1.044073,Lane,Oregon
POINT (-123.2629 44.0216),EUGENE 4,{138.0},1,1.051456,Lane,Oregon
POINT (-123.0783 45.4992),FOREST GROVE,{138.0},2,1.016519,Washington,Oregon
POINT (-123.1316 44.7405),ALBANY 1,"{345.0, 138.0, 13.8, 1.0}",4,1.01584,Linn,Oregon
POINT (-123.223 42.5653),ROGUE RIVER,{138.0},2,1.092721,Jackson,Oregon
POINT (-123.2346 44.89),INDEPENDENCE,{138.0},1,1.03739,Polk,Oregon
POINT (-123.1562 44.1554),EUGENE 5,{138.0},2,1.036728,Lane,Oregon
POINT (-123.1398 44.1049),EUGENE 6,{138.0},1,1.035821,Lane,Oregon
POINT (-123.1901 45.627),BANKS,{138.0},1,1.020745,Washington,Oregon
POINT (-123.1074 45.0728),SALEM 1,{138.0},1,1.026152,Polk,Oregon
POINT (-123.0217 44.9707),SALEM 2,{138.0},1,1.023676,Marion,Oregon
POINT (-123.133 44.7515),SALEM 3,{138.0},1,1.013479,Linn,Oregon
POINT (-123.0988 44.7599),SALEM 4,{138.0},1,1.015582,Marion,Oregon
POINT (-122.9864 44.1049),EUGENE 7,{138.0},1,1.041882,Lane,Oregon
POINT (-123.1008 44.052),EUGENE 8,{138.0},2,1.038429,Lane,Oregon
POINT (-123.1419 45.2576),DAYTON 6,{138.0},1,1.038692,Yamhill,Oregon
POINT (-123.074 44.8875),SALEM 5,{138.0},1,1.062251,Marion,Oregon
POINT (-123.1587 44.9694),SALEM 6,{138.0},1,1.050901,Polk,Oregon
POINT (-123.0653 42.4264),GOLD HILL,{138.0},2,1.078237,Jackson,Oregon
POINT (-123.0913 44.1243),EUGENE 9,{138.0},1,1.036435,Lane,Oregon
POINT (-123.0834 42.0725),JACKSONVILLE,{138.0},1,1.076569,Jackson,Oregon
POINT (-123.0488 44.2789),HARRISBURG,{138.0},1,1.046899,Linn,Oregon
POINT (-123.1058 44.0002),EUGENE 10,{138.0},2,1.04873,Lane,Oregon
POINT (-123.0033 45.5167),CORNELIUS,{138.0},2,1.019339,Washington,Oregon
POINT (-123.0451 43.8105),CRESWELL,{138.0},1,1.04777,Lane,Oregon
POINT (-123.0525 44.7812),JEFFERSON,{138.0},1,1.012636,Marion,Oregon
POINT (-123.0355 45.0186),SALEM 7,{138.0},1,1.025584,Marion,Oregon
POINT (-123.0621 44.9338),SALEM 8,{138.0},3,1.060178,Marion,Oregon
POINT (-122.9543 45.699),NORTH PLAINS,{138.0},2,1.038068,Washington,Oregon
POINT (-123.0683 44.6932),ALBANY 2,"{24.0, 1.0, 138.0}",4,1.005707,Linn,Oregon
POINT (-123.0339 44.6757),ALBANY 3,{138.0},1,1.006873,Linn,Oregon
POINT (-122.9408 43.2909),GLIDE,{138.0},1,1.072117,Douglas,Oregon
POINT (-122.9581 43.7481),COTTAGE GROVE,{138.0},1,1.045981,Lane,Oregon
POINT (-122.9795 44.1148),SPRINGFIELD 1,"{1.0, 138.0, 13.8}",4,1.041325,Lane,Oregon
POINT (-122.9601 43.9963),SPRINGFIELD 2,{138.0},1,1.049063,Lane,Oregon
POINT (-123.0899 44.9005),SALEM 9,"{345.0, 138.0}",2,1.039884,Marion,Oregon
POINT (-123.0581 44.8689),SALEM 10,{138.0},1,1.055904,Marion,Oregon
POINT (-122.9999 45.3382),NEWBERG 1,{138.0},2,1.039221,Yamhill,Oregon
POINT (-122.9363 45.4173),NEWBERG 2,{138.0},2,1.033435,Washington,Oregon
POINT (-123.0512 46.0529),RAINIER 2,{138.0},1,1.024597,Columbia,Oregon
POINT (-123.0515 45.4409),HILLSBORO 1,{138.0},2,1.020143,Washington,Oregon
POINT (-122.9635 45.355),HILLSBORO 2,{138.0},1,1.044838,Washington,Oregon
POINT (-122.8864 45.8141),SCAPPOOSE,{138.0},1,1.02703,Columbia,Oregon
POINT (-122.9912 45.1923),GERVAIS,{138.0},2,1.038423,Marion,Oregon
POINT (-122.8836 42.358),CENTRAL POINT 1,{138.0},2,1.076382,Jackson,Oregon
POINT (-123.0297 42.3531),CENTRAL POINT 2,{138.0},2,1.070517,Jackson,Oregon
POINT (-122.9718 45.949),SAINT HELENS,{138.0},1,1.023031,Columbia,Oregon
POINT (-122.9379 45.5182),HILLSBORO 3,{138.0},1,1.023059,Washington,Oregon
POINT (-122.9596 45.5012),HILLSBORO 4,"{345.0, 138.0, 13.8, 1.0}",6,1.038396,Washington,Oregon
POINT (-123.0162 44.3853),BROWNSVILLE,{138.0},1,1.04202,Linn,Oregon
POINT (-122.9045 44.7395),TURNER,{138.0},2,1.006571,Linn,Oregon
POINT (-122.9719 45.0701),SALEM 11,{138.0},2,1.027995,Marion,Oregon
POINT (-122.8984 44.9877),SALEM 12,{138.0},1,1.035745,Marion,Oregon
POINT (-122.9077 42.518),WHITE CITY 1,{138.0},1,1.066854,Jackson,Oregon
POINT (-122.9275 44.9415),SALEM 13,{138.0},2,1.037097,Marion,Oregon
POINT (-122.8696 42.3427),MEDFORD 1,"{345.0, 138.0}",2,1.058985,Jackson,Oregon
POINT (-122.9434 42.233),MEDFORD 2,{138.0},1,1.074876,Jackson,Oregon
POINT (-122.9136 45.3594),BEAVERTON 1,"{345.0, 138.0}",2,1.03697,Washington,Oregon
POINT (-122.8372 45.4657),BEAVERTON 2,{138.0},2,1.034925,Washington,Oregon
POINT (-122.8839 45.4213),SHERWOOD,{138.0},2,1.031338,Washington,Oregon
POINT (-122.8003 45.5972),BEAVERTON 3,"{345.0, 138.0}",2,1.026963,Multnomah,Oregon
POINT (-122.8131 45.6164),BEAVERTON 4,{138.0},2,1.034015,Multnomah,Oregon
POINT (-122.8939 44.8785),AUMSVILLE,{138.0},1,1.046127,Marion,Oregon
POINT (-122.8834 44.1256),SPRINGFIELD 3,{138.0},4,1.044666,Lane,Oregon
POINT (-122.7652 44.0649),SPRINGFIELD 4,{138.0},1,1.037489,Lane,Oregon
POINT (-122.8338 43.8388),DEXTER 1,{138.0},2,1.052836,Lane,Oregon
POINT (-122.7338 45.2229),WOODBURN 1,{138.0},4,1.03679,Clackamas,Oregon
POINT (-122.8784 45.1929),WOODBURN 2,{138.0},1,1.033654,Marion,Oregon
POINT (-122.8608 44.5034),LEBANON 1,{138.0},1,1.039678,Linn,Oregon
POINT (-122.9128 44.5094),LEBANON 2,{138.0},2,1.032182,Linn,Oregon
POINT (-122.7347 42.1441),TALENT,{138.0},1,1.052132,Jackson,Oregon
POINT (-122.7217 42.1838),PHOENIX 1,{138.0},1,1.053785,Jackson,Oregon
POINT (-122.8435 45.5639),PORTLAND 1,{138.0},2,1.041171,Washington,Oregon
POINT (-122.8985 45.6271),PORTLAND 2,{138.0},2,1.031524,Multnomah,Oregon
POINT (-122.7529 45.3733),BEAVERTON 5,{138.0},3,1.035573,Washington,Oregon
POINT (-122.8394 45.5193),BEAVERTON 6,{138.0},3,1.040684,Washington,Oregon
POINT (-122.8723 45.5864),BEAVERTON 7,{138.0},1,1.040664,Washington,Oregon
POINT (-122.709 42.276),MEDFORD 3,{138.0},1,1.057099,Jackson,Oregon
POINT (-122.7752 42.4147),MEDFORD 4,{138.0},2,1.058274,Jackson,Oregon
POINT (-122.8856 45.4822),PORTLAND 3,{138.0},4,1.036616,Washington,Oregon
POINT (-122.8231 45.4635),PORTLAND 4,{138.0},2,1.035459,Washington,Oregon
POINT (-122.7634 42.487),SHADY COVE,{138.0},4,1.0616,Jackson,Oregon
POINT (-122.8382 45.1224),HUBBARD,{138.0},3,1.03745,Marion,Oregon
POINT (-122.767 45.4701),PORTLAND 5,"{345.0, 138.0, 13.8, 1.0}",5,1.034569,Washington,Oregon
POINT (-122.8164 45.4294),PORTLAND 6,{138.0},3,1.031029,Washington,Oregon
POINT (-122.7093 45.2759),WILSONVILLE,{138.0},2,1.033294,Clackamas,Oregon
POINT (-122.6884 45.0517),MOUNT ANGEL,{138.0},2,1.043927,Marion,Oregon
POINT (-122.7308 45.5323),PORTLAND 7,{138.0},1,1.039129,Multnomah,Oregon
POINT (-122.7175 45.3646),TUALATIN 1,{138.0},2,1.038524,Clackamas,Oregon
POINT (-122.8569 45.432),TUALATIN 2,{138.0},2,1.031808,Washington,Oregon
POINT (-122.6601 45.5179),PORTLAND 8,{138.0},1,1.044704,Multnomah,Oregon
POINT (-122.7134 45.6011),PORTLAND 9,{138.0},3,1.04534,Multnomah,Oregon
POINT (-122.7413 45.4612),PORTLAND 10,{138.0},1,1.037515,Multnomah,Oregon
POINT (-122.6807 44.3595),SWEET HOME,{138.0},2,1.044195,Linn,Oregon
POINT (-122.781 45.5637),PORTLAND 11,{138.0},1,1.040655,Multnomah,Oregon
POINT (-122.7887 45.397),LAKE OSWEGO 1,{138.0},3,1.034935,Washington,Oregon
POINT (-122.7884 44.702),STAYTON,{138.0},2,1.017249,Linn,Oregon
POINT (-122.746 44.9164),SILVERTON,{138.0},1,1.005846,Marion,Oregon
POINT (-122.7073 45.5781),PORTLAND 12,{138.0},1,1.044396,Multnomah,Oregon
POINT (-122.7834 45.5821),PORTLAND 13,{138.0},1,1.040727,Multnomah,Oregon
POINT (-122.7806 45.4389),PORTLAND 14,{138.0},1,1.0334,Washington,Oregon
POINT (-122.6052 45.4942),PORTLAND 15,"{345.0, 138.0, 765.0}",3,1.034074,Multnomah,Oregon
POINT (-122.7435 45.4157),PORTLAND 16,{138.0},4,1.035458,Clackamas,Oregon
POINT (-122.7245 45.4804),PORTLAND 17,{138.0},3,1.040504,Multnomah,Oregon
POINT (-122.6102 45.3764),LAKE OSWEGO 2,{138.0},1,1.034461,Clackamas,Oregon
POINT (-122.7468 45.4451),WEST LINN 1,{138.0},1,1.035107,Washington,Oregon
POINT (-122.7107 45.4277),WEST LINN 2,{138.0},2,1.033838,Clackamas,Oregon
POINT (-122.737 45.2832),CANBY,{138.0},2,1.032047,Clackamas,Oregon
POINT (-122.6353 42.377),EAGLE POINT,{138.0},1,1.05176,Jackson,Oregon
POINT (-122.696 45.504),PORTLAND 18,{138.0},3,1.041025,Multnomah,Oregon
POINT (-122.6039 45.4669),PORTLAND 19,{138.0},1,1.037138,Multnomah,Oregon
POINT (-122.726 45.4399),PORTLAND 20,{138.0},1,1.03416,Multnomah,Oregon
POINT (-122.6238 45.5869),PORTLAND 21,{138.0},1,1.045583,Multnomah,Oregon
POINT (-122.6263 45.4518),PORTLAND 22,{138.0},1,1.036594,Clackamas,Oregon
POINT (-122.5723 45.5764),PORTLAND 23,{138.0},5,1.049981,Multnomah,Oregon
POINT (-122.722 45.6788),PORTLAND 24,{138.0},1,1.038427,Clark,Washington
POINT (-122.6259 45.3561),PORTLAND 25,{138.0},1,1.033518,Clackamas,Oregon
POINT (-122.6258 45.3694),PORTLAND 26,{138.0},1,1.033868,Clackamas,Oregon
POINT (-122.6195 45.4963),PORTLAND 27,{138.0},1,1.039316,Multnomah,Oregon
POINT (-122.5424 45.3213),PORTLAND 28,{138.0},1,1.03977,Clackamas,Oregon
POINT (-122.5324 45.5749),PORTLAND 29,{138.0},2,1.040211,Multnomah,Oregon
POINT (-122.6295 45.4899),PORTLAND 30,{138.0},1,1.039336,Multnomah,Oregon
POINT (-122.5646 45.6262),PORTLAND 31,{138.0},1,1.043181,Clark,Washington
POINT (-122.6651 45.5726),PORTLAND 32,{138.0},1,1.045303,Multnomah,Oregon
POINT (-122.5773 45.5661),PORTLAND 33,"{345.0, 138.0}",2,1.031481,Multnomah,Oregon
POINT (-122.6459 45.5151),PORTLAND 34,{138.0},1,1.047903,Multnomah,Oregon
POINT (-122.5149 45.2892),GLADSTONE,{138.0},2,1.039896,Clackamas,Oregon
POINT (-122.5842 42.2276),ASHLAND,{138.0},1,1.051728,Jackson,Oregon
POINT (-122.5803 45.5498),PORTLAND 35,{138.0},3,1.050245,Multnomah,Oregon
POINT (-122.5441 45.6494),PORTLAND 36,{138.0},2,1.037981,Clark,Washington
POINT (-122.6018 45.1696),MOLALLA,{138.0},1,1.022559,Clackamas,Oregon
POINT (-122.6477 45.5992),PORTLAND 37,{138.0},2,1.044341,Multnomah,Oregon
POINT (-122.5965 45.5115),PORTLAND 38,{138.0},3,1.041418,Multnomah,Oregon
POINT (-122.5441 45.4499),PORTLAND 39,{138.0},1,1.039444,Clackamas,Oregon
POINT (-122.4855 45.4465),CLACKAMAS,{138.0},3,1.040394,Clackamas,Oregon
POINT (-122.5694 45.2537),OREGON CITY 1,{138.0},1,1.033828,Clackamas,Oregon
POINT (-122.6218 45.3769),OREGON CITY 2,"{345.0, 138.0, 13.8, 1.0}",4,1.033599,Clackamas,Oregon
POINT (-122.6235 45.5198),HAPPY VALLEY 1,{138.0},1,1.043606,Multnomah,Oregon
POINT (-122.5387 45.5405),HAPPY VALLEY 2,{138.0},2,1.042455,Multnomah,Oregon
POINT (-122.5055 45.3912),PORTLAND 40,{138.0},3,1.04104,Clackamas,Oregon
POINT (-122.5252 45.5391),PORTLAND 41,{138.0},1,1.041291,Multnomah,Oregon
POINT (-122.5134 45.4955),PORTLAND 42,{138.0},2,1.040337,Multnomah,Oregon
POINT (-122.5242 45.6203),PORTLAND 43,{138.0},1,1.044254,Clark,Washington
POINT (-122.6 45.5273),PORTLAND 44,{138.0},2,1.045342,Multnomah,Oregon
POINT (-122.476 45.4829),PORTLAND 45,"{345.0, 138.0}",3,1.022246,Multnomah,Oregon
POINT (-122.4669 45.2556),BEAVERCREEK,{138.0},3,1.04164,Clackamas,Oregon
POINT (-122.3508 45.4882),DAMASCUS,{138.0},1,1.028231,Multnomah,Oregon
POINT (-122.4843 45.6415),FAIRVIEW 1,{138.0},2,1.043515,Clark,Washington
POINT (-122.3712 45.5671),GRESHAM 1,{138.0},2,1.039403,Multnomah,Oregon
POINT (-122.4671 45.4673),GRESHAM 2,{138.0},2,1.042787,Multnomah,Oregon
POINT (-122.4471 44.8281),LYONS 1,{138.0},3,1.036203,Marion,Oregon
POINT (-122.4734 45.5013),GRESHAM 3,{138.0},1,1.04286,Multnomah,Oregon
POINT (-122.3997 45.4232),GRESHAM 4,{138.0},1,1.030875,Clackamas,Oregon
POINT (-122.3078 43.713),OAKRIDGE,{138.0},1,1.057369,Lane,Oregon
POINT (-122.2723 45.5688),TROUTDALE,{138.0},1,1.017119,Clark,Washington
POINT (-122.2723 45.5193),BORING,{138.0},1,1.022891,Multnomah,Oregon
POINT (-122.2803 45.2504),ESTACADA 1,{138.0},2,1.04434,Clackamas,Oregon
POINT (-122.1749 45.3824),SANDY 1,{138.0},3,1.046639,Clackamas,Oregon
POINT (-122.148 42.4035),KLAMATH FALLS 1,{138.0},2,1.048061,Klamath,Oregon
POINT (-121.98 44.4473),SISTERS,{138.0},2,1.055078,Linn,Oregon
POINT (-121.628 42.2055),KLAMATH FALLS 2,{138.0},2,1.061406,Klamath,Oregon
POINT (-121.7343 42.0984),KLAMATH FALLS 3,{138.0},2,1.062043,Klamath,Oregon
POINT (-121.6308 43.0194),CHILOQUIN,{138.0},2,1.040785,Klamath,Oregon
POINT (-121.6952 45.4636),MOUNT HOOD PARKDALE,"{1.0, 138.0, 18.0}",4,1.042259,Hood River,Oregon
POINT (-121.5492 45.7223),HOOD RIVER,{138.0},1,1.039502,Hood River,Oregon
POINT (-121.4945 43.886),BEND 1,{138.0},1,1.036826,Deschutes,Oregon
POINT (-121.3711 43.637),LA PINE,{138.0},1,1.03485,Deschutes,Oregon
POINT (-121.5238 42.0133),MALIN,{138.0},1,1.064951,Klamath,Oregon
POINT (-121.3475 42.1897),BONANZA,{138.0},1,1.066899,Klamath,Oregon
POINT (-121.2144 44.8021),WARM SPRINGS,{138.0},1,1.052742,Jefferson,Oregon
POINT (-121.3017 44.0067),BEND 2,{138.0},2,1.04349,Deschutes,Oregon
POINT (-121.1905 44.0749),BEND 3,{138.0},2,1.0405,Deschutes,Oregon
POINT (-121.2565 44.3835),TERREBONNE,{138.0},2,1.055936,Deschutes,Oregon
POINT (-121.1534 44.2071),REDMOND 4,{138.0},2,1.04594,Deschutes,Oregon
POINT (-121.2211 44.2292),REDMOND 5,{138.0},2,1.051601,Deschutes,Oregon
POINT (-121.2674 44.1983),BEND 4,"{345.0, 138.0}",3,1.060193,Deschutes,Oregon
POINT (-121.2282 44.16),BEND 5,{138.0},1,1.043569,Deschutes,Oregon
POINT (-121.1834 45.6311),THE DALLES 1,{138.0},2,1.055248,Klickitat,Washington
POINT (-120.9893 44.5742),MADRAS 1,{138.0},1,1.063887,Jefferson,Oregon
POINT (-120.6611 44.1967),PRINEVILLE,{138.0},2,1.047118,Crook,Oregon
POINT (-120.4491 43.1784),CHRISTMAS VALLEY,{138.0},2,1.058083,Lake,Oregon
POINT (-120.4087 42.2839),LAKEVIEW,{138.0},2,1.063732,Lake,Oregon
POINT (-119.975 45.8281),BOARDMAN 1,{138.0},2,1.068066,Klickitat,Washington
POINT (-119.5855 45.8928),IRRIGON,{138.0},1,1.073579,Morrow,Oregon
POINT (-119.4537 45.3645),HEPPNER,{138.0},2,1.066544,Morrow,Oregon
POINT (-119.4515 45.9145),UMATILLA 1,{138.0},1,1.070069,Morrow,Oregon
POINT (-119.1971 45.7648),HERMISTON 1,{138.0},2,1.064822,Umatilla,Oregon
POINT (-119.2251 45.8201),HERMISTON 2,{138.0},2,1.067643,Umatilla,Oregon
POINT (-118.9902 44.4751),JOHN DAY,{138.0},2,1.074611,Grant,Oregon
POINT (-118.8781 43.6553),BURNS 1,{138.0},4,1.07031,Harney,Oregon
POINT (-118.7835 45.3753),PILOT ROCK,{138.0},1,1.07426,Umatilla,Oregon
POINT (-118.8894 45.657),PENDLETON,{138.0},1,1.067371,Umatilla,Oregon
POINT (-118.2773 45.8727),MILTON FREEWATER 1,{138.0},1,1.1,Umatilla,Oregon
POINT (-118.3291 46.178),WALLA WALLA 1,{138.0},3,1.082555,Walla Walla,Washington
POINT (-118.2964 46.1518),WALLA WALLA 2,"{1.0, 138.0, 13.8, 22.0, 345.0}",8,1.085787,Walla Walla,Washington
POINT (-118.2002 45.3353),LA GRANDE,{138.0},1,1.088944,Union,Oregon
POINT (-117.8459 45.6436),ELGIN,{138.0},1,1.095882,Union,Oregon
POINT (-117.7051 44.8738),BAKER CITY,{138.0},1,1.094097,Baker,Oregon
POINT (-117.683 45.2283),UNION 1,{138.0},1,1.09859,Union,Oregon
POINT (-117.2968 44.1013),VALE 1,{138.0},3,1.086599,Malheur,Oregon
POINT (-117.293 45.6648),ENTERPRISE 1,{138.0},1,1.096348,Wallowa,Oregon
POINT (-117.0318 44.0355),ONTARIO 1,"{345.0, 138.0}",2,1.078266,Malheur,Oregon
POINT (-116.9455 45.4945),JOSEPH,"{1.0, 138.0, 13.8}",4,1.097958,Wallowa,Oregon
POINT (-122.0414 44.286),BLUE RIVER,"{345.0, 138.0, 13.8, 1.0}",5,1.055668,Linn,Oregon
POINT (-120.125 45.7119),ARLINGTON 3,{138.0},1,1.066533,Gilliam,Oregon
POINT (-122.0703 42.0936),KENO,"{345.0, 138.0}",3,1.046932,Klamath,Oregon
POINT (-123.1719 46.1789),CLATSKANIE 2,{138.0},2,1.030555,Columbia,Oregon
POINT (-118.8162 46.0128),HELIX 1,"{345.0, 138.0, 13.8}",3,1.081842,Walla Walla,Washington
POINT (-120.2098 45.6525),ARLINGTON 4,"{138.0, 18.0}",3,1.054517,Gilliam,Oregon
POINT (-119.2988 45.9402),UMATILLA 2,"{1.0, 138.0, 13.8, 18.0, 345.0, 765.0}",11,1.066766,Benton,Washington
POINT (-117.8163 45.0852),UNION 2,"{345.0, 138.0, 20.0}",3,1.097069,Union,Oregon
POINT (-120.5042 45.5836),WASCO 1,"{24.0, 345.0, 138.0, 13.8}",4,1.057845,Sherman,Oregon
POINT (-122.2511 44.7224),LOWELL 1,"{345.0, 138.0}",4,1.049683,Marion,Oregon
POINT (-122.9627 45.2879),NEWBERG 3,"{1.0, 138.0, 13.8}",4,1.034075,Yamhill,Oregon
POINT (-120.6941 45.7164),THE DALLES 2,"{138.0, 13.8, 13.2, 18.0, 345.0, 765.0}",10,1.039189,Klickitat,Washington
POINT (-119.3133 45.794),HERMISTON 3,"{138.0, 13.8, 18.0, 345.0, 765.0}",6,1.066618,Umatilla,Oregon
POINT (-123.4066 46.154),CLATSKANIE 3,{138.0},1,1.028697,Clatsop,Oregon
POINT (-122.4238 43.7107),LOWELL 2,{138.0},1,1.05838,Lane,Oregon
POINT (-120.2794 45.2766),CONDON,"{138.0, 13.8}",2,1.068455,Gilliam,Oregon
POINT (-120.6034 45.6537),WASCO 2,"{345.0, 138.0, 18.0, 13.8}",6,1.055728,Sherman,Oregon
POINT (-121.8144 42.1727),KLAMATH FALLS 4,{138.0},1,1.063485,Klamath,Oregon
POINT (-121.2773 44.6058),MADRAS 2,"{138.0, 13.8, 18.0, 345.0, 765.0}",6,1.080979,Jefferson,Oregon
POINT (-120.5744 45.52),MORO,"{138.0, 18.0}",3,1.062647,Sherman,Oregon
POINT (-122.2439 44.1307),LOWELL 3,"{1.0, 138.0, 13.8}",5,1.051798,Lane,Oregon
POINT (-119.37 45.8042),HERMISTON 4,"{345.0, 138.0, 18.0, 13.8}",6,1.057749,Umatilla,Oregon
POINT (-116.835 44.9716),OXBOW 1,"{345.0, 138.0, 18.0, 1.0}",5,1.091287,Baker,Oregon
POINT (-123.4156 43.0895),DEXTER 2,"{345.0, 138.0}",2,1.077081,Douglas,Oregon
POINT (-119.6739 45.848),BOARDMAN 2,"{138.0, 13.8}",4,1.080047,Morrow,Oregon
POINT (-121.8106 42.1739),KLAMATH FALLS 5,"{1.0, 138.0, 13.8, 18.0, 22.0, 345.0, 765.0}",8,1.065353,Klamath,Oregon
POINT (-122.9555 44.0569),SPRINGFIELD 5,"{1.0, 138.0, 13.8, 13.2, 345.0}",7,1.040832,Lane,Oregon
POINT (-120.3183 45.6758),ARLINGTON 5,"{138.0, 20.0}",2,1.0602,Gilliam,Oregon
POINT (-123.9319 44.6119),TOLEDO 2,"{345.0, 138.0}",2,1.039807,Lincoln,Oregon
POINT (-118.66 45.9362),HELIX 2,{138.0},1,1.085234,Umatilla,Oregon
POINT (-119.9914 45.6533),IONE 2,{138.0},2,1.067391,Morrow,Oregon
POINT (-122.0699 45.122),ESTACADA 2,"{138.0, 13.8}",4,1.036797,Clackamas,Oregon
POINT (-122.7531 43.9153),LOWELL 4,"{138.0, 13.8, 18.0, 24.0, 345.0, 765.0}",9,1.069219,Lane,Oregon
POINT (-120.2008 45.7167),ARLINGTON 6,"{138.0, 13.8}",3,1.061517,Gilliam,Oregon
POINT (-122.28 45.2433),ESTACADA 3,"{345.0, 138.0}",2,1.045347,Clackamas,Oregon
POINT (-116.7008 45.2439),OXBOW 2,"{138.0, 13.2, 18.0, 345.0, 765.0}",6,1.088192,Wallowa,Oregon
POINT (-122.4728 43.2939),IDLEYLD PARK 1,{138.0},1,1.080547,Douglas,Oregon
POINT (-122.4098 43.2669),IDLEYLD PARK 2,"{1.0, 138.0, 13.8}",4,1.081259,Douglas,Oregon
POINT (-118.5914 45.8992),ATHENA,"{138.0, 13.8}",6,1.08746,Umatilla,Oregon
POINT (-122.514 42.7312),PROSPECT,"{138.0, 13.8}",3,1.081279,Jackson,Oregon
POINT (-119.4181 45.7286),ECHO,{138.0},2,1.07427,Umatilla,Oregon
POINT (-120.2598 45.651),ARLINGTON 7,"{345.0, 138.0, 13.8}",4,1.059297,Gilliam,Oregon
POINT (-121.1346 45.614),THE DALLES 3,"{1.0, 138.0, 13.8, 22.0, 24.0, 345.0, 765.0}",12,1.055201,Klickitat,Washington
POINT (-122.85 42.4361),WHITE CITY 2,{138.0},1,1.064366,Jackson,Oregon
POINT (-122.2494 43.3558),IDLEYLD PARK 3,{138.0},1,1.082109,Douglas,Oregon
POINT (-120.48 45.51),WASCO 3,{138.0},3,1.072187,Sherman,Oregon
POINT (-118.591 45.943),MILTON FREEWATER 2,"{1.0, 138.0, 13.8, 22.0, 345.0}",8,1.079323,Umatilla,Oregon
POINT (-123.1739 46.1724),CLATSKANIE 4,"{345.0, 138.0, 765.0}",5,1.033294,Columbia,Oregon
POINT (-122.5494 44.4494),LOWELL 5,"{345.0, 138.0, 13.8, 1.0}",5,1.046043,Linn,Oregon
POINT (-122.6772 42.6717),TRAIL,{138.0},1,1.07569,Jackson,Oregon
POINT (-122.4475 43.2727),IDLEYLD PARK 4,"{345.0, 138.0, 13.8, 13.2}",4,1.064502,Douglas,Oregon
POINT (-120.593 45.571),WASCO 4,"{138.0, 18.0, 13.8}",3,1.025719,Sherman,Oregon
POINT (-121.2314 44.6944),MADRAS 3,{138.0},1,1.064728,Jefferson,Oregon
POINT (-122.0832 45.4817),SANDY 2,"{138.0, 22.0}",2,1.044387,Multnomah,Oregon
POINT (-121.941 45.6441),CASCADE LOCKS,"{138.0, 13.8, 18.0, 24.0, 345.0, 765.0}",9,1.04643,Multnomah,Oregon
POINT (-119.674 45.848),BOARDMAN 3,"{345.0, 138.0, 18.0, 13.8}",4,1.07005,Morrow,Oregon
POINT (-122.4025 43.2806),IDLEYLD PARK 5,"{138.0, 13.8}",2,1.054936,Douglas,Oregon
POINT (-120.1739 45.2881),ARLINGTON 8,"{138.0, 13.8, 18.0, 22.0, 345.0, 765.0}",6,1.058287,Gilliam,Oregon
POINT (-117.4681 44.0231),VALE 2,{138.0},2,1.085972,Malheur,Oregon
POINT (-123.172 46.1789),CLATSKANIE 5,"{1.0, 138.0, 13.8, 18.0, 345.0}",6,1.030525,Columbia,Oregon
POINT (-119.8088 45.6932),BOARDMAN 4,"{345.0, 138.0, 13.8, 765.0}",5,1.067091,Morrow,Oregon
POINT (-124.0936 40.8174),EUREKA 1,{138.0},1,1.077192,Humboldt,California
POINT (-124.2047 40.6101),FORTUNA,{138.0},1,1.058299,Humboldt,California
POINT (-124.2029 40.6799),EUREKA 2,{138.0},2,1.060531,Humboldt,California
POINT (-124.0938 40.8106),ARCATA,{138.0},1,1.077323,Humboldt,California
POINT (-124.1341 41.9152),CRESCENT CITY,"{345.0, 138.0}",3,1.058991,Del Norte,California
POINT (-124.0419 41.0489),MCKINLEYVILLE,{138.0},2,1.076305,Humboldt,California
POINT (-123.7487 40.0947),GARBERVILLE,{138.0},2,1.051676,Humboldt,California
POINT (-123.8025 39.2883),MENDOCINO,{138.0},2,1.058086,Mendocino,California
POINT (-123.6611 39.4902),FORT BRAGG,{138.0},1,1.058129,Mendocino,California
POINT (-123.6957 41.109),HOOPA,{138.0},2,1.080294,Humboldt,California
POINT (-123.5644 39.8453),LAYTONVILLE,{138.0},2,1.051842,Mendocino,California
POINT (-123.4364 39.4429),WILLITS,{138.0},2,1.06191,Mendocino,California
POINT (-123.2096 39.303),REDWOOD VALLEY,{138.0},1,1.062391,Mendocino,California
POINT (-123.219 39.1828),UKIAH 1,"{345.0, 138.0}",3,1.06365,Mendocino,California
POINT (-123.2438 39.195),UKIAH 2,{138.0},1,1.062965,Mendocino,California
POINT (-123.289 40.5066),HAYFORK,{138.0},1,1.042513,Trinity,California
POINT (-123.1431 38.7669),CLOVERDALE 2,{138.0},1,1.066037,Sonoma,California
POINT (-122.9921 41.6286),FORT JONES,{138.0},1,1.074498,Siskiyou,California
POINT (-122.899 39.0165),LAKEPORT,{138.0},1,1.061763,Lake,California
POINT (-122.9529 40.7654),WEAVERVILLE,{138.0},1,1.036292,Trinity,California
POINT (-122.878 39.307),UPPER LAKE,{138.0},1,1.061347,Lake,California
POINT (-122.8283 39.0076),KELSEYVILLE,{138.0},2,1.061825,Lake,California
POINT (-122.5828 41.6573),YREKA,{138.0},2,1.046623,Siskiyou,California
POINT (-122.6205 38.9584),CLEARLAKE,{138.0},1,1.064189,Lake,California
POINT (-122.6356 38.72),HIDDEN VALLEY LAKE,{138.0},1,1.065958,Lake,California
POINT (-122.5058 41.3756),WEED,{138.0},2,1.049538,Siskiyou,California
POINT (-122.4462 40.5117),REDDING 1,{138.0},2,1.042592,Shasta,California
POINT (-122.4095 40.5918),REDDING 2,{138.0},1,1.034991,Shasta,California
POINT (-122.4652 40.36),COTTONWOOD 1,{138.0},1,1.038964,Tehama,California
POINT (-122.4824 40.1428),RED BLUFF 1,{138.0},2,1.034913,Tehama,California
POINT (-122.3695 40.2226),RED BLUFF 2,{138.0},1,1.041611,Tehama,California
POINT (-122.3057 41.2774),MOUNT SHASTA,{138.0},1,1.053151,Siskiyou,California
POINT (-122.3442 41.6615),MONTAGUE,{138.0},2,1.047375,Siskiyou,California
POINT (-122.3978 40.5744),REDDING 3,{138.0},2,1.037433,Shasta,California
POINT (-122.378 40.4646),REDDING 4,{138.0},1,1.042697,Shasta,California
POINT (-122.3553 39.0748),WILLIAMS 1,{138.0},1,1.065688,Colusa,California
POINT (-122.3231 40.5064),ANDERSON 1,{138.0},2,1.043247,Shasta,California
POINT (-122.3655 39.8848),CORNING,{138.0},1,1.036572,Tehama,California
POINT (-122.188 39.5029),WILLOWS,{138.0},1,1.044276,Glenn,California
POINT (-122.1963 39.7027),ORLAND,{138.0},1,1.036586,Glenn,California
POINT (-122.2906 40.6802),REDDING 5,{138.0},1,1.034267,Shasta,California
POINT (-122.2561 40.7133),REDDING 6,{138.0},2,1.035007,Shasta,California
POINT (-122.1127 40.5448),PALO CEDRO,{138.0},1,1.048457,Shasta,California
POINT (-122.0477 40.149),LOS MOLINOS,{138.0},3,1.043673,Tehama,California
POINT (-122.0111 38.6378),ESPARTO,{138.0},1,1.056959,Yolo,California
POINT (-122.0686 39.1751),COLUSA,{138.0},2,1.067253,Colusa,California
POINT (-121.9206 40.5596),SHINGLETOWN,{138.0},1,1.059219,Shasta,California
POINT (-121.7763 38.7303),WOODLAND 2,{138.0},1,1.058726,Yolo,California
POINT (-121.7904 38.7013),WOODLAND 3,{138.0},2,1.059042,Yolo,California
POINT (-121.9393 39.7204),CHICO 1,"{345.0, 138.0}",2,1.063256,Butte,California
POINT (-121.7794 39.6838),CHICO 2,{138.0},1,1.053706,Butte,California
POINT (-121.8464 39.7163),CHICO 3,{138.0},1,1.052886,Butte,California
POINT (-121.9257 39.6884),CHICO 4,{138.0},2,1.055559,Butte,California
POINT (-121.8762 39.8312),CHICO 5,{138.0},1,1.048357,Butte,California
POINT (-121.7775 39.8048),CHICO 6,{138.0},2,1.042217,Butte,California
POINT (-121.6993 38.5482),DAVIS 1,{138.0},1,1.059872,Yolo,California
POINT (-121.7232 38.4852),DAVIS 2,{138.0},2,1.057819,Solano,California
POINT (-121.7001 39.2733),LIVE OAK,{138.0},2,1.059591,Sutter,California
POINT (-121.7589 39.3856),GRIDLEY,{138.0},1,1.058107,Butte,California
POINT (-121.7354 38.1281),RIO VISTA 1,{138.0},2,1.071439,Solano,California
POINT (-121.7095 38.7175),WOODLAND 4,{138.0},1,1.060344,Yolo,California
POINT (-121.6862 39.0517),YUBA CITY 1,{138.0},1,1.06161,Sutter,California
POINT (-121.6205 39.1727),YUBA CITY 2,{138.0},3,1.063327,Sutter,California
POINT (-121.6868 39.7733),PARADISE 1,{138.0},2,1.043042,Butte,California
POINT (-121.7181 39.8079),PARADISE 2,{138.0},1,1.044217,Butte,California
POINT (-121.6596 39.0471),YUBA CITY 3,{138.0},3,1.061167,Sutter,California
POINT (-121.5073 38.925),YUBA CITY 4,{138.0},4,1.046924,Sutter,California
POINT (-121.5332 38.6493),WEST SACRAMENTO 1,{138.0},1,1.053001,Sacramento,California
POINT (-121.6212 38.6259),WEST SACRAMENTO 2,{138.0},2,1.056248,Yolo,California
POINT (-121.566 39.8217),MAGALIA,{138.0},2,1.054655,Butte,California
POINT (-121.4829 39.5586),OROVILLE 2,{138.0},1,1.058807,Butte,California
POINT (-121.5151 38.9624),OLIVEHURST,{138.0},3,1.049741,Sutter,California
POINT (-121.4974 38.6493),WEST SACRAMENTO 3,{138.0},2,1.05285,Sacramento,California
POINT (-121.4548 38.5421),SACRAMENTO 1,{138.0},1,1.061689,Sacramento,California
POINT (-121.513 38.458),SACRAMENTO 2,{138.0},1,1.062882,Yolo,California
POINT (-121.4759 38.6956),SACRAMENTO 3,{138.0},2,1.063939,Sacramento,California
POINT (-121.5311 38.6277),SACRAMENTO 4,{138.0},1,1.061002,Sacramento,California
POINT (-121.5718 38.631),SACRAMENTO 5,{138.0},1,1.053695,Yolo,California
POINT (-121.5111 38.6091),SACRAMENTO 6,"{345.0, 138.0}",2,1.064969,Sacramento,California
POINT (-121.5215 38.6866),SACRAMENTO 7,{138.0},1,1.057755,Sacramento,California
POINT (-121.4585 38.6526),SACRAMENTO 8,{138.0},1,1.068157,Sacramento,California
POINT (-121.4905 38.4104),SACRAMENTO 9,"{1.0, 138.0, 22.0}",4,1.060946,Sacramento,California
POINT (-121.4361 39.2297),MARYSVILLE 5,{138.0},1,1.05566,Yuba,California
POINT (-121.458 39.1681),MARYSVILLE 6,{138.0},2,1.053848,Yuba,California
POINT (-121.5239 38.5553),SACRAMENTO 10,{138.0},1,1.060834,Yolo,California
POINT (-121.4472 38.5004),SACRAMENTO 11,{138.0},1,1.062507,Sacramento,California
POINT (-121.5461 38.6069),SACRAMENTO 12,{138.0},1,1.06027,Sacramento,California
POINT (-121.4451 38.7621),RIO LINDA,{138.0},1,1.05447,Placer,California
POINT (-121.4242 38.6408),SACRAMENTO 13,{138.0},2,1.0649,Sacramento,California
POINT (-121.5316 38.5717),SACRAMENTO 14,{138.0},2,1.059878,Yolo,California
POINT (-121.5205 38.6195),SACRAMENTO 15,{138.0},2,1.062316,Sacramento,California
POINT (-121.4143 38.6796),SACRAMENTO 16,{138.0},1,1.05142,Sacramento,California
POINT (-121.4501 38.3981),ELK GROVE 1,{138.0},2,1.061738,Sacramento,California
POINT (-121.4328 38.4722),ELK GROVE 2,{138.0},2,1.061017,Sacramento,California
POINT (-121.4347 38.5663),SACRAMENTO 17,{138.0},1,1.063465,Sacramento,California
POINT (-121.5301 38.5097),SACRAMENTO 18,{138.0},2,1.060649,Sacramento,California
POINT (-121.5345 38.3814),SACRAMENTO 19,{138.0},1,1.059112,Yolo,California
POINT (-121.4448 38.4098),SACRAMENTO 20,{138.0},1,1.061924,Sacramento,California
POINT (-121.3584 38.5227),SACRAMENTO 21,{138.0},3,1.058311,Sacramento,California
POINT (-121.4184 41.6785),TULELAKE,{138.0},2,1.055182,Modoc,California
POINT (-121.4297 38.5183),SACRAMENTO 22,{138.0},3,1.063248,Sacramento,California
POINT (-121.5165 38.433),ELK GROVE 3,{138.0},2,1.061551,Sacramento,California
POINT (-121.4596 38.4065),ELK GROVE 4,{138.0},2,1.062489,Sacramento,California
POINT (-121.4903 39.4196),OROVILLE 3,{138.0},3,1.063715,Butte,California
POINT (-121.4817 39.4888),OROVILLE 4,{138.0},2,1.061045,Butte,California
POINT (-121.4751 38.5985),SACRAMENTO 23,{138.0},1,1.066374,Sacramento,California
POINT (-121.4343 38.5884),SACRAMENTO 24,{138.0},1,1.063138,Sacramento,California
POINT (-121.3401 38.5847),SACRAMENTO 25,{138.0},1,1.04963,Sacramento,California
POINT (-121.3399 38.5386),SACRAMENTO 26,{138.0},1,1.059776,Sacramento,California
POINT (-121.4407 38.7003),SACRAMENTO 27,{138.0},1,1.052486,Sacramento,California
POINT (-121.4522 38.7165),SACRAMENTO 28,{138.0},1,1.054565,Sacramento,California
POINT (-121.4657 38.633),NORTH HIGHLANDS 1,{138.0},1,1.070955,Sacramento,California
POINT (-121.4543 38.6829),NORTH HIGHLANDS 2,{138.0},2,1.067308,Sacramento,California
POINT (-121.4754 38.5359),SACRAMENTO 29,{138.0},1,1.062801,Sacramento,California
POINT (-121.2807 38.6248),SACRAMENTO 30,{138.0},1,1.047673,Sacramento,California
POINT (-121.3483 38.5879),SACRAMENTO 31,{138.0},1,1.049823,Sacramento,California
POINT (-121.2745 38.7911),ROSEVILLE 1,{138.0},1,1.046534,Placer,California
POINT (-121.3384 38.851),ROSEVILLE 2,{138.0},1,1.046904,Placer,California
POINT (-121.3431 38.6452),ANTELOPE 1,{138.0},1,1.057483,Sacramento,California
POINT (-121.3736 38.6998),ANTELOPE 2,{138.0},1,1.051625,Sacramento,California
POINT (-121.4393 38.7417),SACRAMENTO 32,"{1.0, 138.0, 18.0}",4,1.053991,Placer,California
POINT (-121.4144 38.6239),SACRAMENTO 33,{138.0},2,1.063674,Sacramento,California
POINT (-121.2253 38.5373),CARMICHAEL 1,{138.0},3,1.047906,Sacramento,California
POINT (-121.2915 38.5893),CARMICHAEL 2,{138.0},2,1.048848,Sacramento,California
POINT (-121.3844 38.5109),SACRAMENTO 34,{138.0},1,1.060976,Sacramento,California
POINT (-121.4041 38.5709),SACRAMENTO 35,{138.0},2,1.063477,Sacramento,California
POINT (-121.3747 38.3528),ELK GROVE 5,{138.0},1,1.060887,Sacramento,California
POINT (-121.2566 38.5049),ELK GROVE 6,{138.0},2,1.047651,Sacramento,California
POINT (-121.3499 38.9214),LINCOLN 1,{138.0},2,1.066116,Placer,California
POINT (-121.3765 38.9162),LINCOLN 2,{138.0},1,1.064799,Placer,California
POINT (-121.3207 38.619),CITRUS HEIGHTS 1,{138.0},1,1.048091,Sacramento,California
POINT (-121.2363 38.6678),CITRUS HEIGHTS 2,{138.0},1,1.05214,Sacramento,California
POINT (-121.2625 38.7239),ROSEVILLE 3,{138.0},2,1.074573,Placer,California
POINT (-121.3197 38.7651),ROSEVILLE 4,{138.0},1,1.051165,Placer,California
POINT (-121.2281 38.6256),RANCHO CORDOVA 1,{138.0},2,1.047906,Sacramento,California
POINT (-121.2866 38.5264),RANCHO CORDOVA 2,{138.0},1,1.051144,Sacramento,California
POINT (-121.2056 38.8736),ROCKLIN 1,{138.0},1,1.055422,Placer,California
POINT (-121.2026 38.8181),ROCKLIN 2,{138.0},2,1.054489,Placer,California
POINT (-121.2122 38.616),CITRUS HEIGHTS 3,{138.0},2,1.047386,Sacramento,California
POINT (-121.184 38.5994),CITRUS HEIGHTS 4,{138.0},1,1.04716,Sacramento,California
POINT (-121.2119 38.2631),GALT 1,{138.0},2,1.063461,Sacramento,California
POINT (-121.3022 38.2636),GALT 2,"{1.0, 138.0, 18.0}",6,1.069057,Sacramento,California
POINT (-121.2934 38.7437),FAIR OAKS 1,{138.0},1,1.07679,Placer,California
POINT (-121.2548 38.6945),FAIR OAKS 2,{138.0},2,1.052608,Sacramento,California
POINT (-121.2222 38.6755),ROSEVILLE 5,{138.0},1,1.052616,Sacramento,California
POINT (-121.3116 38.6793),ROSEVILLE 6,{138.0},1,1.050543,Sacramento,California
POINT (-121.3238 38.8044),ROCKLIN 3,{138.0},3,1.054715,Placer,California
POINT (-121.2376 38.7272),ORANGEVALE,{138.0},1,1.069167,Placer,California
POINT (-121.1227 38.4956),WILTON,{138.0},1,1.048741,Sacramento,California
POINT (-121.1438 39.3091),PENN VALLEY,{138.0},1,1.059586,Nevada,California
POINT (-121.1026 38.629),RANCHO CORDOVA 3,{138.0},1,1.052328,Sacramento,California
POINT (-121.28 38.7531),GRANITE BAY,{138.0},1,1.07901,Placer,California
POINT (-121.0847 38.828),LOOMIS,{138.0},2,1.055791,El Dorado,California
POINT (-121.1904 38.5952),FOLSOM 1,"{345.0, 138.0, 13.2, 1.0}",5,1.047671,Sacramento,California
POINT (-121.1881 38.6938),FOLSOM 2,{138.0},1,1.057671,Sacramento,California
POINT (-121.0413 39.1504),GRASS VALLEY 1,{138.0},2,1.05303,Nevada,California
POINT (-121.0602 38.9542),AUBURN 7,{138.0},1,1.052745,Placer,California
POINT (-121.0519 39.014),AUBURN 8,{138.0},1,1.052551,Nevada,California
POINT (-120.9843 38.6882),EL DORADO HILLS 1,{138.0},1,1.053216,El Dorado,California
POINT (-121.0095 38.7059),EL DORADO HILLS 2,{138.0},1,1.053976,El Dorado,California
POINT (-120.9467 40.3077),WESTWOOD,{138.0},2,1.074962,Lassen,California
POINT (-120.9728 39.2233),GRASS VALLEY 2,{138.0},1,1.051643,Nevada,California
POINT (-120.979 38.5932),SHINGLE SPRINGS 1,{138.0},2,1.052815,El Dorado,California
POINT (-120.9515 38.6252),SHINGLE SPRINGS 2,{138.0},1,1.054051,El Dorado,California
POINT (-120.9138 39.2704),NEVADA CITY,{138.0},1,1.051965,Nevada,California
POINT (-120.9327 40.0203),QUINCY 2,{138.0},2,1.077921,Plumas,California
POINT (-120.8807 39.0332),COLFAX 2,{138.0},1,1.057222,Placer,California
POINT (-120.8748 38.9589),FORESTHILL 1,{138.0},1,1.05998,Placer,California
POINT (-120.8201 38.8271),PLACERVILLE 1,{138.0},1,1.068726,El Dorado,California
POINT (-120.7677 38.6378),PLACERVILLE 2,{138.0},2,1.074565,El Dorado,California
POINT (-120.5961 40.5989),SUSANVILLE,{138.0},2,1.067898,Lassen,California
POINT (-120.5829 41.5381),ALTURAS,{138.0},1,1.068966,Modoc,California
POINT (-120.4449 38.7657),POLLOCK PINES 1,{138.0},1,1.07032,El Dorado,California
POINT (-120.5751 40.3717),JANESVILLE,{138.0},2,1.071213,Lassen,California
POINT (-120.3969 39.9166),PORTOLA,"{1.0, 138.0, 13.8}",4,1.077225,Plumas,California
POINT (-120.1879 39.2883),TRUCKEE,{138.0},1,1.049643,Placer,California
POINT (-119.9314 38.8533),SOUTH LAKE TAHOE 1,{138.0},1,1.06756,El Dorado,California
POINT (-119.9598 38.8675),SOUTH LAKE TAHOE 2,{138.0},2,1.067188,El Dorado,California
POINT (-120.3245 38.9827),POLLOCK PINES 2,"{345.0, 138.0, 13.8, 1.0}",5,1.070424,El Dorado,California
POINT (-121.3933 38.6527),MCCLELLAN,"{345.0, 138.0}",3,1.065227,Sacramento,California
POINT (-121.8036 40.8981),BURNEY 1,"{345.0, 138.0, 20.0}",3,1.03683,Shasta,California
POINT (-121.2494 40.0074),BELDEN,"{138.0, 13.8}",2,1.035728,Plumas,California
POINT (-122.27 39.3661),MAXWELL,"{138.0, 13.8, 18.0, 22.0, 24.0, 345.0, 765.0}",8,1.063496,Colusa,California
POINT (-122.7195 38.752),MIDDLETOWN 1,{138.0},1,1.072719,Sonoma,California
POINT (-122.7677 38.8348),COBB,"{138.0, 13.8}",3,1.069335,Lake,California
POINT (-120.7874 38.7653),CAMINO,"{1.0, 138.0, 13.8, 13.2, 22.0, 345.0, 765.0}",8,1.061275,El Dorado,California
POINT (-121.9752 40.9923),MONTGOMERY CREEK 1,"{138.0, 13.2, 20.0, 345.0, 765.0}",7,1.064176,Shasta,California
POINT (-121.7481 40.9974),BURNEY 2,{138.0},1,1.055255,Shasta,California
POINT (-121.3452 39.9052),STRAWBERRY VALLEY 1,"{1.0, 138.0, 13.8, 18.0, 345.0}",6,1.043223,Plumas,California
POINT (-121.4097 39.8259),STRAWBERRY VALLEY 2,{138.0},1,1.066019,Butte,California
POINT (-121.6961 39.0529),YUBA CITY 5,"{138.0, 18.0}",4,1.063988,Sutter,California
POINT (-120.5371 38.8288),POLLOCK PINES 3,"{345.0, 138.0, 13.8, 1.0}",4,1.067381,El Dorado,California
POINT (-121.3811 38.7928),ROSEVILLE 7,"{345.0, 138.0, 13.8, 1.0}",4,1.05775,Placer,California
POINT (-121.0985 38.8899),AUBURN 9,"{138.0, 20.0, 13.8}",4,1.058527,Placer,California
POINT (-120.4443 38.8643),POLLOCK PINES 4,{138.0},1,1.07054,El Dorado,California
POINT (-122.2792 40.4283),ANDERSON 2,"{138.0, 13.8}",3,1.024381,Shasta,California
POINT (-122.7626 40.7973),REDDING 7,"{345.0, 138.0}",2,1.031687,Trinity,California
POINT (-121.8494 40.9864),BIG BEND 1,{138.0},2,1.054387,Shasta,California
POINT (-121.4624 38.4457),ELK GROVE 7,"{345.0, 138.0}",2,1.065768,Sacramento,California
POINT (-121.3277 39.9106),STRAWBERRY VALLEY 3,{138.0},1,1.065036,Plumas,California
POINT (-120.2648 40.3683),WENDEL,"{138.0, 18.0}",3,1.07161,Lassen,California
POINT (-121.85 38.12),RIO VISTA 2,"{345.0, 138.0, 13.8}",4,1.068329,Solano,California
POINT (-121.9908 40.8475),MONTGOMERY CREEK 2,"{138.0, 13.8, 18.0, 20.0, 345.0}",7,1.040453,Shasta,California
POINT (-121.2704 39.239),BROWNS VALLEY,{138.0},2,1.062181,Yuba,California
POINT (-121.1494 40.086),MEADOW VALLEY 1,"{345.0, 138.0, 18.0, 13.8}",5,1.046124,Plumas,California
POINT (-121.4698 39.7229),STRAWBERRY VALLEY 4,"{345.0, 138.0}",3,1.063882,Butte,California
POINT (-121.2041 39.5538),FORBESTOWN 1,"{138.0, 18.0, 13.8}",3,1.073988,Butte,California
POINT (-121.1482 40.0855),MEADOW VALLEY 2,{138.0},2,1.068504,Plumas,California
POINT (-122.4223 40.7175),REDDING 8,"{138.0, 13.8, 24.0, 345.0, 765.0}",9,1.062407,Shasta,California
POINT (-121.1584 38.7067),FOLSOM 3,"{345.0, 138.0, 13.8, 1.0}",4,1.062922,Sacramento,California
POINT (-121.7371 38.6905),WOODLAND 5,"{345.0, 138.0, 22.0, 1.0}",5,1.063945,Yolo,California
POINT (-120.3783 38.8965),POLLOCK PINES 5,"{1.0, 138.0, 13.8}",5,1.059309,El Dorado,California
POINT (-120.767 39.2574),ALTA 1,"{345.0, 138.0, 20.0, 1.0}",5,1.067294,Placer,California
POINT (-122.3581 41.9757),HORNBROOK,"{345.0, 138.0}",3,1.04742,Siskiyou,California
POINT (-120.5964 39.0248),FORESTHILL 2,"{345.0, 138.0, 18.0, 1.0}",5,1.068285,Placer,California
POINT (-121.6959 39.0531),YUBA CITY 6,"{1.0, 138.0, 13.8, 345.0, 765.0}",9,1.065258,Sutter,California
POINT (-124.1949 40.8054),SAMOA,{138.0},2,1.081856,Humboldt,California
POINT (-120.8352 39.2184),DUTCH FLAT,"{138.0, 13.8}",2,1.05081,Nevada,California
POINT (-121.4922 39.543),OROVILLE 5,"{138.0, 13.8, 18.0, 345.0, 765.0}",10,1.055919,Butte,California
POINT (-122.7117 38.7492),MIDDLETOWN 2,"{138.0, 18.0, 13.8}",4,1.05881,Sonoma,California
POINT (-122.7219 38.7881),MIDDLETOWN 3,{138.0},2,1.070383,Lake,California
POINT (-121.6397 39.1365),YUBA CITY 7,"{345.0, 138.0}",2,1.065975,Sutter,California
POINT (-120.7251 39.001),FORESTHILL 3,{138.0},1,1.066743,Placer,California
POINT (-121.6093 39.1093),YUBA CITY 8,"{138.0, 18.0}",4,1.063866,Sutter,California
POINT (-121.6387 39.1392),YUBA CITY 9,"{138.0, 13.8}",3,1.065049,Sutter,California
POINT (-122.4464 40.6119),REDDING 9,{138.0},1,1.038752,Shasta,California
POINT (-122.7434 38.7879),MIDDLETOWN 4,{138.0},2,1.07224,Lake,California
POINT (-121.124 38.3385),HERALD,"{138.0, 13.8, 18.0, 22.0, 345.0, 765.0}",6,1.052573,Sacramento,California
POINT (-121.6398 39.1367),YUBA CITY 10,{138.0},1,1.064211,Sutter,California
POINT (-121.1907 40.1757),MEADOW VALLEY 3,{138.0},1,1.07124,Plumas,California
POINT (-122.7559 38.7903),MIDDLETOWN 5,"{138.0, 13.8}",2,1.079643,Sonoma,California
POINT (-121.7203 40.8797),BURNEY 3,{138.0},1,1.055769,Shasta,California
POINT (-122.4675 40.6281),REDDING 10,"{345.0, 138.0, 13.8}",4,1.039891,Shasta,California
POINT (-122.627 40.6469),REDDING 11,"{24.0, 345.0, 138.0, 13.8}",4,1.005953,Shasta,California
POINT (-122.745 38.777),MIDDLETOWN 6,"{138.0, 13.8, 18.0, 345.0, 765.0}",10,1.071664,Sonoma,California
POINT (-121.9929 40.9226),MONTGOMERY CREEK 3,{138.0},2,1.05617,Shasta,California
POINT (-120.9092 39.9412),QUINCY 3,{138.0},1,1.087943,Plumas,California
POINT (-122.4233 40.5073),REDDING 12,"{1.0, 138.0, 13.8, 18.0, 345.0}",7,1.023205,Shasta,California
POINT (-120.8909 39.1779),COLFAX 3,"{1.0, 138.0, 13.8}",4,1.063854,Nevada,California
POINT (-121.4001 38.5309),SACRAMENTO 36,"{1.0, 138.0, 13.8, 345.0, 765.0}",6,1.065107,Sacramento,California
POINT (-121.3097 38.9032),LINCOLN 3,"{138.0, 18.0, 13.8}",5,1.056675,Placer,California
POINT (-121.6301 39.5149),OROVILLE 6,{138.0},1,1.06009,Butte,California
POINT (-121.2788 39.551),FORBESTOWN 2,"{138.0, 13.8}",3,1.067225,Butte,California
POINT (-121.4735 38.511),SACRAMENTO 37,{138.0},2,1.065373,Sacramento,California
POINT (-121.4982 40.9908),BURNEY 4,"{345.0, 138.0}",3,1.045006,Shasta,California
POINT (-122.2014 40.1519),RED BLUFF 3,{138.0},2,1.042662,Tehama,California
POINT (-124.2103 40.7415),EUREKA 3,"{345.0, 138.0, 765.0}",4,1.083236,Humboldt,California
POINT (-120.7674 39.2569),ALTA 2,{138.0},1,1.065046,Placer,California
POINT (-121.9776 40.9862),BIG BEND 2,"{138.0, 13.8}",4,1.056665,Shasta,California
POINT (-120.5318 38.834),POLLOCK PINES 6,"{138.0, 13.8, 22.0}",3,1.078364,El Dorado,California
POINT (-121.1917 39.3308),DOBBINS,"{345.0, 138.0, 18.0, 13.8}",4,1.064448,Yuba,California
POINT (-123.0034 38.5535),GUERNEVILLE,{138.0},2,1.065606,Sonoma,California
POINT (-122.8906 38.6934),HEALDSBURG,{138.0},2,1.068533,Sonoma,California
POINT (-122.8702 38.4176),SEBASTOPOL 1,{138.0},2,1.060935,Sonoma,California
POINT (-122.8229 38.4122),SEBASTOPOL 2,{138.0},2,1.060012,Sonoma,California
POINT (-122.8145 38.5002),WINDSOR 1,{138.0},3,1.0578,Sonoma,California
POINT (-122.7599 38.5379),WINDSOR 2,{138.0},2,1.060522,Sonoma,California
POINT (-122.8444 38.5442),SANTA ROSA 1,{138.0},1,1.060374,Sonoma,California
POINT (-122.7844 38.4465),SANTA ROSA 2,{138.0},2,1.05675,Sonoma,California
POINT (-122.6899 38.1578),PETALUMA 1,{138.0},2,1.057085,Marin,California
POINT (-122.7481 38.2311),PETALUMA 2,"{345.0, 138.0, 13.8, 1.0}",4,1.066284,Sonoma,California
POINT (-122.6663 38.4866),SANTA ROSA 3,{138.0},4,1.055953,Sonoma,California
POINT (-122.8115 38.4234),SANTA ROSA 4,"{345.0, 138.0, 18.0, 1.0}",4,1.060133,Sonoma,California
POINT (-122.6461 38.405),SANTA ROSA 5,{138.0},1,1.052386,Sonoma,California
POINT (-122.782 38.4325),SANTA ROSA 6,{138.0},1,1.056749,Sonoma,California
POINT (-122.6904 38.3053),ROHNERT PARK 1,{138.0},2,1.050384,Sonoma,California
POINT (-122.7869 38.2513),ROHNERT PARK 2,{138.0},1,1.066426,Sonoma,California
POINT (-122.5978 38.486),SANTA ROSA 7,"{345.0, 138.0, 18.0, 1.0}",5,1.060288,Sonoma,California
POINT (-122.7476 38.4599),SANTA ROSA 8,{138.0},1,1.055569,Sonoma,California
POINT (-122.6172 38.4553),SANTA ROSA 9,{138.0},2,1.055118,Sonoma,California
POINT (-122.6589 38.1225),NOVATO 1,{138.0},1,1.054743,Marin,California
POINT (-122.59 37.8646),FAIRFAX,{138.0},1,1.083496,Marin,California
POINT (-122.6884 38.6502),CALISTOGA,{138.0},2,1.071385,Sonoma,California
POINT (-122.5231 38.4833),SANTA ROSA 10,{138.0},2,1.054926,Napa,California
POINT (-122.5663 38.5647),SANTA ROSA 11,{138.0},1,1.069671,Napa,California
POINT (-122.502 38.0033),SAN ANSELMO,{138.0},1,1.068557,Marin,California
POINT (-122.5592 37.9206),MILL VALLEY 1,{138.0},1,1.068167,Marin,California
POINT (-122.4805 37.8044),MILL VALLEY 2,{138.0},3,1.065144,San Francisco,California
POINT (-122.6186 37.8825),GREENBRAE,{138.0},1,1.075377,Marin,California
POINT (-122.6156 38.2822),PETALUMA 3,{138.0},2,1.050379,Sonoma,California
POINT (-122.6104 38.1733),PETALUMA 4,{138.0},3,1.055795,Marin,California
POINT (-122.5808 38.12),SAN RAFAEL 1,{138.0},1,1.05596,Marin,California
POINT (-122.5664 38.0002),SAN RAFAEL 2,{138.0},1,1.067205,Marin,California
POINT (-122.478 37.8399),SAUSALITO,{138.0},2,1.065588,Marin,California
POINT (-122.4843 38.0754),NOVATO 2,{138.0},2,1.065807,Marin,California
POINT (-122.5896 38.0612),NOVATO 3,{138.0},2,1.058191,Marin,California
POINT (-122.5811 37.9087),CORTE MADERA,{138.0},1,1.07006,Marin,California
POINT (-122.4962 38.0173),SAN RAFAEL 3,{138.0},1,1.067703,Marin,California
POINT (-122.5883 37.9802),SAN RAFAEL 4,{138.0},1,1.065318,Marin,California
POINT (-122.4366 37.8532),SAN FRANCISCO 1,{138.0},1,1.066343,Marin,California
POINT (-122.4977 37.6898),SAN FRANCISCO 2,{138.0},1,1.076768,San Mateo,California
POINT (-122.4004 38.3427),GLEN ELLEN,{138.0},1,1.062998,Napa,California
POINT (-122.5079 37.7356),SAN FRANCISCO 3,{138.0},2,1.070124,San Francisco,California
POINT (-122.4159 37.8008),SAN FRANCISCO 4,{138.0},2,1.068876,San Francisco,California
POINT (-122.4991 37.6954),SAN FRANCISCO 5,{138.0},2,1.075624,San Mateo,California
POINT (-122.5588 37.8485),SAN FRANCISCO 6,"{345.0, 138.0}",2,1.071571,Marin,California
POINT (-122.5065 37.7873),SAN FRANCISCO 7,{138.0},3,1.065162,San Francisco,California
POINT (-122.4424 37.7096),SAN FRANCISCO 8,{138.0},1,1.06054,San Francisco,California
POINT (-122.4213 37.7199),DALY CITY 1,{138.0},1,1.05809,San Francisco,California
POINT (-122.4102 37.6082),DALY CITY 2,{138.0},1,1.069547,San Mateo,California
POINT (-122.4495 37.6987),PACIFICA 1,{138.0},4,1.064508,San Mateo,California
POINT (-122.516 37.5646),PACIFICA 2,{138.0},1,1.071006,San Mateo,California
POINT (-122.5054 38.2561),SONOMA 1,{138.0},1,1.069977,Sonoma,California
POINT (-122.3978 38.1977),SONOMA 2,{138.0},1,1.07484,Sonoma,California
POINT (-122.3707 37.962),BELVEDERE TIBURON,{138.0},1,1.060572,Contra Costa,California
POINT (-122.418 37.7408),SAN FRANCISCO 9,{138.0},1,1.055293,San Francisco,California
POINT (-122.4291 37.7077),SAN FRANCISCO 10,{138.0},1,1.064544,San Mateo,California
POINT (-122.4278 37.6691),SAN FRANCISCO 11,{138.0},1,1.067247,San Mateo,California
POINT (-122.5071 37.7665),SAN FRANCISCO 12,"{345.0, 138.0, 13.8, 1.0}",5,1.069105,San Francisco,California
POINT (-122.4046 37.8096),SAN FRANCISCO 13,{138.0},1,1.071459,San Francisco,California
POINT (-122.4067 37.7849),DALY CITY 3,{138.0},1,1.051555,San Francisco,California
POINT (-122.4789 37.6662),DALY CITY 4,"{345.0, 138.0}",2,1.061402,San Mateo,California
POINT (-122.4457 37.7925),SAN FRANCISCO 14,{138.0},4,1.065748,San Francisco,California
POINT (-122.3766 37.7395),SAN FRANCISCO 15,{138.0},1,1.078943,San Francisco,California
POINT (-122.449 37.6783),SAN FRANCISCO 16,{138.0},1,1.06736,San Mateo,California
POINT (-122.5386 37.831),SAN FRANCISCO 17,{138.0},1,1.066397,Marin,California
POINT (-122.4548 37.8917),SAN FRANCISCO 18,{138.0},3,1.063527,Marin,California
POINT (-122.4466 37.877),SAN FRANCISCO 19,{138.0},1,1.065672,Marin,California
POINT (-122.3716 37.8201),SAN FRANCISCO 20,"{24.0, 345.0, 138.0, 1.0}",4,1.078153,San Francisco,California
POINT (-122.3685 37.8121),SAN FRANCISCO 21,{138.0},2,1.069807,San Francisco,California
POINT (-122.3913 37.6979),SAN BRUNO 1,{138.0},1,1.06813,San Mateo,California
POINT (-122.3747 37.6591),SAN BRUNO 2,{138.0},2,1.066451,San Mateo,California
POINT (-122.31 37.8726),SAN FRANCISCO 22,{138.0},1,1.055555,Alameda,California
POINT (-122.361 37.7171),SAN FRANCISCO 23,{138.0},2,1.073484,San Francisco,California
POINT (-122.422 37.5661),SOUTH SAN FRANCISCO 1,"{345.0, 138.0, 13.8, 1.0}",4,1.065012,San Mateo,California
POINT (-122.4983 37.6081),SOUTH SAN FRANCISCO 2,{138.0},2,1.072801,San Mateo,California
POINT (-122.339 38.5819),SAINT HELENA,{138.0},2,1.066176,Napa,California
POINT (-122.3175 37.7853),SAN FRANCISCO 24,{138.0},1,1.050888,Alameda,California
POINT (-122.4956 37.6679),SAN FRANCISCO 25,{138.0},2,1.073284,San Mateo,California
POINT (-122.395 37.7072),SAN FRANCISCO 26,{138.0},1,1.07241,San Mateo,California
POINT (-122.4209 37.5305),HALF MOON BAY,{138.0},1,1.058847,San Mateo,California
POINT (-122.5063 37.8768),SAN FRANCISCO 27,{138.0},1,1.059916,Marin,California
POINT (-122.4188 37.6224),MILLBRAE,{138.0},1,1.071585,San Mateo,California
POINT (-122.2431 37.753),SAN FRANCISCO 28,{138.0},1,1.056857,Alameda,California
POINT (-122.3839 37.7824),SAN FRANCISCO 29,{138.0},1,1.050854,San Francisco,California
POINT (-122.4045 37.9307),RICHMOND 1,{138.0},3,1.06481,Contra Costa,California
POINT (-122.3011 37.8688),RICHMOND 2,{138.0},2,1.055672,Alameda,California
POINT (-122.4606 37.5991),BURLINGAME 1,{138.0},2,1.06787,San Mateo,California
POINT (-122.3789 37.6337),BURLINGAME 2,{138.0},2,1.063111,San Mateo,California
POINT (-122.4221 37.4816),SAN MATEO 1,{138.0},2,1.057404,San Mateo,California
POINT (-122.2631 37.8753),RICHMOND 3,"{345.0, 138.0, 13.8, 1.0}",5,1.054762,Alameda,California
POINT (-122.3102 37.8828),RICHMOND 4,{138.0},1,1.053644,Alameda,California
POINT (-122.4994 38.0316),SAN PABLO 1,"{345.0, 138.0}",2,1.064385,Marin,California
POINT (-122.2525 38.0283),SAN PABLO 2,{138.0},3,1.0606,Contra Costa,California
POINT (-122.2791 38.0273),RICHMOND 5,{138.0},5,1.060567,Contra Costa,California
POINT (-122.3865 37.6415),SAN MATEO 2,{138.0},1,1.064248,San Mateo,California
POINT (-122.37 38.2609),NAPA 1,{138.0},1,1.072617,Napa,California
POINT (-122.2712 38.1933),NAPA 2,{138.0},1,1.068178,Napa,California
POINT (-122.1448 37.5829),SAN MATEO 3,{138.0},1,1.073737,Alameda,California
POINT (-122.2328 37.5506),SAN MATEO 4,{138.0},1,1.053013,San Mateo,California
POINT (-122.377 37.7418),OAKLAND 1,"{345.0, 138.0}",2,1.064578,San Francisco,California
POINT (-122.2957 37.54),BELMONT,{138.0},2,1.048921,San Mateo,California
POINT (-122.3037 37.9356),EL CERRITO,{138.0},2,1.05273,Contra Costa,California
POINT (-122.219 37.4127),REDWOOD CITY 1,{138.0},1,1.045658,San Mateo,California
POINT (-122.2068 37.4168),REDWOOD CITY 2,{138.0},1,1.04641,San Mateo,California
POINT (-122.2181 37.9305),ALBANY 4,{138.0},1,1.058595,Contra Costa,California
POINT (-122.2467 37.8575),EMERYVILLE,{138.0},1,1.051924,Alameda,California
POINT (-122.3478 37.9578),BERKELEY 1,{138.0},1,1.058362,Contra Costa,California
POINT (-122.1902 38.0016),EL SOBRANTE 1,{138.0},1,1.057017,Contra Costa,California
POINT (-122.2803 37.9755),PINOLE,{138.0},2,1.057545,Contra Costa,California
POINT (-122.3317 37.9852),BERKELEY 2,{138.0},1,1.058504,Contra Costa,California
POINT (-122.2069 37.7312),ALAMEDA 1,{138.0},1,1.061188,Alameda,California
POINT (-122.1953 37.72),ALAMEDA 2,{138.0},1,1.060628,Alameda,California
POINT (-122.2634 37.9047),BERKELEY 3,{138.0},1,1.060209,Contra Costa,California
POINT (-122.2091 37.5298),SAN CARLOS 1,{138.0},2,1.049368,San Mateo,California
POINT (-122.3092 37.4286),SAN CARLOS 2,{138.0},2,1.046098,San Mateo,California
POINT (-122.3172 37.5426),SAN MATEO 5,{138.0},2,1.049038,San Mateo,California
POINT (-122.2788 38.2484),AMERICAN CANYON,{138.0},1,1.063933,Napa,California
POINT (-122.2542 37.9341),OAKLAND 2,{138.0},2,1.057586,Contra Costa,California
POINT (-122.1801 38.0198),HERCULES,{138.0},2,1.059237,Contra Costa,California
POINT (-122.166 37.8098),BERKELEY 4,{138.0},1,1.058356,Alameda,California
POINT (-122.1767 38.1063),VALLEJO 1,{138.0},1,1.060964,Solano,California
POINT (-122.2044 38.1207),VALLEJO 2,{138.0},2,1.06129,Solano,California
POINT (-122.2646 37.4904),REDWOOD CITY 3,{138.0},1,1.044737,San Mateo,California
POINT (-122.1612 37.663),ALAMEDA 3,{138.0},2,1.071509,Alameda,California
POINT (-122.25 37.8867),OAKLAND 3,{138.0},1,1.060079,Alameda,California
POINT (-122.2323 37.7954),OAKLAND 4,{138.0},1,1.053878,Alameda,California
POINT (-122.1427 37.7329),OAKLAND 5,{138.0},1,1.061331,Alameda,California
POINT (-122.2341 37.717),OAKLAND 6,{138.0},1,1.061209,Alameda,California
POINT (-122.2808 38.3965),NAPA 3,"{345.0, 138.0}",2,1.063238,Napa,California
POINT (-122.1566 38.3932),NAPA 4,{138.0},1,1.058836,Napa,California
POINT (-122.2773 37.9036),BERKELEY 5,{138.0},1,1.061076,Contra Costa,California
POINT (-122.2007 37.8367),OAKLAND 7,{138.0},3,1.05523,Alameda,California
POINT (-122.1257 37.5549),REDWOOD CITY 4,{138.0},4,1.073367,Alameda,California
POINT (-122.2239 37.5399),REDWOOD CITY 5,"{345.0, 138.0}",3,1.047644,San Mateo,California
POINT (-122.2667 38.1076),VALLEJO 3,{138.0},2,1.06459,Solano,California
POINT (-122.2827 38.1089),VALLEJO 4,{138.0},1,1.064853,Solano,California
POINT (-122.2818 37.7901),OAKLAND 8,{138.0},1,1.054111,Alameda,California
POINT (-122.2262 37.7355),OAKLAND 9,{138.0},1,1.058253,Alameda,California
POINT (-122.3046 37.7863),OAKLAND 10,{138.0},4,1.05271,Alameda,California
POINT (-122.1078 37.7318),OAKLAND 11,{138.0},1,1.061526,Alameda,California
POINT (-122.1187 37.8128),OAKLAND 12,{138.0},2,1.073054,Contra Costa,California
POINT (-122.2109 37.8315),OAKLAND 13,{138.0},2,1.054593,Alameda,California
POINT (-122.1318 37.8579),OAKLAND 14,{138.0},3,1.062515,Contra Costa,California
POINT (-122.1505 38.1827),VALLEJO 5,{138.0},1,1.061677,Solano,California
POINT (-122.1788 38.2092),VALLEJO 6,"{345.0, 138.0}",2,1.066034,Solano,California
POINT (-122.1406 37.5908),REDWOOD CITY 6,{138.0},2,1.074549,Alameda,California
POINT (-122.1852 37.5157),REDWOOD CITY 7,{138.0},2,1.04811,San Mateo,California
POINT (-122.2424 37.8711),ORINDA,{138.0},1,1.052137,Alameda,California
POINT (-122.081 37.7408),OAKLAND 15,{138.0},1,1.059265,Alameda,California
POINT (-122.2035 37.6974),OAKLAND 16,"{345.0, 138.0}",2,1.065376,Alameda,California
POINT (-122.093 37.41),MENLO PARK 1,{138.0},1,1.049192,Santa Clara,California
POINT (-122.2717 37.5458),MENLO PARK 2,{138.0},1,1.049609,San Mateo,California
POINT (-122.1757 37.3226),STANFORD 1,{138.0},2,1.043037,Santa Clara,California
POINT (-122.1755 37.7133),SAN LEANDRO 1,{138.0},2,1.060186,Alameda,California
POINT (-122.2098 37.6983),SAN LEANDRO 2,{138.0},1,1.064632,Alameda,California
POINT (-122.2219 37.7188),SAN LEANDRO 3,{138.0},1,1.06028,Alameda,California
POINT (-122.1324 37.8448),OAKLAND 17,{138.0},1,1.064298,Contra Costa,California
POINT (-122.2047 37.3536),PALO ALTO 1,{138.0},2,1.042848,San Mateo,California
POINT (-122.1118 37.1513),BOULDER CREEK,{138.0},1,1.052643,Santa Cruz,California
POINT (-122.1127 37.329),LOS ALTOS 1,"{345.0, 138.0}",2,1.051468,Santa Clara,California
POINT (-122.0655 38.0655),MARTINEZ 1,{138.0},2,1.066335,Solano,California
POINT (-122.0736 37.9634),MARTINEZ 2,{138.0},2,1.060558,Contra Costa,California
POINT (-122.2188 38.0706),BENICIA 1,{138.0},2,1.063606,Solano,California
POINT (-122.128 38.0003),BENICIA 2,{138.0},1,1.061204,Contra Costa,California
POINT (-122.0399 38.3445),FAIRFIELD 1,{138.0},2,1.061179,Solano,California
POINT (-122.1643 38.2467),FAIRFIELD 2,{138.0},1,1.064273,Solano,California
POINT (-122.1086 37.7728),SAN LORENZO 1,{138.0},1,1.065411,Alameda,California
POINT (-122.0508 37.6284),SAN LORENZO 2,{138.0},1,1.071739,Alameda,California
POINT (-122.2097 37.8605),OAKLAND 18,{138.0},3,1.052259,Contra Costa,California
POINT (-122.1295 37.369),PALO ALTO 2,{138.0},1,1.047715,Santa Clara,California
POINT (-122.1031 37.6521),HAYWARD 1,{138.0},1,1.071664,Alameda,California
POINT (-122.2063 37.5143),HAYWARD 2,{138.0},2,1.047996,San Mateo,California
POINT (-122.1176 37.7789),SAN LEANDRO 4,{138.0},1,1.063852,Alameda,California
POINT (-122.124 37.7417),SAN LEANDRO 5,{138.0},1,1.062382,Alameda,California
POINT (-122.132 37.0109),SANTA CRUZ 1,"{345.0, 138.0, 13.8, 1.0}",4,1.062175,Santa Cruz,California
POINT (-122.1729 37.0447),SANTA CRUZ 2,{138.0},2,1.063596,Santa Cruz,California
POINT (-122.1476 37.4838),PALO ALTO 3,{138.0},1,1.049096,San Mateo,California
POINT (-122.0679 37.4902),PALO ALTO 4,{138.0},2,1.069694,Alameda,California
POINT (-122.1416 37.7767),MORAGA,{138.0},1,1.068445,Alameda,California
POINT (-122.0649 37.847),LAFAYETTE 1,{138.0},1,1.063349,Contra Costa,California
POINT (-122.0524 37.4542),FREMONT 1,{138.0},3,1.055756,Santa Clara,California
POINT (-122.0964 37.5197),FREMONT 2,{138.0},2,1.073468,Alameda,California
POINT (-122.0186 37.2923),LOS ALTOS 2,{138.0},1,1.052355,Santa Clara,California
POINT (-122.1098 37.3674),MOUNTAIN VIEW 1,{138.0},1,1.048297,Santa Clara,California
POINT (-122.137 37.3101),MOUNTAIN VIEW 2,{138.0},1,1.044311,Santa Clara,California
POINT (-122.1456 37.6978),HAYWARD 3,{138.0},1,1.06427,Alameda,California
POINT (-122.0146 37.6649),HAYWARD 4,{138.0},1,1.058602,Alameda,California
POINT (-122.0556 37.4055),CUPERTINO 1,{138.0},3,1.051851,Santa Clara,California
POINT (-122.1499 37.2992),CUPERTINO 2,{138.0},1,1.043435,Santa Clara,California
POINT (-122.0316 38.528),WINTERS,{138.0},2,1.056378,Yolo,California
POINT (-122.0318 37.7857),CASTRO VALLEY 1,{138.0},1,1.054925,Alameda,California
POINT (-122.0994 37.7542),CASTRO VALLEY 2,"{345.0, 138.0, 13.8, 1.0}",4,1.061573,Alameda,California
POINT (-121.9781 37.9213),PLEASANT HILL 1,{138.0},1,1.059706,Contra Costa,California
POINT (-122.0423 38.0147),PLEASANT HILL 2,{138.0},1,1.066383,Contra Costa,California
POINT (-122.1527 37.3979),MOUNTAIN VIEW 3,{138.0},1,1.047568,Santa Clara,California
POINT (-122.1008 37.8727),WALNUT CREEK 1,{138.0},1,1.062621,Contra Costa,California
POINT (-122.1049 37.4528),MOUNTAIN VIEW 4,{138.0},1,1.052757,Santa Clara,California
POINT (-122.0385 37.4199),MOUNTAIN VIEW 5,{138.0},1,1.056412,Santa Clara,California
POINT (-122.1338 37.8134),WALNUT CREEK 2,{138.0},1,1.068166,Contra Costa,California
POINT (-122.1275 37.0632),SANTA CRUZ 3,{138.0},2,1.058692,Santa Cruz,California
POINT (-122.0893 37.5495),HAYWARD 5,"{345.0, 138.0}",2,1.070115,Alameda,California
POINT (-122.0854 37.6188),HAYWARD 6,{138.0},2,1.074087,Alameda,California
POINT (-121.9871 37.2793),SARATOGA 1,{138.0},2,1.054441,Santa Clara,California
POINT (-122.0763 37.2943),SARATOGA 2,{138.0},2,1.049016,Santa Clara,California
POINT (-122.131 37.9864),CONCORD 1,{138.0},4,1.060682,Contra Costa,California
POINT (-122.1039 37.9138),CONCORD 2,{138.0},1,1.060578,Contra Costa,California
POINT (-122.132 37.9384),WALNUT CREEK 3,{138.0},2,1.058995,Contra Costa,California
POINT (-122.0808 37.5855),HAYWARD 7,{138.0},1,1.077534,Alameda,California
POINT (-122.0104 37.3503),SUNNYVALE 1,{138.0},2,1.063283,Santa Clara,California
POINT (-122.0726 37.3078),SUNNYVALE 2,{138.0},2,1.048488,Santa Clara,California
POINT (-122.0693 37.5209),NEWARK 1,{138.0},1,1.072379,Alameda,California
POINT (-122.1061 37.5547),NEWARK 2,{138.0},2,1.074115,Alameda,California
POINT (-121.9401 37.2778),SUNNYVALE 3,{138.0},2,1.055077,Santa Clara,California
POINT (-121.9362 37.3989),SUNNYVALE 4,{138.0},1,1.084184,Santa Clara,California
POINT (-121.9604 38.3834),VACAVILLE 1,{138.0},2,1.063083,Solano,California
POINT (-121.9604 38.4075),VACAVILLE 2,{138.0},1,1.063014,Solano,California
POINT (-121.9491 37.8997),CONCORD 3,{138.0},1,1.061097,Contra Costa,California
POINT (-122.0558 37.9783),CONCORD 4,{138.0},2,1.061189,Contra Costa,California
POINT (-122.0421 37.7722),CASTRO VALLEY 3,{138.0},1,1.054576,Alameda,California
POINT (-121.9735 37.857),ALAMO 1,{138.0},1,1.058787,Contra Costa,California
POINT (-121.9416 37.6356),UNION CITY 1,"{345.0, 138.0}",2,1.065245,Alameda,California
POINT (-121.9232 37.6733),UNION CITY 2,{138.0},1,1.065252,Alameda,California
POINT (-122.0451 37.2937),SUNNYVALE 5,{138.0},3,1.051164,Santa Clara,California
POINT (-121.9166 37.4587),SUNNYVALE 6,{138.0},1,1.068908,Santa Clara,California
POINT (-121.942 37.0795),SCOTTS VALLEY,{138.0},2,1.093568,Santa Cruz,California
POINT (-122.0834 37.8908),CONCORD 5,"{345.0, 138.0}",3,1.063974,Contra Costa,California
POINT (-121.9703 38.3463),FAIRFIELD 3,"{345.0, 138.0}",3,1.065371,Solano,California
POINT (-122.0234 38.1946),FAIRFIELD 4,"{345.0, 138.0}",2,1.067774,Solano,California
POINT (-121.9703 37.3912),SAN JOSE 1,{138.0},1,1.064271,Santa Clara,California
POINT (-121.9875 37.3199),SAN JOSE 2,{138.0},1,1.057498,Santa Clara,California
POINT (-121.9614 37.8256),WALNUT CREEK 4,{138.0},2,1.057436,Contra Costa,California
POINT (-121.9923 37.7918),DANVILLE 1,{138.0},2,1.057001,Contra Costa,California
POINT (-121.9074 37.8366),DANVILLE 2,{138.0},1,1.061728,Contra Costa,California
POINT (-122.0537 36.9777),SANTA CRUZ 4,{138.0},1,1.075401,Santa Cruz,California
POINT (-121.858 36.9251),SANTA CRUZ 5,"{345.0, 138.0}",3,1.066972,Santa Cruz,California
POINT (-122.0853 37.1906),SAN JOSE 3,{138.0},3,1.049991,Santa Cruz,California
POINT (-122.0521 37.1191),LOS GATOS 1,{138.0},1,1.054769,Santa Cruz,California
POINT (-122.0127 37.4371),SANTA CLARA 1,"{345.0, 138.0, 13.8, 1.0}",4,1.06136,Santa Clara,California
POINT (-121.9967 37.2799),SANTA CLARA 2,"{345.0, 138.0, 13.8, 1.0}",4,1.054269,Santa Clara,California
POINT (-121.977 37.1069),SANTA CRUZ 6,{138.0},2,1.081672,Santa Cruz,California
POINT (-121.8923 37.2282),LOS GATOS 2,{138.0},1,1.065178,Santa Clara,California
POINT (-122.0158 37.5271),FREMONT 3,{138.0},2,1.072672,Alameda,California
POINT (-121.945 37.5664),FREMONT 4,{138.0},1,1.067585,Alameda,California
POINT (-121.9372 37.7209),SAN RAMON 1,{138.0},1,1.06413,Alameda,California
POINT (-122.0281 37.7542),SAN RAMON 2,{138.0},2,1.055462,Alameda,California
POINT (-122.0087 37.3768),SANTA CLARA 3,{138.0},4,1.063288,Santa Clara,California
POINT (-121.9475 37.4224),FREMONT 5,{138.0},3,1.085627,Santa Clara,California
POINT (-121.9781 37.4457),FREMONT 6,{138.0},1,1.067196,Santa Clara,California
POINT (-122.0317 37.2977),SAN JOSE 4,{138.0},1,1.05279,Santa Clara,California
POINT (-121.868 37.2308),SAN JOSE 5,{138.0},1,1.075357,Santa Clara,California
POINT (-121.9145 37.9498),CONCORD 6,{138.0},1,1.066006,Contra Costa,California
POINT (-121.9034 37.9843),CONCORD 7,{138.0},1,1.068253,Contra Costa,California
POINT (-122.0134 37.2439),CAMPBELL 1,{138.0},2,1.053475,Santa Clara,California
POINT (-121.9368 37.1935),CAMPBELL 2,{138.0},1,1.069912,Santa Clara,California
POINT (-121.8318 36.8856),CAPITOLA,{138.0},1,1.076826,Santa Cruz,California
POINT (-122.0414 37.4433),SANTA CLARA 4,{138.0},1,1.058249,Santa Clara,California
POINT (-121.9746 37.4186),SANTA CLARA 5,{138.0},2,1.074903,Santa Clara,California
POINT (-121.9291 37.4173),SAN JOSE 6,{138.0},3,1.084202,Santa Clara,California
POINT (-121.8479 37.2312),SAN JOSE 7,{138.0},2,1.075355,Santa Clara,California
POINT (-121.8483 37.1329),SOQUEL,{138.0},2,1.076667,Santa Clara,California
POINT (-121.8626 38.1925),SUISUN CITY 1,{138.0},1,1.071632,Solano,California
POINT (-122.0169 38.1674),SUISUN CITY 2,{138.0},2,1.070067,Solano,California
POINT (-121.9974 37.1548),LOS GATOS 3,{138.0},1,1.068552,Santa Clara,California
POINT (-122.0177 37.1432),LOS GATOS 4,{138.0},3,1.069878,Santa Cruz,California
POINT (-121.9207 37.2088),SAN JOSE 8,{138.0},3,1.076875,Santa Clara,California
POINT (-122.02 37.1585),SAN JOSE 9,"{345.0, 138.0, 22.0, 1.0}",4,1.073139,Santa Cruz,California
POINT (-121.9671 38.2959),VACAVILLE 3,{138.0},1,1.064015,Solano,California
POINT (-122.0176 38.2348),VACAVILLE 4,{138.0},3,1.066013,Solano,California
POINT (-121.9958 37.4224),SAN JOSE 10,{138.0},2,1.085047,Santa Clara,California
POINT (-121.9989 37.3871),SAN JOSE 11,{138.0},1,1.063731,Santa Clara,California
POINT (-121.9721 37.7239),SAN RAMON 3,{138.0},1,1.064013,Alameda,California
POINT (-121.9914 37.8552),SAN RAMON 4,{138.0},1,1.058097,Contra Costa,California
POINT (-121.9466 37.7592),DUBLIN 1,{138.0},1,1.063646,Contra Costa,California
POINT (-121.9736 37.6337),DUBLIN 2,{138.0},2,1.068632,Alameda,California
POINT (-121.9338 37.7255),DANVILLE 3,"{345.0, 138.0}",2,1.063246,Contra Costa,California
POINT (-121.8416 37.4532),FREMONT 7,{138.0},1,1.063141,Santa Clara,California
POINT (-121.9018 37.5121),FREMONT 8,{138.0},2,1.065962,Alameda,California
POINT (-121.9946 37.3183),SAN JOSE 12,{138.0},1,1.056442,Santa Clara,California
POINT (-121.8772 38.0335),PITTSBURG 1,{138.0},1,1.072655,Contra Costa,California
POINT (-121.8182 38.0778),PITTSBURG 2,{138.0},1,1.067721,Solano,California
POINT (-121.9108 38.1064),PITTSBURG 3,{138.0},2,1.068876,Solano,California
POINT (-121.9067 37.3319),SAN JOSE 13,{138.0},1,1.058003,Santa Clara,California
POINT (-121.9066 37.4076),SAN JOSE 14,"{1.0, 138.0, 18.0}",5,1.075285,Santa Clara,California
POINT (-121.8997 37.3045),SAN JOSE 15,{138.0},2,1.0581,Santa Clara,California
POINT (-121.9222 37.385),SAN JOSE 16,{138.0},1,1.062145,Santa Clara,California
POINT (-121.845 37.3275),SAN JOSE 17,{138.0},1,1.05895,Santa Clara,California
POINT (-121.8766 37.2357),SAN JOSE 18,{138.0},1,1.075517,Santa Clara,California
POINT (-121.8298 37.3207),SAN JOSE 19,{138.0},1,1.058843,Santa Clara,California
POINT (-121.8628 37.3318),SAN JOSE 20,"{345.0, 138.0}",2,1.061991,Santa Clara,California
POINT (-121.8195 36.9995),APTOS,{138.0},1,1.078402,Santa Cruz,California
POINT (-121.9739 37.895),CLAYTON,{138.0},1,1.059498,Contra Costa,California
POINT (-121.8211 37.4732),MILPITAS 1,{138.0},3,1.063556,Santa Clara,California
POINT (-121.8761 37.5054),MILPITAS 2,{138.0},3,1.064543,Alameda,California
POINT (-121.7698 37.4182),SAN JOSE 21,"{24.0, 1.0, 138.0}",4,1.064105,Santa Clara,California
POINT (-121.8571 37.7035),PLEASANTON 1,{138.0},2,1.063554,Alameda,California
POINT (-121.7539 37.4215),SAN JOSE 22,{138.0},2,1.063933,Santa Clara,California
POINT (-121.8399 37.3773),SAN JOSE 23,{138.0},3,1.069324,Santa Clara,California
POINT (-121.9018 37.1801),SAN JOSE 24,{138.0},1,1.083528,Santa Clara,California
POINT (-121.8316 37.1855),SAN JOSE 25,{138.0},2,1.079518,Santa Clara,California
POINT (-121.8768 37.6998),PLEASANTON 2,{138.0},1,1.066274,Alameda,California
POINT (-121.9342 37.6989),PLEASANTON 3,{138.0},2,1.06344,Alameda,California
POINT (-121.8102 37.2801),SAN JOSE 26,{138.0},2,1.062552,Santa Clara,California
POINT (-121.8195 37.2832),SAN JOSE 27,{138.0},2,1.065589,Santa Clara,California
POINT (-121.8541 37.3869),SAN JOSE 28,"{345.0, 138.0}",2,1.066066,Santa Clara,California
POINT (-121.9208 37.4096),SAN JOSE 29,{138.0},1,1.081672,Santa Clara,California
POINT (-121.7368 37.1742),SAN JOSE 30,{138.0},1,1.071568,Santa Clara,California
POINT (-121.9098 37.179),SAN JOSE 31,"{345.0, 138.0}",2,1.066483,Santa Clara,California
POINT (-121.8322 37.3111),SAN JOSE 32,{138.0},1,1.059713,Santa Clara,California
POINT (-121.7733 37.253),SAN JOSE 33,{138.0},2,1.066114,Santa Clara,California
POINT (-121.768 37.9766),ANTIOCH 1,{138.0},3,1.064167,Contra Costa,California
POINT (-121.8613 37.9565),ANTIOCH 2,{138.0},1,1.066264,Contra Costa,California
POINT (-121.8736 37.2704),SAN JOSE 34,{138.0},2,1.066971,Santa Clara,California
POINT (-121.887 37.2643),SAN JOSE 35,{138.0},2,1.06664,Santa Clara,California
POINT (-121.8569 37.4011),SAN JOSE 36,{138.0},2,1.063382,Santa Clara,California
POINT (-121.7956 37.3244),SAN JOSE 37,{138.0},1,1.059322,Santa Clara,California
POINT (-121.8485 37.2767),SAN JOSE 38,{138.0},1,1.0681,Santa Clara,California
POINT (-121.6839 37.3916),SAN JOSE 39,{138.0},3,1.064806,Santa Clara,California
POINT (-121.8658 37.2854),SAN JOSE 40,{138.0},2,1.068835,Santa Clara,California
POINT (-121.7916 37.8887),ANTIOCH 3,{138.0},4,1.059981,Contra Costa,California
POINT (-121.7111 38.0059),ANTIOCH 4,{138.0},1,1.06749,Contra Costa,California
POINT (-121.7676 38.434),DIXON,{138.0},1,1.055606,Solano,California
POINT (-121.7561 37.6779),LIVERMORE 1,{138.0},1,1.062772,Alameda,California
POINT (-121.6612 37.7978),LIVERMORE 2,{138.0},1,1.074838,Contra Costa,California
POINT (-121.7481 37.3443),SAN JOSE 41,{138.0},1,1.060282,Santa Clara,California
POINT (-121.8291 37.4054),SAN JOSE 42,{138.0},1,1.066612,Santa Clara,California
POINT (-121.7755 37.3181),SAN JOSE 43,{138.0},1,1.059022,Santa Clara,California
POINT (-121.5945 38.0142),OAKLEY 1,{138.0},1,1.06409,Contra Costa,California
POINT (-121.6812 37.9558),OAKLEY 2,{138.0},2,1.066797,Contra Costa,California
POINT (-121.7624 37.3079),SAN JOSE 44,{138.0},2,1.058689,Santa Clara,California
POINT (-121.684 38.6302),DAVIS 3,{138.0},1,1.058182,Yolo,California
POINT (-121.6515 38.5805),DAVIS 4,{138.0},1,1.059556,Yolo,California
POINT (-121.7326 37.9848),BRENTWOOD 1,{138.0},2,1.065566,Contra Costa,California
POINT (-121.6208 37.907),BRENTWOOD 2,{138.0},1,1.063185,Contra Costa,California
POINT (-121.6247 37.8092),TRACY 1,{138.0},1,1.076657,Contra Costa,California
POINT (-121.6406 37.0315),SAN MARTIN,{138.0},2,1.07054,Santa Clara,California
POINT (-121.5718 37.2472),MORGAN HILL 1,{138.0},2,1.064099,Santa Clara,California
POINT (-121.6868 37.2718),MORGAN HILL 2,{138.0},1,1.064416,Santa Clara,California
POINT (-121.5971 37.9058),DISCOVERY BAY,{138.0},1,1.063402,Contra Costa,California
POINT (-121.4948 37.4626),LIVERMORE 3,{138.0},1,1.063732,Santa Clara,California
POINT (-121.4853 37.5535),LIVERMORE 4,{138.0},1,1.067771,San Joaquin,California
POINT (-121.5277 37.0895),GILROY 1,{138.0},1,1.06824,Santa Clara,California
POINT (-121.5248 37.0264),GILROY 2,{138.0},1,1.068953,Santa Clara,California
POINT (-121.4538 37.6598),TRACY 2,{138.0},1,1.070059,San Joaquin,California
POINT (-121.6085 37.7452),TRACY 3,"{1.0, 138.0, 13.8}",4,1.061788,Alameda,California
POINT (-121.4816 38.0766),STOCKTON 1,{138.0},2,1.068404,San Joaquin,California
POINT (-121.5337 38.0725),STOCKTON 2,{138.0},1,1.069914,San Joaquin,California
POINT (-121.765 38.0169),ANTIOCH 5,"{138.0, 13.8, 13.2, 18.0, 345.0, 765.0}",7,1.048726,Contra Costa,California
POINT (-121.769 38.1164),BIRDS LANDING 1,"{138.0, 13.8, 18.0, 20.0, 345.0}",7,1.080264,Solano,California
POINT (-121.8439 38.0169),PITTSBURG 4,"{1.0, 138.0, 13.8, 18.0, 345.0}",8,1.055315,Contra Costa,California
POINT (-121.6516 37.7341),LIVERMORE 5,"{345.0, 138.0, 18.0, 13.8}",6,1.052381,Alameda,California
POINT (-121.7587 38.0175),ANTIOCH 6,"{345.0, 138.0, 13.8}",6,1.076925,Contra Costa,California
POINT (-121.9508 37.3767),SANTA CLARA 6,"{345.0, 138.0}",3,1.057715,Santa Clara,California
POINT (-121.7963 37.2444),SAN JOSE 45,"{138.0, 13.8}",2,1.077857,Santa Clara,California
POINT (-122.1763 37.4298),STANFORD 2,"{1.0, 138.0, 13.8, 18.0, 345.0}",7,1.046106,Santa Clara,California
POINT (-121.5367 37.0001),GILROY 3,{138.0},2,1.071764,Santa Clara,California
POINT (-121.8945 38.0392),PITTSBURG 5,"{1.0, 138.0, 13.8, 345.0, 765.0}",8,1.06396,Contra Costa,California
POINT (-121.873 38.0301),PITTSBURG 6,"{345.0, 138.0, 13.8, 22.0}",5,1.068519,Contra Costa,California
POINT (-122.2344 38.0181),RODEO 1,{138.0},1,1.059639,Contra Costa,California
POINT (-121.8433 38.2268),SUISUN CITY 3,"{345.0, 138.0}",5,1.069189,Solano,California
POINT (-121.6019 37.7892),BYRON,"{345.0, 138.0, 13.8}",4,1.077836,Alameda,California
POINT (-122.2819 37.7968),OAKLAND 19,"{1.0, 138.0, 13.8, 18.0, 345.0}",9,1.06175,Alameda,California
POINT (-121.924 38.3989),VACAVILLE 5,{138.0},2,1.065048,Solano,California
POINT (-121.7907 38.0144),ANTIOCH 7,{138.0},1,1.067768,Contra Costa,California
POINT (-121.8053 38.1381),BIRDS LANDING 2,"{345.0, 138.0}",3,1.070961,Solano,California
POINT (-121.8461 38.1711),BIRDS LANDING 3,"{345.0, 138.0, 13.8}",5,1.065934,Solano,California
POINT (-121.7457 37.2207),COYOTE,"{1.0, 138.0, 13.8, 18.0, 345.0, 765.0}",8,1.068637,Santa Clara,California
POINT (-121.8469 38.1694),BIRDS LANDING 4,"{138.0, 13.8}",2,1.070126,Solano,California
POINT (-122.1411 38.0736),BENICIA 3,{138.0},4,1.066881,Solano,California
POINT (-122.0589 38.0244),MARTINEZ 3,"{345.0, 138.0}",2,1.066869,Contra Costa,California
POINT (-121.4906 37.7107),TRACY 4,"{345.0, 138.0, 13.8}",5,1.078496,San Joaquin,California
POINT (-122.2889 37.7886),ALAMEDA 4,"{1.0, 138.0, 18.0, 13.8}",11,1.059483,Alameda,California
POINT (-121.8219 38.1167),BIRDS LANDING 5,{138.0},1,1.07178,Solano,California
POINT (-122.1117 38.0169),MARTINEZ 4,"{138.0, 18.0, 13.8}",3,1.07659,Contra Costa,California
POINT (-121.9436 37.3617),SANTA CLARA 7,{138.0},2,1.062944,Santa Clara,California
POINT (-122.2161 38.0569),CROCKETT,"{1.0, 138.0, 13.8, 24.0, 345.0}",5,1.055425,Contra Costa,California
POINT (-122.1338 37.6347),HAYWARD 8,"{138.0, 13.8, 18.0, 345.0, 765.0}",6,1.068494,Alameda,California
POINT (-121.9319 37.425),SAN JOSE 46,"{24.0, 345.0, 138.0, 13.8}",9,1.048104,Santa Clara,California
POINT (-121.7181 37.7908),LIVERMORE 6,"{345.0, 138.0}",2,1.070851,Contra Costa,California
POINT (-121.5363 36.999),GILROY 4,"{1.0, 138.0, 13.8, 18.0, 345.0}",9,1.070225,Santa Clara,California
POINT (-122.3909 37.9418),EL SOBRANTE 2,"{345.0, 138.0}",2,1.063239,Contra Costa,California
POINT (-122.2583 38.0417),RODEO 2,"{24.0, 138.0, 13.8}",3,1.054336,Contra Costa,California
POINT (-121.9687 37.401),SANTA CLARA 8,{138.0},1,1.065155,Santa Clara,California
POINT (-121.8553 38.1375),BIRDS LANDING 6,"{138.0, 18.0}",2,1.052227,Solano,California
POINT (-121.9367 36.6363),PACIFIC GROVE,{138.0},1,1.084084,Monterey,California
POINT (-121.8281 36.4807),CARMEL,{138.0},1,1.082275,Monterey,California
POINT (-121.8262 36.53),MONTEREY,{138.0},1,1.081709,Monterey,California
POINT (-121.7847 36.5536),SEASIDE 2,{138.0},1,1.084205,Monterey,California
POINT (-121.7358 36.6846),SEASIDE 3,{138.0},1,1.094583,Monterey,California
POINT (-121.7691 36.749),MARINA,{138.0},3,1.088961,Monterey,California
POINT (-121.6925 36.8961),WATSONVILLE 1,{138.0},1,1.076087,Monterey,California
POINT (-121.6924 37.0299),WATSONVILLE 2,{138.0},1,1.071309,Santa Clara,California
POINT (-121.7475 36.9295),WATSONVILLE 3,{138.0},1,1.078263,Santa Cruz,California
POINT (-121.6584 36.7674),SALINAS 1,{138.0},1,1.086704,Monterey,California
POINT (-121.586 36.3605),CARMEL VALLEY,{138.0},1,1.080823,Monterey,California
POINT (-121.5844 36.7599),SALINAS 2,{138.0},1,1.079661,Monterey,California
POINT (-121.675 36.7165),SALINAS 3,{138.0},1,1.094582,Monterey,California
POINT (-121.5258 36.6483),SALINAS 4,{138.0},1,1.081363,Monterey,California
POINT (-121.6765 36.6851),SALINAS 5,"{345.0, 138.0}",2,1.078377,Monterey,California
POINT (-121.577 36.6784),SALINAS 6,{138.0},1,1.07934,Monterey,California
POINT (-121.3447 37.751),TRACY 5,{138.0},2,1.064688,San Joaquin,California
POINT (-121.3578 37.7017),TRACY 6,{138.0},1,1.064136,San Joaquin,California
POINT (-121.513 38.0104),STOCKTON 3,{138.0},1,1.064727,San Joaquin,California
POINT (-121.4648 37.8948),STOCKTON 4,{138.0},1,1.063906,San Joaquin,California
POINT (-121.3897 37.7656),TRACY 7,{138.0},1,1.067832,San Joaquin,California
POINT (-121.3509 36.2857),GREENFIELD,{138.0},2,1.087686,Monterey,California
POINT (-121.4321 38.0833),LODI 1,"{1.0, 138.0, 18.0}",5,1.073943,San Joaquin,California
POINT (-121.2893 38.0939),STOCKTON 5,{138.0},2,1.068718,San Joaquin,California
POINT (-121.3924 36.9),HOLLISTER 1,{138.0},2,1.064767,San Benito,California
POINT (-121.4229 36.9003),HOLLISTER 2,{138.0},1,1.064239,San Benito,California
POINT (-121.2443 36.4644),SOLEDAD 1,{138.0},2,1.084013,Monterey,California
POINT (-121.4208 36.4459),SOLEDAD 2,{138.0},1,1.082696,Monterey,California
POINT (-121.3711 37.8876),STOCKTON 6,{138.0},1,1.064622,San Joaquin,California
POINT (-121.2991 38.058),STOCKTON 7,{138.0},1,1.071403,San Joaquin,California
POINT (-121.2501 38.032),STOCKTON 8,{138.0},1,1.068859,San Joaquin,California
POINT (-121.3738 38.0197),STOCKTON 9,{138.0},1,1.067538,San Joaquin,California
POINT (-121.389 37.9741),STOCKTON 10,{138.0},2,1.069157,San Joaquin,California
POINT (-121.2308 37.7662),LATHROP 1,{138.0},2,1.069661,San Joaquin,California
POINT (-121.2424 37.9712),STOCKTON 11,"{1.0, 138.0, 13.8}",4,1.077324,San Joaquin,California
POINT (-121.2871 37.9612),STOCKTON 12,{138.0},2,1.072115,San Joaquin,California
POINT (-121.2386 37.7075),MANTECA 1,{138.0},1,1.066739,San Joaquin,California
POINT (-121.2102 37.7304),MANTECA 2,{138.0},3,1.068936,San Joaquin,California
POINT (-121.2853 38.1713),ACAMPO,{138.0},1,1.07079,San Joaquin,California
POINT (-121.2381 38.0753),STOCKTON 13,{138.0},1,1.070525,San Joaquin,California
POINT (-121.1825 37.5099),PATTERSON 1,{138.0},1,1.072835,Stanislaus,California
POINT (-121.2301 37.3842),PATTERSON 2,{138.0},1,1.063731,Stanislaus,California
POINT (-121.1815 37.8343),MANTECA 3,{138.0},3,1.068837,San Joaquin,California
POINT (-121.1576 37.9052),MANTECA 4,{138.0},3,1.065956,San Joaquin,California
POINT (-121.1205 37.2402),NEWMAN,{138.0},2,1.06498,Stanislaus,California
POINT (-121.1784 38.0016),STOCKTON 14,{138.0},2,1.087274,San Joaquin,California
POINT (-121.0792 38.2028),LODI 2,{138.0},2,1.063345,San Joaquin,California
POINT (-121.1938 38.0958),LODI 3,{138.0},1,1.062757,San Joaquin,California
POINT (-121.0611 37.6637),RIPON 1,{138.0},1,1.074825,Stanislaus,California
POINT (-121.0506 37.566),MODESTO 1,{138.0},2,1.074744,Stanislaus,California
POINT (-121.0119 37.5942),MODESTO 2,{138.0},1,1.076713,Stanislaus,California
POINT (-120.9391 37.6722),MODESTO 3,{138.0},2,1.076426,Stanislaus,California
POINT (-120.9815 36.1709),KING CITY 1,{138.0},2,1.092338,Monterey,California
POINT (-121.1056 37.6933),MODESTO 4,{138.0},1,1.070533,Stanislaus,California
POINT (-121.0643 37.7633),MODESTO 5,{138.0},3,1.070359,San Joaquin,California
POINT (-121.0432 37.8722),ESCALON,{138.0},2,1.062096,San Joaquin,California
POINT (-120.9692 37.6809),MODESTO 6,{138.0},2,1.075289,Stanislaus,California
POINT (-120.9708 37.5601),MODESTO 7,{138.0},1,1.077427,Stanislaus,California
POINT (-120.9333 38.2699),IONE 3,{138.0},1,1.069357,Amador,California
POINT (-120.9027 37.5671),CERES 1,{138.0},1,1.074401,Stanislaus,California
POINT (-120.9012 37.5294),CERES 2,{138.0},1,1.073494,Stanislaus,California
POINT (-120.9164 37.6103),MODESTO 8,{138.0},3,1.07735,Stanislaus,California
POINT (-121.0291 37.6335),MODESTO 9,{138.0},3,1.071673,Stanislaus,California
POINT (-120.8898 37.6311),RIVERBANK,{138.0},2,1.079828,Stanislaus,California
POINT (-120.9625 37.3453),HILMAR,{138.0},1,1.071919,Merced,California
POINT (-120.8795 37.5564),TURLOCK 1,{138.0},1,1.073749,Stanislaus,California
POINT (-120.7863 37.5839),HUGHSON,{138.0},1,1.074454,Stanislaus,California
POINT (-120.8408 37.4514),TURLOCK 2,{138.0},2,1.073516,Merced,California
POINT (-120.7944 37.5233),TURLOCK 3,{138.0},1,1.074401,Stanislaus,California
POINT (-120.8621 38.1786),VALLEY SPRINGS,{138.0},1,1.066682,Calaveras,California
POINT (-120.8314 37.0689),LOS BANOS 1,{138.0},1,1.06663,Merced,California
POINT (-120.8463 37.1334),LOS BANOS 2,{138.0},1,1.065325,Merced,California
POINT (-120.7557 37.433),DELHI,{138.0},2,1.072465,Merced,California
POINT (-120.7979 38.3929),JACKSON 1,{138.0},2,1.069752,Amador,California
POINT (-120.6717 37.7101),OAKDALE 1,{138.0},3,1.077817,Stanislaus,California
POINT (-120.7698 37.871),OAKDALE 2,{138.0},1,1.058639,Stanislaus,California
POINT (-120.6929 37.3505),LIVINGSTON 1,{138.0},1,1.072488,Merced,California
POINT (-120.5834 37.4153),ATWATER 1,{138.0},2,1.0764,Merced,California
POINT (-120.5747 37.3318),ATWATER 2,"{345.0, 138.0, 18.0, 1.0}",4,1.081526,Merced,California
POINT (-120.6824 38.1256),ANGELS CAMP,{138.0},1,1.066242,Calaveras,California
POINT (-120.6444 37.102),DOS PALOS,{138.0},1,1.063903,Merced,California
POINT (-120.4884 37.479),WINTON,{138.0},1,1.083863,Merced,California
POINT (-120.5748 36.8692),FIREBAUGH 1,{138.0},1,1.08685,Fresno,California
POINT (-120.4878 37.216),MERCED 1,{138.0},1,1.074494,Merced,California
POINT (-120.5205 37.147),MERCED 2,{138.0},2,1.073058,Merced,California
POINT (-120.5418 37.4214),MERCED 3,{138.0},2,1.079619,Merced,California
POINT (-120.3813 37.931),JAMESTOWN,{138.0},1,1.081699,Tuolumne,California
POINT (-120.3493 36.6599),MENDOTA 1,{138.0},1,1.090143,Fresno,California
POINT (-120.4461 36.1514),COALINGA 1,{138.0},1,1.098545,Fresno,California
POINT (-120.4418 37.3627),MERCED 4,{138.0},1,1.074841,Merced,California
POINT (-120.5176 37.3493),MERCED 5,"{1.0, 138.0, 22.0}",4,1.074056,Merced,California
POINT (-120.3277 38.5813),PIONEER 1,{138.0},1,1.081515,El Dorado,California
POINT (-120.2903 38.0268),SONORA 1,{138.0},1,1.082174,Tuolumne,California
POINT (-120.3481 38.0608),SONORA 2,{138.0},1,1.080025,Tuolumne,California
POINT (-120.2106 37.3172),PLANADA,{138.0},1,1.082761,Merced,California
POINT (-120.3044 37.0082),CHOWCHILLA 1,{138.0},2,1.076508,Madera,California
POINT (-120.1839 36.9476),MADERA 1,{138.0},1,1.076586,Madera,California
POINT (-120.2592 36.8742),MADERA 2,{138.0},2,1.076667,Madera,California
POINT (-120.1012 36.7735),KERMAN,{138.0},1,1.079047,Fresno,California
POINT (-119.9776 35.8727),AVENAL 1,{138.0},1,1.096527,Kings,California
POINT (-120.0175 36.9553),MADERA 3,{138.0},2,1.082414,Madera,California
POINT (-120.0139 36.9995),MADERA 4,"{345.0, 138.0}",3,1.080123,Madera,California
POINT (-119.9259 37.5083),MARIPOSA,{138.0},1,1.08054,Mariposa,California
POINT (-119.853 36.3951),RIVERDALE,{138.0},1,1.08193,Kings,California
POINT (-119.9388 36.66),FRESNO 1,{138.0},1,1.075869,Fresno,California
POINT (-119.9598 36.6301),FRESNO 2,{138.0},2,1.077431,Fresno,California
POINT (-119.8586 36.7342),FRESNO 3,{138.0},2,1.068231,Fresno,California
POINT (-119.9218 36.8879),FRESNO 4,{138.0},1,1.069348,Madera,California
POINT (-119.8133 36.7128),FRESNO 5,{138.0},2,1.06582,Fresno,California
POINT (-119.8551 37.0004),MADERA 5,{138.0},2,1.071975,Madera,California
POINT (-119.9083 36.923),FRESNO 6,{138.0},1,1.073069,Madera,California
POINT (-119.7466 36.8929),FRESNO 7,{138.0},1,1.069026,Fresno,California
POINT (-119.9244 36.2039),LEMOORE 1,{138.0},1,1.091171,Kings,California
POINT (-119.7484 36.2092),LEMOORE 2,{138.0},2,1.087691,Kings,California
POINT (-119.8949 36.7659),FRESNO 8,{138.0},2,1.073625,Fresno,California
POINT (-119.8372 36.8209),FRESNO 9,{138.0},1,1.069069,Fresno,California
POINT (-119.8339 36.7572),FRESNO 10,{138.0},1,1.065049,Fresno,California
POINT (-119.749 36.7122),FRESNO 11,{138.0},1,1.063889,Fresno,California
POINT (-119.7884 36.7383),FRESNO 12,{138.0},1,1.063788,Fresno,California
POINT (-119.7493 36.8076),FRESNO 13,{138.0},1,1.07003,Fresno,California
POINT (-119.7588 36.825),FRESNO 14,"{345.0, 138.0, 13.2, 1.0}",5,1.074691,Fresno,California
POINT (-119.7244 36.7775),FRESNO 15,{138.0},1,1.062499,Fresno,California
POINT (-119.6715 36.9936),FRESNO 16,{138.0},1,1.076131,Fresno,California
POINT (-119.7044 36.7532),FRESNO 17,{138.0},2,1.062083,Fresno,California
POINT (-119.6775 36.7816),FRESNO 18,{138.0},1,1.061562,Fresno,California
POINT (-119.8414 37.2601),COARSEGOLD,{138.0},1,1.073606,Madera,California
POINT (-119.7749 36.562),FRESNO 19,{138.0},3,1.071128,Fresno,California
POINT (-119.6271 36.7416),CLOVIS 1,{138.0},3,1.067835,Fresno,California
POINT (-119.7267 36.7501),CLOVIS 2,{138.0},1,1.061083,Fresno,California
POINT (-119.583 36.6905),FRESNO 20,{138.0},2,1.074608,Fresno,California
POINT (-119.6619 36.7117),FRESNO 21,{138.0},2,1.066179,Fresno,California
POINT (-119.6121 36.8394),CLOVIS 3,{138.0},2,1.068149,Fresno,California
POINT (-119.675 36.8334),CLOVIS 4,{138.0},2,1.063249,Fresno,California
POINT (-119.6397 36.4606),SELMA 1,{138.0},2,1.071247,Fresno,California
POINT (-119.5456 36.5038),SELMA 2,{138.0},1,1.075334,Tulare,California
POINT (-119.5585 37.4433),OAKHURST,{138.0},2,1.096391,Madera,California
POINT (-119.6415 36.3078),HANFORD 1,{138.0},1,1.090099,Kings,California
POINT (-119.5963 36.196),HANFORD 2,{138.0},1,1.078705,Kings,California
POINT (-119.6593 36.8576),CLOVIS 5,{138.0},1,1.065907,Fresno,California
POINT (-119.5363 36.8795),CLOVIS 6,{138.0},2,1.069331,Fresno,California
POINT (-119.4728 36.0666),CORCORAN 1,{138.0},1,1.078706,Tulare,California
POINT (-119.489 36.4081),KINGSBURG,{138.0},1,1.081202,Tulare,California
POINT (-119.4269 36.8276),SANGER 1,{138.0},1,1.073139,Fresno,California
POINT (-119.4399 36.7816),SANGER 2,{138.0},1,1.074137,Fresno,California
POINT (-119.487 36.628),REEDLEY 1,{138.0},1,1.073968,Fresno,California
POINT (-119.4671 36.7548),REEDLEY 2,{138.0},2,1.077602,Fresno,California
POINT (-119.3729 36.4671),DINUBA,{138.0},1,1.075678,Tulare,California
POINT (-119.2971 36.2134),VISALIA 1,{138.0},2,1.083444,Tulare,California
POINT (-119.3499 36.3171),VISALIA 2,{138.0},2,1.082352,Tulare,California
POINT (-119.2774 36.4597),VISALIA 3,{138.0},1,1.082431,Tulare,California
POINT (-119.3531 36.255),TULARE 1,"{345.0, 138.0}",2,1.090624,Tulare,California
POINT (-119.3985 36.1974),TULARE 2,{138.0},2,1.083202,Tulare,California
POINT (-119.3119 36.0354),PIXLEY,{138.0},1,1.085214,Tulare,California
POINT (-119.2376 36.602),ORANGE COVE,{138.0},2,1.076468,Tulare,California
POINT (-119.3674 35.9218),EARLIMART,{138.0},2,1.093287,Tulare,California
POINT (-119.2472 36.3111),VISALIA 4,{138.0},1,1.084802,Tulare,California
POINT (-119.2254 36.4155),VISALIA 5,{138.0},1,1.084222,Tulare,California
POINT (-119.1805 36.2954),FARMERSVILLE,{138.0},3,1.084878,Tulare,California
POINT (-119.1365 36.6895),OROSI,{138.0},1,1.079502,Fresno,California
POINT (-119.1286 36.4704),WOODLAKE,{138.0},1,1.083927,Tulare,California
POINT (-119.158 36.1823),LINDSAY,{138.0},1,1.083544,Tulare,California
POINT (-119.0398 36.3551),EXETER,{138.0},1,1.087338,Tulare,California
POINT (-118.9067 35.9018),PORTERVILLE 1,"{1.0, 138.0, 18.0}",4,1.0848,Tulare,California
POINT (-118.9218 36.0746),PORTERVILLE 2,{138.0},2,1.090288,Tulare,California
POINT (-118.911 36.044),PORTERVILLE 3,"{345.0, 138.0}",2,1.092526,Tulare,California
POINT (-118.7813 37.5827),MAMMOTH LAKES,{138.0},2,1.084467,Mono,California
POINT (-118.3196 37.5771),BISHOP 1,{138.0},2,1.081613,Mono,California
POINT (-115.9688 36.3461),PAHRUMP 1,{138.0},1,1.084707,Nye,Nevada
POINT (-115.8776 36.0157),PAHRUMP 2,{138.0},1,1.084361,Nye,Nevada
POINT (-119.9044 36.2397),LEMOORE 3,"{345.0, 138.0, 13.8, 1.0}",5,1.094614,Kings,California
POINT (-121.3869 38.0881),LODI 4,{138.0},2,1.079142,San Joaquin,California
POINT (-120.0341 38.2467),PINECREST,"{345.0, 138.0, 13.8, 1.0}",5,1.093076,Tuolumne,California
POINT (-120.6699 38.331),JACKSON 2,"{345.0, 138.0}",4,1.070811,Amador,California
POINT (-120.2993 37.8094),MERCED 6,{138.0},1,1.0891,Tuolumne,California
POINT (-119.8339 36.2478),LEMOORE 4,{138.0},2,1.090224,Kings,California
POINT (-120.5833 36.6514),SAN JOAQUIN 1,"{138.0, 13.8, 20.0, 22.0, 345.0, 765.0}",7,1.081463,Fresno,California
POINT (-119.558 37.0718),AUBERRY 1,"{345.0, 138.0, 18.0, 13.8}",7,1.064989,Fresno,California
POINT (-117.7917 36.0192),INYOKERN 1,{138.0},2,1.098093,Inyo,California
POINT (-119.4353 35.8983),ALPAUGH,"{345.0, 138.0, 18.0, 13.8}",6,1.089615,Tulare,California
POINT (-119.4898 37.139),NORTH FORK 1,{138.0},1,1.090084,Madera,California
POINT (-119.1588 36.8882),FRESNO 22,{138.0},2,1.095465,Fresno,California
POINT (-120.985 37.5744),MODESTO 10,"{345.0, 138.0}",2,1.081553,Stanislaus,California
POINT (-119.3866 37.1485),AUBERRY 2,{138.0},1,1.089772,Fresno,California
POINT (-120.1103 35.9831),AVENAL 2,"{138.0, 18.0}",3,1.099467,Kings,California
POINT (-120.8408 35.9359),SAN ARDO 1,{138.0},3,1.096285,Monterey,California
POINT (-121.3238 38.8107),LODI 5,{138.0},1,1.05588,Placer,California
POINT (-119.0203 36.9274),FRESNO 23,{138.0},1,1.095225,Fresno,California
POINT (-119.2396 37.2042),BIG CREEK 1,"{1.0, 138.0, 13.8, 20.0, 24.0}",9,1.096842,Fresno,California
POINT (-121.1278 36.225),KING CITY 2,"{345.0, 138.0}",2,1.095835,Monterey,California
POINT (-117.7981 36.0372),INYOKERN 2,"{345.0, 138.0, 18.0, 13.8}",5,1.096543,Inyo,California
POINT (-118.5692 37.51),BISHOP 2,"{24.0, 138.0}",2,1.095113,Mono,California
POINT (-119.9675 37.8966),GROVELAND 1,"{345.0, 138.0}",2,1.095937,Tuolumne,California
POINT (-121.116 37.7315),RIPON 2,"{345.0, 138.0, 13.8, 1.0}",5,1.071274,San Joaquin,California
POINT (-119.5522 36.6842),SANGER 3,"{345.0, 138.0}",2,1.08606,Fresno,California
POINT (-119.9532 37.8777),GROVELAND 2,{138.0},1,1.096483,Tuolumne,California
POINT (-120.9314 37.6294),MODESTO 11,{138.0},2,1.081232,Stanislaus,California
POINT (-120.9044 37.4903),TURLOCK 4,"{138.0, 13.8}",3,1.062595,Stanislaus,California
POINT (-119.3289 37.2096),BIG CREEK 2,{138.0},1,1.092661,Fresno,California
POINT (-121.0772 37.0692),GUSTINE,"{345.0, 138.0, 13.8, 1.0}",5,1.067239,Merced,California
POINT (-119.5733 36.1383),CORCORAN 2,"{138.0, 18.0, 13.8}",4,1.084726,Kings,California
POINT (-118.557 37.4379),BISHOP 3,{138.0},2,1.095229,Inyo,California
POINT (-120.2908 36.6175),TRANQUILLITY,"{345.0, 138.0, 13.8, 1.0}",5,1.088973,Fresno,California
POINT (-120.4926 38.4493),PIONEER 2,{138.0},2,1.077265,Amador,California
POINT (-119.3068 37.2001),BIG CREEK 3,{138.0},2,1.093089,Fresno,California
POINT (-121.7822 36.8048),MOSS LANDING,"{138.0, 13.8, 18.0, 22.0, 345.0, 765.0}",11,1.068431,Monterey,California
POINT (-117.7886 36.0019),INYOKERN 3,{138.0},1,1.098359,Inyo,California
POINT (-120.5783 36.6535),FIREBAUGH 2,{138.0},3,1.095504,Fresno,California
POINT (-121.3304 37.9436),STOCKTON 15,"{345.0, 138.0}",2,1.076542,San Joaquin,California
POINT (-118.59 37.546),BISHOP 4,"{345.0, 138.0, 22.0}",4,1.073636,Mono,California
POINT (-115.3503 35.7931),JEAN 1,"{138.0, 13.8}",3,1.083009,Clark,Nevada
POINT (-120.0998 36.617),SAN JOAQUIN 2,"{24.0, 138.0, 13.8}",4,1.097031,Fresno,California
POINT (-121.2771 37.8062),LATHROP 2,"{138.0, 13.8}",3,1.066059,San Joaquin,California
POINT (-121.1246 36.2248),KING CITY 3,{138.0},1,1.095184,Monterey,California
POINT (-119.7404 36.6697),FRESNO 24,"{345.0, 138.0}",3,1.074367,Fresno,California
POINT (-119.2567 37.1479),SHAVER LAKE 1,"{345.0, 138.0, 13.8}",3,1.089029,Fresno,California
POINT (-118.9683 37.0293),SHAVER LAKE 2,"{1.0, 138.0, 13.8, 18.0, 24.0, 345.0, 765.0}",9,1.092253,Fresno,California
POINT (-121.116 37.7325),RIPON 3,{138.0},1,1.072423,San Joaquin,California
POINT (-120.3885 36.1807),COALINGA 2,{138.0},1,1.098481,Fresno,California
POINT (-120.3703 38.139),VALLECITO,{138.0},2,1.07744,Tuolumne,California
POINT (-119.6481 36.2701),HANFORD 3,"{345.0, 138.0, 22.0, 1.0}",6,1.092881,Kings,California
POINT (-121.3875 38.0881),LODI 6,"{138.0, 13.8, 18.0, 345.0, 765.0}",5,1.070696,San Joaquin,California
POINT (-119.327 36.8326),FRESNO 25,"{345.0, 138.0}",2,1.094114,Fresno,California
POINT (-120.0758 36.1381),HURON,{138.0},3,1.094917,Fresno,California
POINT (-120.3654 36.7559),MENDOTA 2,{138.0},1,1.083517,Fresno,California
POINT (-120.8956 37.4878),TURLOCK 5,"{345.0, 138.0, 13.8, 765.0}",7,1.065585,Stanislaus,California
POINT (-120.5806 36.6529),FIREBAUGH 3,{138.0},1,1.095273,Fresno,California
POINT (-120.5282 37.9469),TRACY 8,"{138.0, 13.8, 18.0, 345.0, 765.0}",8,1.083807,Calaveras,California
POINT (-119.3069 37.2),BIG CREEK 4,"{1.0, 138.0, 18.0, 13.8}",11,1.081875,Fresno,California
POINT (-120.2686 37.5843),SNELLING,{138.0},1,1.087275,Mariposa,California
POINT (-120.8679 35.9515),SAN ARDO 2,"{138.0, 13.8}",3,1.095749,Monterey,California
POINT (-121.0204 37.6526),MODESTO 12,"{1.0, 138.0, 13.8, 18.0, 345.0}",9,1.068547,Stanislaus,California
POINT (-119.0876 36.9089),FRESNO 26,"{1.0, 138.0, 13.8, 20.0, 345.0}",7,1.095298,Fresno,California
POINT (-120.2181 38.4979),PIONEER 3,"{1.0, 138.0, 13.8}",4,1.031083,Amador,California
POINT (-119.338 37.2203),NORTH FORK 2,"{345.0, 138.0}",2,1.092041,Madera,California
POINT (-120.2485 37.1073),CHOWCHILLA 2,{138.0},4,1.081838,Madera,California
POINT (-120.5797 36.6541),FIREBAUGH 4,{138.0},1,1.095451,Fresno,California
POINT (-120.4202 37.696),LA GRANGE,"{345.0, 138.0, 13.8, 1.0}",5,1.089259,Tuolumne,California
POINT (-115.3561 35.6139),JEAN 2,"{1.0, 138.0, 13.8, 18.0, 345.0, 765.0}",11,1.080715,Clark,Nevada
POINT (-121.0143 35.6409),CAMBRIA,{138.0},1,1.095171,San Luis Obispo,California
POINT (-120.7848 35.3714),LOS OSOS,{138.0},1,1.090342,San Luis Obispo,California
POINT (-120.8654 35.335),MORRO BAY,{138.0},1,1.090585,San Luis Obispo,California
POINT (-120.6946 35.4525),TEMPLETON,{138.0},1,1.090705,San Luis Obispo,California
POINT (-120.7016 35.3388),SAN LUIS OBISPO 1,"{345.0, 138.0}",2,1.097771,San Luis Obispo,California
POINT (-120.8284 35.2842),SAN LUIS OBISPO 2,{138.0},2,1.093326,San Luis Obispo,California
POINT (-120.7392 35.6762),PASO ROBLES 1,{138.0},1,1.092515,San Luis Obispo,California
POINT (-120.7971 35.7329),PASO ROBLES 2,"{345.0, 138.0, 13.8, 1.0}",4,1.093462,San Luis Obispo,California
POINT (-120.6783 35.4843),ATASCADERO 1,{138.0},3,1.090269,San Luis Obispo,California
POINT (-120.6384 35.3832),ATASCADERO 2,{138.0},2,1.095506,San Luis Obispo,California
POINT (-120.7344 35.2159),PISMO BEACH,{138.0},1,1.094009,San Luis Obispo,California
POINT (-120.6345 35.1181),GROVER BEACH,"{1.0, 138.0, 18.0}",5,1.092051,San Luis Obispo,California
POINT (-120.5251 35.3037),SAN LUIS OBISPO 3,{138.0},2,1.094948,San Luis Obispo,California
POINT (-120.7045 35.2568),SAN LUIS OBISPO 4,{138.0},1,1.093422,San Luis Obispo,California
POINT (-120.6627 34.9303),GUADALUPE,{138.0},1,1.08598,Santa Barbara,California
POINT (-120.4078 34.9734),NIPOMO,{138.0},2,1.081871,San Luis Obispo,California
POINT (-120.4538 34.8923),SANTA MARIA 1,"{345.0, 138.0}",2,1.095265,Santa Barbara,California
POINT (-120.5692 35.0167),SANTA MARIA 2,{138.0},2,1.080798,San Luis Obispo,California
POINT (-120.4623 35.2396),ARROYO GRANDE 1,{138.0},1,1.091542,San Luis Obispo,California
POINT (-120.5599 35.1073),ARROYO GRANDE 2,{138.0},3,1.092372,San Luis Obispo,California
POINT (-120.4482 34.854),SANTA MARIA 3,{138.0},1,1.090561,Santa Barbara,California
POINT (-120.3631 34.8488),SANTA MARIA 4,{138.0},1,1.090204,Santa Barbara,California
POINT (-120.4583 34.6861),LOMPOC 1,{138.0},2,1.084067,Santa Barbara,California
POINT (-120.4508 34.5066),LOMPOC 2,{138.0},2,1.088753,Santa Barbara,California
POINT (-120.1756 34.8784),SANTA MARIA 5,{138.0},1,1.090092,Santa Barbara,California
POINT (-120.1587 35.0095),SANTA MARIA 6,{138.0},1,1.084667,Santa Barbara,California
POINT (-120.2851 34.5569),BUELLTON,{138.0},1,1.088514,Santa Barbara,California
POINT (-120.1248 34.6148),SOLVANG,{138.0},1,1.087682,Santa Barbara,California
POINT (-120.155 34.5191),GOLETA 1,"{24.0, 345.0, 138.0, 1.0}",4,1.090026,Santa Barbara,California
POINT (-120.1028 34.4793),GOLETA 2,{138.0},1,1.087751,Santa Barbara,California
POINT (-119.4835 34.3787),SANTA BARBARA 1,{138.0},2,1.085462,Santa Barbara,California
POINT (-119.7791 34.6128),SANTA BARBARA 2,{138.0},1,1.085867,Santa Barbara,California
POINT (-119.7032 34.5299),SANTA BARBARA 3,{138.0},1,1.085847,Santa Barbara,California
POINT (-119.4468 34.3637),SANTA BARBARA 4,{138.0},1,1.085724,Ventura,California
POINT (-119.8054 34.489),SANTA BARBARA 5,{138.0},1,1.088301,Santa Barbara,California
POINT (-119.7715 34.4782),SANTA BARBARA 6,"{345.0, 138.0, 13.8, 1.0}",4,1.090425,Santa Barbara,California
POINT (-119.7137 34.48),SANTA BARBARA 7,{138.0},1,1.088875,Santa Barbara,California
POINT (-119.4195 34.3453),CARPINTERIA,"{345.0, 138.0}",2,1.084764,Ventura,California
POINT (-119.4168 35.5996),WASCO 5,{138.0},2,1.078824,Kern,California
POINT (-119.5052 35.5698),WASCO 6,{138.0},3,1.078522,Kern,California
POINT (-119.5114 35.1919),TAFT 1,{138.0},2,1.088681,Kern,California
POINT (-119.3709 34.4951),OJAI,{138.0},1,1.084797,Ventura,California
POINT (-119.2915 34.3826),OAK VIEW,{138.0},2,1.077639,Ventura,California
POINT (-119.2571 35.5082),SHAFTER,{138.0},2,1.090735,Kern,California
POINT (-119.2675 35.3019),BAKERSFIELD 1,{138.0},1,1.084301,Kern,California
POINT (-119.3118 34.6734),MARICOPA 1,{138.0},1,1.084638,Ventura,California
POINT (-119.2038 34.1858),OXNARD 1,{138.0},1,1.086079,Ventura,California
POINT (-119.2484 34.2869),VENTURA 1,{138.0},3,1.083149,Ventura,California
POINT (-119.2105 34.3485),VENTURA 2,{138.0},1,1.074808,Ventura,California
POINT (-119.1096 35.8515),DELANO 1,{138.0},2,1.087019,Tulare,California
POINT (-119.1784 35.8753),DELANO 2,{138.0},1,1.083685,Tulare,California
POINT (-119.2626 35.6315),MC FARLAND,{138.0},1,1.092856,Kern,California
POINT (-119.238 34.1774),OXNARD 2,{138.0},1,1.09362,Ventura,California
POINT (-119.1341 34.2473),OXNARD 3,{138.0},1,1.079564,Ventura,California
POINT (-119.0939 35.1005),BAKERSFIELD 2,{138.0},2,1.079616,Kern,California
POINT (-119.0778 35.2628),BAKERSFIELD 3,{138.0},3,1.080986,Kern,California
POINT (-119.1379 34.1053),OXNARD 4,{138.0},1,1.074377,Ventura,California
POINT (-119.2303 34.2648),OXNARD 5,{138.0},1,1.087535,Ventura,California
POINT (-119.1559 34.2577),VENTURA 3,{138.0},4,1.0806,Ventura,California
POINT (-119.0969 34.3372),VENTURA 4,{138.0},1,1.071463,Ventura,California
POINT (-119.048 34.2333),OXNARD 6,"{345.0, 138.0}",2,1.07584,Ventura,California
POINT (-119.0539 34.2022),OXNARD 7,{138.0},2,1.07193,Ventura,California
POINT (-119.1618 34.1429),OXNARD 8,{138.0},1,1.078363,Ventura,California
POINT (-119.0931 35.3406),BAKERSFIELD 4,"{345.0, 138.0}",3,1.083487,Kern,California
POINT (-119.1385 35.303),BAKERSFIELD 5,{138.0},1,1.084364,Kern,California
POINT (-118.898 34.0396),PORT HUENEME,{138.0},1,1.069024,Los Angeles,California
POINT (-119.1441 34.3705),SANTA PAULA 1,{138.0},1,1.072124,Ventura,California
POINT (-119.1488 34.3312),SANTA PAULA 2,{138.0},1,1.07329,Ventura,California
POINT (-119.1584 34.2395),CAMARILLO 1,{138.0},1,1.083111,Ventura,California
POINT (-119 34.2574),CAMARILLO 2,{138.0},1,1.076459,Ventura,California
POINT (-119.0387 35.4288),BAKERSFIELD 6,{138.0},2,1.086091,Kern,California
POINT (-118.9783 35.3578),BAKERSFIELD 7,{138.0},2,1.080838,Kern,California
POINT (-118.968 35.1659),BAKERSFIELD 8,{138.0},2,1.074974,Kern,California
POINT (-119.0201 35.1216),BAKERSFIELD 9,{138.0},1,1.078007,Kern,California
POINT (-118.9932 34.8136),FRAZIER PARK,{138.0},3,1.073474,Kern,California
POINT (-119.0299 35.3557),BAKERSFIELD 10,{138.0},1,1.081981,Kern,California
POINT (-118.9355 35.3247),BAKERSFIELD 11,{138.0},1,1.081425,Kern,California
POINT (-119.0097 34.1607),CAMARILLO 3,{138.0},2,1.069423,Ventura,California
POINT (-118.9207 34.1525),CAMARILLO 4,{138.0},1,1.067951,Ventura,California
POINT (-118.982 35.3044),BAKERSFIELD 12,{138.0},1,1.087496,Kern,California
POINT (-119.0549 35.358),BAKERSFIELD 13,{138.0},1,1.082317,Kern,California
POINT (-118.9615 34.1861),NEWBURY PARK 1,{138.0},3,1.080479,Ventura,California
POINT (-118.9772 34.1158),NEWBURY PARK 2,{138.0},1,1.069568,Ventura,California
POINT (-118.9462 35.303),BAKERSFIELD 14,"{345.0, 138.0}",2,1.086668,Kern,California
POINT (-118.8799 35.1617),BAKERSFIELD 15,{138.0},2,1.070062,Kern,California
POINT (-119.0113 35.1511),BAKERSFIELD 16,"{345.0, 138.0}",2,1.0806,Kern,California
POINT (-118.8962 35.3531),LAMONT,{138.0},2,1.086386,Kern,California
POINT (-118.9438 34.3396),MOORPARK 1,{138.0},1,1.069679,Ventura,California
POINT (-118.9229 34.379),MOORPARK 2,{138.0},2,1.067058,Ventura,California
POINT (-118.9828 34.4147),FILLMORE 1,{138.0},3,1.074124,Ventura,California
POINT (-118.9228 34.0901),WESTLAKE VILLAGE,{138.0},2,1.068576,Ventura,California
POINT (-118.8039 34.1701),THOUSAND OAKS 1,{138.0},2,1.065925,Ventura,California
POINT (-118.7964 34.1153),THOUSAND OAKS 2,"{345.0, 138.0, 13.8, 1.0}",4,1.071463,Los Angeles,California
POINT (-118.4771 33.9891),MALIBU,{138.0},1,1.070552,Los Angeles,California
POINT (-118.8447 35.1537),ARVIN,{138.0},2,1.068691,Kern,California
POINT (-118.8939 34.2776),THOUSAND OAKS 3,{138.0},1,1.074685,Ventura,California
POINT (-118.726 34.2483),THOUSAND OAKS 4,{138.0},1,1.069182,Ventura,California
POINT (-118.7936 35.583),BAKERSFIELD 17,{138.0},1,1.067346,Kern,California
POINT (-118.7419 35.6351),BAKERSFIELD 18,{138.0},2,1.069286,Kern,California
POINT (-118.7599 35.4092),BAKERSFIELD 19,"{345.0, 138.0}",2,1.083854,Kern,California
POINT (-118.7755 35.4572),BAKERSFIELD 20,{138.0},1,1.083965,Kern,California
POINT (-118.742 34.2174),SIMI VALLEY 1,{138.0},2,1.068309,Ventura,California
POINT (-118.7354 34.258),SIMI VALLEY 2,{138.0},3,1.068439,Ventura,California
POINT (-118.7808 34.086),OAK PARK,{138.0},1,1.069859,Los Angeles,California
POINT (-118.847 34.1528),AGOURA HILLS 1,{138.0},1,1.066076,Ventura,California
POINT (-118.81 34.0605),AGOURA HILLS 2,{138.0},2,1.068248,Los Angeles,California
POINT (-118.6297 34.4648),CASTAIC 1,{138.0},1,1.073716,Los Angeles,California
POINT (-118.6818 34.6039),CASTAIC 2,{138.0},1,1.075518,Los Angeles,California
POINT (-118.7503 34.3543),SIMI VALLEY 3,{138.0},2,1.064815,Ventura,California
POINT (-118.6339 34.3744),SIMI VALLEY 4,"{345.0, 138.0}",3,1.074275,Los Angeles,California
POINT (-118.726 34.1162),CALABASAS 1,{138.0},1,1.069287,Los Angeles,California
POINT (-118.7022 34.1727),CALABASAS 2,{138.0},1,1.078286,Ventura,California
POINT (-118.6679 34.1597),WEST HILLS,{138.0},1,1.07508,Los Angeles,California
POINT (-118.5483 34.4015),STEVENSON RANCH,{138.0},2,1.079423,Los Angeles,California
POINT (-118.6731 34.4604),VALENCIA 1,{138.0},1,1.073794,Los Angeles,California
POINT (-118.6194 34.3417),VALENCIA 2,{138.0},1,1.076187,Los Angeles,California
POINT (-118.5617 34.184),CANOGA PARK 1,"{345.0, 138.0}",3,1.076101,Los Angeles,California
POINT (-118.7029 34.2382),CANOGA PARK 2,"{345.0, 138.0}",3,1.07137,Ventura,California
POINT (-118.587 34.1886),WOODLAND HILLS 1,{138.0},2,1.084236,Los Angeles,California
POINT (-118.6967 34.1473),WOODLAND HILLS 2,{138.0},1,1.076029,Los Angeles,California
POINT (-118.528 34.3871),CHATSWORTH 1,{138.0},2,1.080894,Los Angeles,California
POINT (-118.6351 34.3895),CHATSWORTH 2,{138.0},1,1.077191,Los Angeles,California
POINT (-118.5541 34.1347),CANOGA PARK 3,{138.0},2,1.083853,Los Angeles,California
POINT (-118.5309 34.0947),WOODLAND HILLS 3,{138.0},1,1.069379,Los Angeles,California
POINT (-118.6278 34.1412),WOODLAND HILLS 4,{138.0},3,1.075947,Los Angeles,California
POINT (-118.6703 34.2046),WINNETKA 1,{138.0},2,1.070316,Ventura,California
POINT (-118.619 34.2716),WINNETKA 2,{138.0},2,1.074216,Los Angeles,California
POINT (-118.6441 34.2995),PORTER RANCH 1,{138.0},1,1.074514,Ventura,California
POINT (-118.5329 34.3558),PORTER RANCH 2,{138.0},2,1.078034,Los Angeles,California
POINT (-118.5171 34.1432),NORTHRIDGE 1,{138.0},1,1.088089,Los Angeles,California
POINT (-118.5172 34.1652),TARZANA 1,{138.0},1,1.091195,Los Angeles,California
POINT (-118.6459 34.0945),TARZANA 2,{138.0},1,1.074097,Los Angeles,California
POINT (-118.5471 34.1763),PACIFIC PALISADES,{138.0},1,1.095192,Los Angeles,California
POINT (-118.5928 34.2424),RESEDA 1,{138.0},1,1.078016,Los Angeles,California
POINT (-118.5081 34.1927),RESEDA 2,{138.0},4,1.08659,Los Angeles,California
POINT (-118.4342 34.1654),NORTHRIDGE 2,{138.0},2,1.082669,Los Angeles,California
POINT (-118.5043 34.1727),NORTHRIDGE 3,{138.0},1,1.088348,Los Angeles,California
POINT (-118.4686 34.2028),ENCINO 1,{138.0},1,1.082154,Los Angeles,California
POINT (-118.5835 34.1114),ENCINO 2,{138.0},1,1.078308,Los Angeles,California
POINT (-118.4451 34.2482),GRANADA HILLS 1,{138.0},2,1.074405,Los Angeles,California
POINT (-118.5754 34.3861),GRANADA HILLS 2,{138.0},2,1.07908,Los Angeles,California
POINT (-118.586 34.4106),SANTA CLARITA 1,{138.0},1,1.080762,Los Angeles,California
POINT (-118.4166 34.3715),SANTA CLARITA 2,{138.0},1,1.075329,Los Angeles,California
POINT (-118.5933 35.1698),TEHACHAPI 1,{138.0},2,1.092027,Kern,California
POINT (-118.4258 35.1708),TEHACHAPI 2,{138.0},1,1.092131,Kern,California
POINT (-118.4051 33.9551),SANTA MONICA 1,{138.0},1,1.076186,Los Angeles,California
POINT (-118.4703 34.1202),LOS ANGELES 1,{138.0},1,1.079189,Los Angeles,California
POINT (-118.5697 34.0935),LOS ANGELES 2,{138.0},2,1.080411,Los Angeles,California
POINT (-118.4982 34.2502),VAN NUYS 1,{138.0},1,1.077842,Los Angeles,California
POINT (-118.434 34.2928),VAN NUYS 2,{138.0},2,1.081335,Los Angeles,California
POINT (-118.4497 34.2719),NEWHALL 1,{138.0},1,1.071801,Los Angeles,California
POINT (-118.4531 34.3571),NEWHALL 2,{138.0},2,1.072653,Los Angeles,California
POINT (-118.557 34.3141),NORTH HILLS 1,{138.0},1,1.075548,Los Angeles,California
POINT (-118.5681 34.198),NORTH HILLS 2,{138.0},1,1.089308,Los Angeles,California
POINT (-118.4116 34.1254),SANTA MONICA 2,{138.0},1,1.077966,Los Angeles,California
POINT (-118.395 33.9912),SANTA MONICA 3,{138.0},1,1.073989,Los Angeles,California
POINT (-118.4014 33.9269),VENICE 1,{138.0},2,1.08071,Los Angeles,California
POINT (-118.5138 34.0234),VENICE 2,{138.0},2,1.069832,Los Angeles,California
POINT (-118.3687 34.2041),SHERMAN OAKS 1,{138.0},1,1.080684,Los Angeles,California
POINT (-118.4801 34.0824),VAN NUYS 3,"{1.0, 138.0, 13.8}",5,1.080171,Los Angeles,California
POINT (-118.4275 34.0604),MARINA DEL REY,"{345.0, 138.0}",3,1.075954,Los Angeles,California
POINT (-118.4898 35.6397),LAKE ISABELLA,{138.0},1,1.085801,Kern,California
POINT (-118.4088 34.4493),CANYON COUNTRY 1,{138.0},2,1.073947,Los Angeles,California
POINT (-118.49 34.4555),CANYON COUNTRY 2,{138.0},3,1.076171,Los Angeles,California
POINT (-118.4175 34.1966),VAN NUYS 4,{138.0},2,1.083782,Los Angeles,California
POINT (-118.3677 34.1766),VAN NUYS 5,{138.0},4,1.080067,Los Angeles,California
POINT (-118.353 34.0298),LOS ANGELES 3,{138.0},3,1.076674,Los Angeles,California
POINT (-118.3783 34.2178),PANORAMA CITY 1,{138.0},3,1.083565,Los Angeles,California
POINT (-118.3632 34.1798),PANORAMA CITY 2,"{345.0, 138.0}",3,1.08068,Los Angeles,California
POINT (-118.347 34.3106),SAN FERNANDO,{138.0},1,1.08639,Los Angeles,California
POINT (-118.3817 34.0993),LOS ANGELES 4,{138.0},2,1.08368,Los Angeles,California
POINT (-118.4137 33.9808),LOS ANGELES 5,{138.0},2,1.072992,Los Angeles,California
POINT (-118.4633 34.0903),SHERMAN OAKS 2,{138.0},3,1.079976,Los Angeles,California
POINT (-118.4599 34.159),VAN NUYS 6,{138.0},1,1.075383,Los Angeles,California
POINT (-118.505 34.2609),VAN NUYS 7,{138.0},1,1.07694,Los Angeles,California
POINT (-118.5067 34.0711),LOS ANGELES 6,{138.0},2,1.070576,Los Angeles,California
POINT (-118.4472 33.948),LOS ANGELES 7,"{345.0, 138.0}",2,1.073002,Los Angeles,California
POINT (-118.3371 33.9781),LOS ANGELES 8,{138.0},2,1.080106,Los Angeles,California
POINT (-118.4321 34.2318),PACOIMA 1,{138.0},2,1.072512,Los Angeles,California
POINT (-118.3754 34.2595),PACOIMA 2,{138.0},1,1.0834,Los Angeles,California
POINT (-118.3521 34.3243),PACOIMA 3,"{345.0, 138.0}",2,1.081902,Los Angeles,California
POINT (-118.3956 34.6415),SANTA CLARITA 3,{138.0},2,1.080764,Los Angeles,California
POINT (-118.3914 33.8483),LOS ANGELES 9,{138.0},1,1.078134,Los Angeles,California
POINT (-118.3373 34.017),LOS ANGELES 10,{138.0},3,1.07865,Los Angeles,California
POINT (-118.3528 34.0493),BEVERLY HILLS,{138.0},4,1.079745,Los Angeles,California
POINT (-118.3678 33.973),MANHATTAN BEACH,{138.0},1,1.074064,Los Angeles,California
POINT (-118.4982 34.2292),NORTH HOLLYWOOD 1,{138.0},2,1.078361,Los Angeles,California
POINT (-118.4554 34.1107),VALLEY VILLAGE,{138.0},2,1.078469,Los Angeles,California
POINT (-118.4271 34.056),LOS ANGELES 11,{138.0},1,1.082634,Los Angeles,California
POINT (-118.2999 34.0066),LOS ANGELES 12,{138.0},1,1.077563,Los Angeles,California
POINT (-118.3448 33.7848),HERMOSA BEACH,{138.0},1,1.067897,Los Angeles,California
POINT (-118.4484 34.0648),CULVER CITY 1,{138.0},1,1.079363,Los Angeles,California
POINT (-118.396 34.2002),STUDIO CITY,{138.0},1,1.079959,Los Angeles,California
POINT (-118.4839 34.1075),CULVER CITY 2,{138.0},1,1.077586,Los Angeles,California
POINT (-118.4641 34.2729),NORTH HOLLYWOOD 2,"{345.0, 138.0}",5,1.07706,Los Angeles,California
POINT (-118.4351 34.1147),NORTH HOLLYWOOD 3,{138.0},1,1.077453,Los Angeles,California
POINT (-118.392 33.8345),REDONDO BEACH 1,{138.0},1,1.077511,Los Angeles,California
POINT (-118.4618 33.9705),LOS ANGELES 13,{138.0},2,1.072267,Los Angeles,California
POINT (-118.3358 34.2367),SYLMAR 1,{138.0},1,1.082944,Los Angeles,California
POINT (-118.2859 34.3119),SYLMAR 2,{138.0},3,1.079624,Los Angeles,California
POINT (-118.344 34.4046),SYLMAR 3,{138.0},1,1.070383,Los Angeles,California
POINT (-118.333 34.0074),LOS ANGELES 14,{138.0},1,1.078396,Los Angeles,California
POINT (-118.3586 34.1254),NORTH HOLLYWOOD 4,{138.0},1,1.089709,Los Angeles,California
POINT (-118.3713 34.315),CANYON COUNTRY 3,{138.0},1,1.086251,Los Angeles,California
POINT (-118.4497 34.428),CANYON COUNTRY 4,{138.0},1,1.073452,Los Angeles,California
POINT (-118.3916 33.8173),REDONDO BEACH 2,{138.0},2,1.073834,Los Angeles,California
POINT (-118.3186 33.9378),REDONDO BEACH 3,{138.0},1,1.07736,Los Angeles,California
POINT (-118.3739 34.8372),LANCASTER 1,{138.0},2,1.085855,Kern,California
POINT (-118.3772 34.7255),LANCASTER 2,{138.0},1,1.083945,Los Angeles,California
POINT (-118.3495 34.1115),NORTH HOLLYWOOD 5,{138.0},1,1.086357,Los Angeles,California
POINT (-118.3166 33.7377),RANCHO PALOS VERDES,{138.0},1,1.066994,Los Angeles,California
POINT (-118.3333 34.3143),SUN VALLEY 1,{138.0},3,1.084368,Los Angeles,California
POINT (-118.3365 34.1409),LOS ANGELES 15,{138.0},1,1.085909,Los Angeles,California
POINT (-118.3744 34.1671),LOS ANGELES 16,{138.0},1,1.080161,Los Angeles,California
POINT (-118.3394 33.9121),INGLEWOOD 1,{138.0},1,1.078201,Los Angeles,California
POINT (-118.3339 33.8588),INGLEWOOD 2,{138.0},1,1.075197,Los Angeles,California
POINT (-118.397 33.9739),INGLEWOOD 3,{138.0},1,1.073869,Los Angeles,California
POINT (-118.446 33.9695),INGLEWOOD 4,{138.0},3,1.07475,Los Angeles,California
POINT (-118.4282 34.0184),LOS ANGELES 17,{138.0},3,1.076577,Los Angeles,California
POINT (-118.2798 34.0782),LOS ANGELES 18,{138.0},2,1.086497,Los Angeles,California
POINT (-118.3113 33.8412),TORRANCE 1,{138.0},1,1.073005,Los Angeles,California
POINT (-118.3317 33.7936),TORRANCE 2,{138.0},1,1.067176,Los Angeles,California
POINT (-118.4374 33.9517),LAWNDALE 1,{138.0},1,1.076864,Los Angeles,California
POINT (-118.2808 33.9003),LAWNDALE 2,{138.0},3,1.076552,Los Angeles,California
POINT (-118.3704 34.0097),LOS ANGELES 19,{138.0},1,1.074708,Los Angeles,California
POINT (-118.4142 34.0879),LOS ANGELES 20,{138.0},1,1.081273,Los Angeles,California
POINT (-118.2759 33.9583),HAWTHORNE 1,{138.0},1,1.077416,Los Angeles,California
POINT (-118.2917 34.0079),HAWTHORNE 2,{138.0},1,1.077328,Los Angeles,California
POINT (-118.3986 33.8546),HAWTHORNE 3,{138.0},2,1.078515,Los Angeles,California
POINT (-118.409 33.8761),TORRANCE 3,{138.0},2,1.082463,Los Angeles,California
POINT (-118.2874 33.7966),TORRANCE 4,{138.0},1,1.068286,Los Angeles,California
POINT (-118.311 34.0947),BURBANK 3,{138.0},5,1.094671,Los Angeles,California
POINT (-118.2693 34.1262),BURBANK 4,{138.0},2,1.084142,Los Angeles,California
POINT (-118.3714 34.0625),LOS ANGELES 21,{138.0},1,1.083517,Los Angeles,California
POINT (-118.348 34.7917),ROSAMOND 1,{138.0},2,1.084613,Los Angeles,California
POINT (-118.4281 33.9843),LOS ANGELES 22,{138.0},1,1.073806,Los Angeles,California
POINT (-118.2942 34.1059),LOS ANGELES 23,{138.0},1,1.091346,Los Angeles,California
POINT (-118.3527 33.9512),LOS ANGELES 24,"{345.0, 138.0}",3,1.072885,Los Angeles,California
POINT (-118.2861 34.2473),SUNLAND,{138.0},1,1.084099,Los Angeles,California
POINT (-118.3047 33.9054),INGLEWOOD 5,{138.0},1,1.077751,Los Angeles,California
POINT (-118.2932 34.0629),LOS ANGELES 25,{138.0},1,1.085054,Los Angeles,California
POINT (-118.3861 33.902),TORRANCE 5,{138.0},2,1.082906,Los Angeles,California
POINT (-118.2994 33.9414),TORRANCE 6,{138.0},2,1.076709,Los Angeles,California
POINT (-118.3916 34.1421),BURBANK 5,{138.0},3,1.084222,Los Angeles,California
POINT (-118.3952 34.0853),LOS ANGELES 26,{138.0},2,1.08183,Los Angeles,California
POINT (-118.2903 34.1917),BURBANK 6,{138.0},1,1.085096,Los Angeles,California
POINT (-118.3684 34.0182),LOS ANGELES 27,{138.0},1,1.078497,Los Angeles,California
POINT (-118.2619 34.0878),LOS ANGELES 28,{138.0},1,1.08797,Los Angeles,California
POINT (-118.2163 33.808),TORRANCE 7,{138.0},2,1.068007,Los Angeles,California
POINT (-118.2424 33.8079),SAN PEDRO 1,{138.0},1,1.071412,Los Angeles,California
POINT (-118.3828 34.0886),LOS ANGELES 29,{138.0},1,1.081754,Los Angeles,California
POINT (-118.3557 34.0641),LOS ANGELES 30,{138.0},2,1.081657,Los Angeles,California
POINT (-118.2294 34.0761),LOS ANGELES 31,"{345.0, 138.0}",4,1.077474,Los Angeles,California
POINT (-118.3138 33.9203),LOS ANGELES 32,{138.0},2,1.076421,Los Angeles,California
POINT (-118.2509 34.0024),LOS ANGELES 33,{138.0},2,1.077509,Los Angeles,California
POINT (-118.2141 33.986),LOS ANGELES 34,{138.0},2,1.07678,Los Angeles,California
POINT (-118.3098 33.8078),HARBOR CITY,{138.0},1,1.067906,Los Angeles,California
POINT (-118.3932 33.8889),GARDENA 1,{138.0},1,1.082976,Los Angeles,California
POINT (-118.2791 33.9804),GARDENA 2,"{345.0, 138.0}",5,1.070925,Los Angeles,California
POINT (-118.2001 34.1754),LOS ANGELES 35,{138.0},1,1.078805,Los Angeles,California
POINT (-118.2741 34.1742),LOS ANGELES 36,{138.0},1,1.086068,Los Angeles,California
POINT (-118.3175 34.1892),LOS ANGELES 37,{138.0},1,1.087336,Los Angeles,California
POINT (-118.392 34.0321),LOS ANGELES 38,{138.0},2,1.079961,Los Angeles,California
POINT (-118.2994 33.9835),LOS ANGELES 39,{138.0},1,1.074505,Los Angeles,California
POINT (-118.3661 33.9903),LOS ANGELES 40,{138.0},3,1.073946,Los Angeles,California
POINT (-118.3105 34.1515),BURBANK 7,{138.0},1,1.088026,Los Angeles,California
POINT (-118.219 34.049),LOS ANGELES 41,{138.0},1,1.078948,Los Angeles,California
POINT (-118.2674 34.0329),LOS ANGELES 42,{138.0},1,1.079402,Los Angeles,California
POINT (-118.3193 33.9516),LOS ANGELES 43,{138.0},2,1.078467,Los Angeles,California
POINT (-118.1904 34.0779),GLENDALE 1,{138.0},1,1.079254,Los Angeles,California
POINT (-118.2714 34.0789),LOS ANGELES 44,{138.0},1,1.084033,Los Angeles,California
POINT (-118.3765 33.9889),LOS ANGELES 45,"{345.0, 138.0, 13.8, 1.0}",7,1.072739,Los Angeles,California
POINT (-118.3482 33.9297),LOS ANGELES 46,{138.0},2,1.077857,Los Angeles,California
POINT (-118.2125 33.9965),LOS ANGELES 47,{138.0},2,1.076124,Los Angeles,California
POINT (-118.2579 33.7041),SAN PEDRO 2,{138.0},1,1.067536,Los Angeles,California
POINT (-118.3338 33.8289),SAN PEDRO 3,{138.0},1,1.073741,Los Angeles,California
POINT (-118.3028 34.116),LOS ANGELES 48,{138.0},2,1.087288,Los Angeles,California
POINT (-118.2092 33.954),LOS ANGELES 49,"{345.0, 138.0}",3,1.068811,Los Angeles,California
POINT (-118.2191 33.9608),LOS ANGELES 50,{138.0},2,1.081782,Los Angeles,California
POINT (-118.3366 34.1689),GLENDALE 2,{138.0},2,1.087327,Los Angeles,California
POINT (-118.1779 34.0559),LOS ANGELES 51,{138.0},1,1.08881,Los Angeles,California
POINT (-118.3587 34.0579),LOS ANGELES 52,"{345.0, 138.0}",3,1.071254,Los Angeles,California
POINT (-118.1874 33.7482),CARSON 2,{138.0},2,1.066044,Los Angeles,California
POINT (-118.2942 33.7356),CARSON 3,{138.0},2,1.068777,Los Angeles,California
POINT (-118.2275 34.0552),LOS ANGELES 53,{138.0},1,1.079158,Los Angeles,California
POINT (-118.3251 34.1257),LOS ANGELES 54,"{345.0, 138.0}",2,1.086061,Los Angeles,California
POINT (-118.2341 33.7747),WILMINGTON 1,"{1.0, 138.0, 13.8}",4,1.070209,Los Angeles,California
POINT (-118.2595 33.736),WILMINGTON 2,{138.0},2,1.06924,Los Angeles,California
POINT (-118.1796 34.1756),GLENDALE 3,{138.0},1,1.078204,Los Angeles,California
POINT (-118.1873 34.1086),LOS ANGELES 55,{138.0},1,1.080253,Los Angeles,California
POINT (-118.244 34.0815),LOS ANGELES 56,{138.0},1,1.079961,Los Angeles,California
POINT (-118.2985 34.0202),LOS ANGELES 57,{138.0},1,1.078269,Los Angeles,California
POINT (-118.3438 33.9557),LOS ANGELES 58,{138.0},2,1.08104,Los Angeles,California
POINT (-118.1774 33.8802),CARSON 4,{138.0},2,1.068403,Los Angeles,California
POINT (-118.2907 33.8298),LOS ANGELES 59,{138.0},2,1.070255,Los Angeles,California
POINT (-118.1507 34.0056),LOS ANGELES 60,{138.0},1,1.075073,Los Angeles,California
POINT (-118.1606 34.3237),LA CRESCENTA,{138.0},1,1.070295,Los Angeles,California
POINT (-118.2475 33.8541),LOS ANGELES 61,{138.0},1,1.069862,Los Angeles,California
POINT (-118.223 33.9304),LOS ANGELES 62,{138.0},1,1.074906,Los Angeles,California
POINT (-118.2337 34.2347),GLENDALE 4,{138.0},1,1.077469,Los Angeles,California
POINT (-118.1782 34.0431),GLENDALE 5,{138.0},2,1.088239,Los Angeles,California
POINT (-118.3024 34.5878),PALMDALE 1,{138.0},1,1.074714,Los Angeles,California
POINT (-118.3348 34.6304),PALMDALE 2,{138.0},1,1.07805,Los Angeles,California
POINT (-118.2235 34.0225),LOS ANGELES 63,{138.0},1,1.079809,Los Angeles,California
POINT (-118.2115 34.3016),TUJUNGA 1,{138.0},1,1.077443,Los Angeles,California
POINT (-118.2881 34.3748),TUJUNGA 2,{138.0},2,1.074316,Los Angeles,California
POINT (-118.3121 33.965),COMPTON 1,{138.0},1,1.078947,Los Angeles,California
POINT (-118.1737 33.9513),COMPTON 2,{138.0},1,1.07011,Los Angeles,California
POINT (-118.1372 33.803),COMPTON 3,{138.0},2,1.05306,Los Angeles,California
POINT (-118.1304 34.1902),LOS ANGELES 64,{138.0},1,1.077453,Los Angeles,California
POINT (-118.2131 34.1245),LOS ANGELES 65,{138.0},3,1.079905,Los Angeles,California
POINT (-118.2727 33.7947),LONG BEACH 2,{138.0},2,1.069687,Los Angeles,California
POINT (-118.2928 33.7679),LONG BEACH 3,{138.0},1,1.069494,Los Angeles,California
POINT (-118.2233 34.4233),ACTON,{138.0},1,1.068228,Los Angeles,California
POINT (-118.2575 33.9411),HUNTINGTON PARK 1,{138.0},2,1.078285,Los Angeles,California
POINT (-118.2274 33.9452),HUNTINGTON PARK 2,{138.0},2,1.081064,Los Angeles,California
POINT (-118.1623 33.9108),HUNTINGTON PARK 3,{138.0},1,1.069181,Los Angeles,California
POINT (-118.3007 34.2182),GLENDALE 6,{138.0},1,1.084473,Los Angeles,California
POINT (-118.2572 34.1987),GLENDALE 7,{138.0},2,1.080818,Los Angeles,California
POINT (-118.3023 34.1316),LOS ANGELES 66,{138.0},2,1.091434,Los Angeles,California
POINT (-118.2305 34.0625),LOS ANGELES 67,{138.0},2,1.080308,Los Angeles,California
POINT (-118.2017 33.7552),LONG BEACH 4,{138.0},1,1.06639,Los Angeles,California
POINT (-118.1257 33.8253),LONG BEACH 5,{138.0},1,1.052288,Los Angeles,California
POINT (-118.2182 34.079),LOS ANGELES 68,{138.0},1,1.078996,Los Angeles,California
POINT (-118.2037 34.1043),LOS ANGELES 69,{138.0},1,1.079443,Los Angeles,California
POINT (-118.21 33.9622),COMPTON 4,{138.0},1,1.081141,Los Angeles,California
POINT (-118.2507 33.7881),COMPTON 5,{138.0},1,1.070684,Los Angeles,California
POINT (-118.2016 34.2199),LA CANADA FLINTRIDGE,{138.0},1,1.081083,Los Angeles,California
POINT (-118.2341 33.9681),LYNWOOD 1,{138.0},1,1.080864,Los Angeles,California
POINT (-118.1543 33.9525),LYNWOOD 2,{138.0},2,1.071995,Los Angeles,California
POINT (-118.1645 33.9598),LOS ANGELES 70,{138.0},2,1.074326,Los Angeles,California
POINT (-118.1782 34.0966),LOS ANGELES 71,{138.0},1,1.080241,Los Angeles,California
POINT (-118.0455 33.692),LONG BEACH 6,"{345.0, 138.0}",3,1.056103,Orange,California
POINT (-118.2217 33.8198),LONG BEACH 7,{138.0},1,1.069321,Los Angeles,California
POINT (-118.2809 33.8586),SOUTH GATE 1,{138.0},1,1.072657,Los Angeles,California
POINT (-118.151 34.0323),SOUTH GATE 2,{138.0},1,1.081973,Los Angeles,California
POINT (-118.2128 33.9242),SOUTH GATE 3,{138.0},1,1.077582,Los Angeles,California
POINT (-118.1692 34.1554),LOS ANGELES 72,{138.0},1,1.079366,Los Angeles,California
POINT (-118.1477 34.0698),LOS ANGELES 73,{138.0},1,1.081131,Los Angeles,California
POINT (-118.2267 33.7856),LONG BEACH 8,{138.0},1,1.070416,Los Angeles,California
POINT (-118.2344 33.7129),LONG BEACH 9,{138.0},2,1.066856,Los Angeles,California
POINT (-118.2545 34.0206),MAYWOOD,{138.0},1,1.08042,Los Angeles,California
POINT (-118.1373 34.1069),LOS ANGELES 74,{138.0},1,1.079609,Los Angeles,California
POINT (-118.1229 33.9984),LOS ANGELES 75,{138.0},2,1.058859,Los Angeles,California
POINT (-118.2411 33.982),LOS ANGELES 76,{138.0},1,1.077981,Los Angeles,California
POINT (-118.2696 34.1484),LOS ANGELES 77,{138.0},1,1.086754,Los Angeles,California
POINT (-118.2624 33.93),LONG BEACH 10,"{345.0, 138.0}",2,1.07345,Los Angeles,California
POINT (-118.1739 33.8462),LONG BEACH 11,{138.0},2,1.063132,Los Angeles,California
POINT (-118.2457 33.8317),LONG BEACH 12,{138.0},1,1.070778,Los Angeles,California
POINT (-118.1992 33.8553),LONG BEACH 13,{138.0},1,1.068174,Los Angeles,California
POINT (-118.2676 33.8537),LONG BEACH 14,{138.0},1,1.071495,Los Angeles,California
POINT (-118.2545 33.9109),BELL GARDENS 1,{138.0},4,1.077165,Los Angeles,California
POINT (-118.0959 33.9118),BELL GARDENS 2,{138.0},1,1.053568,Los Angeles,California
POINT (-118.1805 33.9657),BELL GARDENS 3,{138.0},1,1.079601,Los Angeles,California
POINT (-118.2008 33.9789),PARAMOUNT 1,{138.0},2,1.077135,Los Angeles,California
POINT (-118.2414 33.8255),PARAMOUNT 2,{138.0},1,1.071568,Los Angeles,California
POINT (-118.1284 34.2223),PASADENA 1,{138.0},2,1.073725,Los Angeles,California
POINT (-118.2197 34.1557),SOUTH PASADENA,{138.0},1,1.078992,Los Angeles,California
POINT (-118.0684 34.104),LOS ANGELES 78,"{345.0, 138.0, 13.8, 1.0}",4,1.070934,Los Angeles,California
POINT (-118.2112 33.9398),LOS ANGELES 79,{138.0},1,1.082014,Los Angeles,California
POINT (-118.1446 34.7178),LANCASTER 3,{138.0},2,1.069857,Los Angeles,California
POINT (-118.1273 34.6359),LANCASTER 4,{138.0},2,1.062464,Los Angeles,California
POINT (-118.039 33.6855),LONG BEACH 15,{138.0},2,1.058628,Orange,California
POINT (-118.22 33.8561),LONG BEACH 16,{138.0},1,1.068693,Los Angeles,California
POINT (-118.1686 33.7653),LAKEWOOD 6,{138.0},1,1.064418,Los Angeles,California
POINT (-118.1015 33.8761),LAKEWOOD 7,{138.0},1,1.066304,Los Angeles,California
POINT (-118.1861 34.0024),ALHAMBRA 1,{138.0},1,1.075467,Los Angeles,California
POINT (-118.0526 33.7261),LONG BEACH 17,{138.0},1,1.05775,Orange,California
POINT (-118.1466 34.0875),MONTEREY PARK,{138.0},2,1.083052,Los Angeles,California
POINT (-118.1879 34.0169),DOWNEY 1,{138.0},2,1.076347,Los Angeles,California
POINT (-118.0441 33.8966),DOWNEY 2,{138.0},3,1.051711,Los Angeles,California
POINT (-118.2288 34.1253),PASADENA 2,{138.0},2,1.07976,Los Angeles,California
POINT (-118.0838 34.1385),ALTADENA 1,{138.0},1,1.066458,Los Angeles,California
POINT (-118.2188 34.2488),ALTADENA 2,{138.0},1,1.075722,Los Angeles,California
POINT (-118.0407 33.8185),LONG BEACH 18,{138.0},1,1.057405,Orange,California
POINT (-118.02 33.6691),LONG BEACH 19,{138.0},2,1.057305,Orange,California
POINT (-118.1094 34.1493),PASADENA 3,{138.0},1,1.081775,Los Angeles,California
POINT (-118.1417 34.0011),DOWNEY 3,{138.0},3,1.075791,Los Angeles,California
POINT (-118.064 34.031),DOWNEY 4,{138.0},1,1.072635,Los Angeles,California
POINT (-118.0533 34.1796),ALHAMBRA 2,{138.0},3,1.064753,Los Angeles,California
POINT (-118.162 34.0417),ALHAMBRA 3,"{345.0, 138.0}",2,1.079628,Los Angeles,California
POINT (-118.1138 33.8589),BELLFLOWER 1,{138.0},1,1.074683,Los Angeles,California
POINT (-118.1015 33.8148),BELLFLOWER 2,{138.0},2,1.052247,Los Angeles,California
POINT (-118.0458 34.0699),PASADENA 4,{138.0},2,1.070156,Los Angeles,California
POINT (-118.2179 34.3761),PALMDALE 3,"{345.0, 138.0}",3,1.074634,Los Angeles,California
POINT (-118.0794 34.3671),PALMDALE 4,{138.0},1,1.067184,Los Angeles,California
POINT (-118.151 33.8846),DOWNEY 5,{138.0},1,1.065163,Los Angeles,California
POINT (-118.0353 33.7784),LONG BEACH 20,{138.0},2,1.057895,Orange,California
POINT (-118.2011 33.8388),LONG BEACH 21,{138.0},1,1.071877,Los Angeles,California
POINT (-118.0763 33.7719),LAKEWOOD 8,{138.0},4,1.058875,Orange,California
POINT (-118.1307 33.8807),LONG BEACH 22,{138.0},1,1.063062,Los Angeles,California
POINT (-118.0271 33.7929),LONG BEACH 23,{138.0},2,1.055503,Orange,California
POINT (-118.2039 33.9669),MONTEBELLO 1,{138.0},3,1.078896,Los Angeles,California
POINT (-118.0453 33.9436),MONTEBELLO 2,{138.0},1,1.043743,Los Angeles,California
POINT (-118.1051 34.0325),SAN GABRIEL 1,{138.0},1,1.080006,Los Angeles,California
POINT (-118.0064 34.0735),SAN GABRIEL 2,{138.0},1,1.075761,Los Angeles,California
POINT (-118.1866 34.0612),PICO RIVERA 1,{138.0},1,1.07858,Los Angeles,California
POINT (-118.0853 34.0734),PICO RIVERA 2,{138.0},2,1.085942,Los Angeles,California
POINT (-118.1312 34.0688),PASADENA 5,{138.0},1,1.086435,Los Angeles,California
POINT (-118.0147 34.2482),PASADENA 6,{138.0},1,1.066515,Los Angeles,California
POINT (-118.1294 34.0105),ROSEMEAD 1,{138.0},1,1.079776,Los Angeles,California
POINT (-118.0325 34.0472),ROSEMEAD 2,"{1.0, 138.0, 18.0}",6,1.071215,Los Angeles,California
POINT (-118.1069 33.9175),NORWALK 1,{138.0},1,1.060237,Los Angeles,California
POINT (-118.1381 33.9191),NORWALK 2,{138.0},1,1.062494,Los Angeles,California
POINT (-118.1056 33.9708),NORWALK 3,"{345.0, 138.0, 13.8, 1.0}",4,1.033445,Los Angeles,California
POINT (-118.0018 33.9227),ARTESIA,{138.0},3,1.05513,Los Angeles,California
POINT (-118.1728 33.7795),LAKEWOOD 9,{138.0},3,1.064813,Los Angeles,California
POINT (-118.0365 33.7623),SEAL BEACH,{138.0},1,1.057353,Orange,California
POINT (-118.1283 33.7899),CERRITOS 1,{138.0},1,1.055154,Los Angeles,California
POINT (-118.0151 33.7807),CERRITOS 2,{138.0},1,1.057138,Orange,California
POINT (-117.9695 34.0306),WHITTIER 1,{138.0},1,1.072799,Los Angeles,California
POINT (-118.1291 33.9066),SANTA FE SPRINGS,{138.0},2,1.062136,Los Angeles,California
POINT (-118.1159 34.1795),TEMPLE CITY 1,{138.0},1,1.080927,Los Angeles,California
POINT (-117.9912 34.0495),TEMPLE CITY 2,{138.0},2,1.069678,Los Angeles,California
POINT (-118.1013 34.1105),SOUTH EL MONTE 1,{138.0},1,1.077102,Los Angeles,California
POINT (-118.0347 34.0357),SOUTH EL MONTE 2,{138.0},1,1.070767,Los Angeles,California
POINT (-118.0824 34.1167),ARCADIA 1,{138.0},1,1.067797,Los Angeles,California
POINT (-118.107 34.0821),ARCADIA 2,{138.0},2,1.084189,Los Angeles,California
POINT (-117.9963 34.0324),EL MONTE 1,{138.0},1,1.075398,Los Angeles,California
POINT (-118.0577 33.8556),CYPRESS 1,{138.0},1,1.052403,Los Angeles,California
POINT (-118.068 33.7935),CYPRESS 2,{138.0},2,1.05616,Orange,California
POINT (-117.9606 33.9208),WHITTIER 2,{138.0},1,1.059008,Orange,California
POINT (-117.9608 34.0977),WHITTIER 3,{138.0},2,1.081652,Los Angeles,California
POINT (-118.0331 34.1117),ARCADIA 3,{138.0},1,1.072174,Los Angeles,California
POINT (-117.9489 34.0823),ARCADIA 4,{138.0},2,1.078693,Los Angeles,California
POINT (-118.0295 34.0078),WHITTIER 4,{138.0},1,1.075553,Los Angeles,California
POINT (-118.081 33.8959),WHITTIER 5,{138.0},1,1.052708,Los Angeles,California
POINT (-117.963 34.6506),PALMDALE 5,{138.0},2,1.055515,Los Angeles,California
POINT (-118.0072 34.479),PALMDALE 6,{138.0},1,1.06929,Los Angeles,California
POINT (-117.9854 34.1137),EL MONTE 2,"{345.0, 138.0}",2,1.072651,Los Angeles,California
POINT (-118.0526 34.1486),EL MONTE 3,{138.0},1,1.066979,Los Angeles,California
POINT (-118.0277 33.9963),WHITTIER 6,{138.0},1,1.07554,Los Angeles,California
POINT (-117.9737 33.9014),WHITTIER 7,{138.0},1,1.056734,Orange,California
POINT (-117.9726 33.8111),LA MIRADA,{138.0},1,1.059945,Orange,California
POINT (-117.942 34.2077),MONROVIA 1,{138.0},2,1.073473,Los Angeles,California
POINT (-117.9166 34.0529),MONROVIA 2,{138.0},2,1.078756,Los Angeles,California
POINT (-117.9653 33.9782),WHITTIER 8,{138.0},1,1.069656,Los Angeles,California
POINT (-118.0156 34.1034),LA PUENTE 1,{138.0},2,1.073779,Los Angeles,California
POINT (-118.0505 34.1042),LA PUENTE 2,{138.0},1,1.071573,Los Angeles,California
POINT (-117.9502 34.5709),LITTLEROCK,{138.0},1,1.076588,Los Angeles,California
POINT (-117.9273 33.9542),HACIENDA HEIGHTS 1,{138.0},1,1.07199,Los Angeles,California
POINT (-118.0327 33.9189),HACIENDA HEIGHTS 2,"{345.0, 138.0}",2,1.060032,Los Angeles,California
POINT (-117.873 34.0059),BALDWIN PARK 1,{138.0},3,1.072734,Los Angeles,California
POINT (-117.9831 34.0222),BALDWIN PARK 2,{138.0},2,1.069807,Los Angeles,California
POINT (-117.903 34.0887),BALDWIN PARK 3,{138.0},1,1.070034,Los Angeles,California
POINT (-118.0138 34.1343),DUARTE 1,{138.0},1,1.07928,Los Angeles,California
POINT (-117.9199 34.2174),DUARTE 2,{138.0},1,1.071567,Los Angeles,California
POINT (-117.9435 33.8635),LA HABRA 1,{138.0},1,1.054359,Orange,California
POINT (-118.0249 33.9518),LA HABRA 2,{138.0},3,1.045741,Los Angeles,California
POINT (-117.9714 34.0553),WEST COVINA 1,{138.0},1,1.069839,Los Angeles,California
POINT (-117.8425 33.9892),WEST COVINA 2,{138.0},1,1.073651,Los Angeles,California
POINT (-117.8714 34.1076),LA PUENTE 3,{138.0},2,1.070291,Los Angeles,California
POINT (-117.9334 34.1225),LA PUENTE 4,{138.0},1,1.081438,Los Angeles,California
POINT (-117.8825 34.1271),COVINA 1,{138.0},1,1.070848,Los Angeles,California
POINT (-117.9014 34.1636),COVINA 2,{138.0},1,1.072705,Los Angeles,California
POINT (-117.9795 33.9881),WEST COVINA 3,{138.0},2,1.073298,Los Angeles,California
POINT (-117.8861 34.0491),WEST COVINA 4,{138.0},1,1.073866,Los Angeles,California
POINT (-117.8621 33.9252),ROWLAND HEIGHTS 1,{138.0},1,1.048149,Orange,California
POINT (-117.9366 33.8934),ROWLAND HEIGHTS 2,{138.0},1,1.054474,Orange,California
POINT (-117.8479 34.0238),WEST COVINA 5,{138.0},4,1.07291,Los Angeles,California
POINT (-117.9205 34.0762),WEST COVINA 6,"{1.0, 138.0, 18.0}",4,1.074237,Los Angeles,California
POINT (-117.9595 34.1363),COVINA 3,{138.0},1,1.082771,Los Angeles,California
POINT (-117.7978 35.0958),CALIFORNIA CITY,{138.0},1,1.088979,Kern,California
POINT (-117.789 34.3051),AZUSA 1,{138.0},2,1.055139,Los Angeles,California
POINT (-117.9637 34.2367),AZUSA 2,"{345.0, 138.0, 13.8, 1.0}",6,1.066339,Los Angeles,California
POINT (-117.9265 34.7784),LANCASTER 5,{138.0},1,1.051474,Los Angeles,California
POINT (-117.7705 34.6668),LANCASTER 6,"{345.0, 138.0, 13.8, 1.0}",5,1.077064,Los Angeles,California
POINT (-117.7886 34.0362),GLENDORA 1,{138.0},2,1.073237,Los Angeles,California
POINT (-117.7842 34.0697),WALNUT 1,{138.0},2,1.074071,Los Angeles,California
POINT (-117.7927 34.0085),WALNUT 2,{138.0},1,1.074859,Los Angeles,California
POINT (-117.8165 34.1507),COVINA 4,{138.0},1,1.070324,Los Angeles,California
POINT (-117.7683 34.1222),GLENDORA 2,{138.0},1,1.069237,Los Angeles,California
POINT (-117.7703 34.1891),GLENDORA 3,{138.0},1,1.068453,Los Angeles,California
POINT (-117.7931 34.0704),DIAMOND BAR 1,{138.0},3,1.074752,Los Angeles,California
POINT (-117.9141 33.9387),DIAMOND BAR 2,{138.0},1,1.07108,Orange,California
POINT (-117.7654 34.5035),PALMDALE 7,{138.0},2,1.062689,Los Angeles,California
POINT (-117.8272 34.1736),SAN DIMAS 1,{138.0},1,1.068161,Los Angeles,California
POINT (-117.8492 34.1903),SAN DIMAS 2,{138.0},1,1.06791,Los Angeles,California
POINT (-117.7334 34.0385),POMONA 1,{138.0},3,1.067499,Los Angeles,California
POINT (-117.8491 34.1251),POMONA 2,{138.0},2,1.073065,Los Angeles,California
POINT (-117.7242 34.1522),LA VERNE 1,{138.0},2,1.063914,Los Angeles,California
POINT (-117.7778 34.205),LA VERNE 2,{138.0},1,1.0664,Los Angeles,California
POINT (-117.7964 33.9475),POMONA 3,"{345.0, 138.0, 13.8, 1.0}",4,1.048023,Los Angeles,California
POINT (-117.7409 33.9559),POMONA 4,{138.0},3,1.071458,San Bernardino,California
POINT (-117.7479 34.0621),POMONA 5,{138.0},1,1.071281,Los Angeles,California
POINT (-117.824 34.1235),POMONA 6,"{345.0, 138.0}",3,1.063201,Los Angeles,California
POINT (-117.7999 34.1242),CLAREMONT 1,{138.0},1,1.070782,Los Angeles,California
POINT (-117.8025 34.1986),CLAREMONT 2,{138.0},1,1.066902,Los Angeles,California
POINT (-117.669 35.6925),RIDGECREST 1,{138.0},4,1.093955,Kern,California
POINT (-117.6322 35.5741),RIDGECREST 2,{138.0},2,1.093777,San Bernardino,California
POINT (-117.617 34.3747),WRIGHTWOOD,{138.0},2,1.060643,San Bernardino,California
POINT (-119.1689 34.1292),OXNARD 9,"{1.0, 138.0, 13.2, 13.8, 345.0, 765.0}",8,1.066205,Ventura,California
POINT (-118.4612 34.9349),ROSAMOND 2,"{345.0, 138.0, 13.8}",3,1.090261,Kern,California
POINT (-118.2924 35.0609),MOJAVE 1,{138.0},1,1.094776,Kern,California
POINT (-118.2491 33.8759),CARSON 5,"{138.0, 13.8}",3,1.075057,Los Angeles,California
POINT (-118.8519 35.3),BAKERSFIELD 21,{138.0},1,1.084516,Kern,California
POINT (-119.1667 34.196),OXNARD 10,{138.0},3,1.086018,Ventura,California
POINT (-119.9166 35.3237),SANTA MARGARITA 1,"{345.0, 138.0, 18.0, 1.0}",7,1.095072,San Luis Obispo,California
POINT (-118.4325 34.8914),ROSAMOND 3,"{345.0, 138.0, 13.8}",3,1.076281,Kern,California
POINT (-118.2282 33.777),CARSON 6,"{1.0, 138.0, 13.8}",4,1.080716,Los Angeles,California
POINT (-118.2141 33.7684),LONG BEACH 24,{138.0},2,1.070552,Los Angeles,California
POINT (-118.1754 35.248),CANTIL,"{1.0, 138.0, 13.8, 18.0, 345.0}",5,1.093451,Kern,California
POINT (-118.2953 35.0239),MOJAVE 2,"{138.0, 13.8, 18.0, 345.0, 765.0}",5,1.074233,Kern,California
POINT (-117.5557 35.0122),BORON 1,"{345.0, 138.0, 13.8, 1.0}",5,1.0844,San Bernardino,California
POINT (-118.2448 33.8166),CARSON 7,"{345.0, 138.0}",2,1.06702,Los Angeles,California
POINT (-117.9449 34.0089),LA PUENTE 5,"{345.0, 138.0, 765.0}",4,1.064266,Los Angeles,California
POINT (-119.9001 34.4314),GOLETA 3,"{138.0, 20.0}",4,1.092215,Santa Barbara,California
POINT (-118.4244 34.7803),LANCASTER 7,"{345.0, 138.0, 13.8, 765.0}",4,1.081258,Los Angeles,California
POINT (-118.148 34.1254),PASADENA 7,"{138.0, 13.8}",2,1.068228,Los Angeles,California
POINT (-119.0062 35.5763),BAKERSFIELD 22,{138.0},1,1.090638,Kern,California
POINT (-119.2469 34.2056),OXNARD 11,"{138.0, 13.8}",3,1.094958,Ventura,California
POINT (-118.3345 34.9383),ROSAMOND 4,"{345.0, 138.0, 18.0}",5,1.089785,Kern,California
POINT (-118.2469 35.2608),TEHACHAPI 3,{138.0},1,1.096553,Kern,California
POINT (-118.2383 34.9003),ROSAMOND 5,{138.0},1,1.090587,Kern,California
POINT (-118.844 34.9556),LEBEC 1,"{138.0, 13.8, 24.0, 345.0, 765.0}",9,1.065425,Kern,California
POINT (-119.0512 35.7415),BAKERSFIELD 23,"{138.0, 13.8}",3,1.087058,Kern,California
POINT (-119.7375 35.4791),TUPMAN 1,"{138.0, 18.0}",2,1.095966,Kern,California
POINT (-118.9617 35.4406),BAKERSFIELD 24,{138.0},1,1.088978,Kern,California
POINT (-118.3147 34.1772),BURBANK 8,{138.0},1,1.089338,Los Angeles,California
POINT (-118.3167 35.0697),MOJAVE 3,{138.0},1,1.09334,Kern,California
POINT (-118.9544 35.1028),BAKERSFIELD 25,{138.0},1,1.076053,Kern,California
POINT (-118.425 33.9106),EL SEGUNDO 1,"{1.0, 138.0, 13.8, 18.0, 345.0}",8,1.085261,Los Angeles,California
POINT (-118.2399 33.7592),LONG BEACH 25,{138.0},3,1.071093,Los Angeles,California
POINT (-118.1046 33.9296),NORWALK 4,"{345.0, 138.0, 20.0, 13.8}",4,1.064566,Los Angeles,California
POINT (-118.3528 34.8486),ROSAMOND 6,"{345.0, 138.0}",3,1.085667,Kern,California
POINT (-118.4242 33.9098),EL SEGUNDO 2,"{138.0, 13.8}",2,1.091516,Los Angeles,California
POINT (-118.1856 35.0267),MOJAVE 4,"{138.0, 13.8}",4,1.08782,Kern,California
POINT (-119.2769 35.7906),DELANO 3,{138.0},1,1.087798,Tulare,California
POINT (-118.4547 34.5902),SANTA CLARITA 4,{138.0},1,1.082955,Los Angeles,California
POINT (-118.2572 35.05),MOJAVE 5,"{1.0, 138.0, 13.8, 18.0, 22.0, 345.0}",12,1.087872,Kern,California
POINT (-118.3372 35.1011),TEHACHAPI 4,{138.0},2,1.09391,Kern,California
POINT (-119.0401 35.5165),BAKERSFIELD 26,"{138.0, 18.0, 13.8}",3,1.093968,Kern,California
POINT (-119.0305 35.509),BAKERSFIELD 27,"{1.0, 138.0, 22.0}",4,1.067583,Kern,California
POINT (-118.3547 35.0542),TEHACHAPI 5,"{345.0, 138.0, 13.8}",6,1.066883,Kern,California
POINT (-118.2248 33.7641),LONG BEACH 26,"{345.0, 138.0}",2,1.067171,Los Angeles,California
POINT (-118.2233 35.0268),MOJAVE 6,"{138.0, 18.0}",3,1.095284,Kern,California
POINT (-118.1714 35.0506),MOJAVE 7,{138.0},1,1.096567,Kern,California
POINT (-117.5659 35.0148),BORON 2,{138.0},1,1.085823,San Bernardino,California
POINT (-119.046 35.5005),BAKERSFIELD 28,"{138.0, 18.0}",3,1.092146,Kern,California
POINT (-120.0444 34.4648),GOLETA 4,{138.0},2,1.089661,Santa Barbara,California
POINT (-118.1494 34.126),PASADENA 8,"{345.0, 138.0}",3,1.078236,Los Angeles,California
POINT (-118.2644 33.7856),WILMINGTON 3,"{345.0, 138.0, 765.0}",3,1.056741,Los Angeles,California
POINT (-118.3247 34.6892),LANCASTER 8,"{345.0, 138.0, 13.8, 1.0}",4,1.082127,Los Angeles,California
POINT (-118.2932 35.0309),MOJAVE 8,"{138.0, 13.8}",2,1.06847,Kern,California
POINT (-118.3158 35.075),MOJAVE 9,{138.0},2,1.093375,Kern,California
POINT (-119.662 35.3195),MC KITTRICK 1,{138.0},1,1.089754,Kern,California
POINT (-118.2219 33.9986),LOS ANGELES 80,"{345.0, 138.0, 22.0, 1.0}",4,1.07719,Los Angeles,California
POINT (-118.2348 35.0267),MOJAVE 10,"{138.0, 22.0}",2,1.096169,Kern,California
POINT (-119.1664 34.1958),OXNARD 12,"{345.0, 138.0, 13.8, 1.0}",4,1.08245,Ventura,California
POINT (-119.0129 35.4405),BAKERSFIELD 29,{138.0},1,1.088029,Kern,California
POINT (-118.2118 35.0434),MOJAVE 11,"{345.0, 138.0, 13.8}",3,1.081421,Kern,California
POINT (-119.0298 35.4837),BAKERSFIELD 30,{138.0},1,1.090343,Kern,California
POINT (-118.395 33.8504),REDONDO BEACH 4,"{138.0, 13.8, 18.0, 345.0, 765.0}",8,1.046897,Los Angeles,California
POINT (-117.7742 34.0594),POMONA 7,"{345.0, 138.0}",4,1.060054,Los Angeles,California
POINT (-118.4439 34.0692),LOS ANGELES 81,{138.0},3,1.079785,Los Angeles,California
POINT (-118.4031 33.9058),EL SEGUNDO 3,"{1.0, 138.0, 13.8}",5,1.093287,Los Angeles,California
POINT (-118.9266 35.4192),BAKERSFIELD 31,{138.0},1,1.088554,Kern,California
POINT (-119.2511 34.2067),OXNARD 13,"{138.0, 13.8, 22.0, 345.0, 765.0}",6,1.068633,Ventura,California
POINT (-118.2867 33.7686),WILMINGTON 4,"{24.0, 138.0, 18.0}",3,1.078944,Los Angeles,California
POINT (-118.3147 34.1764),BURBANK 9,{138.0},2,1.089268,Los Angeles,California
POINT (-118.3534 35.0337),MOJAVE 12,"{138.0, 13.8}",2,1.096956,Kern,California
POINT (-119.585 35.2097),FELLOWS 1,"{138.0, 13.8, 18.0, 345.0, 765.0}",6,1.067206,Kern,California
POINT (-119.0299 35.4837),BAKERSFIELD 32,"{345.0, 138.0, 18.0}",4,1.084913,Kern,California
POINT (-118.3913 34.245),SUN VALLEY 2,"{138.0, 13.8, 18.0, 345.0, 765.0}",7,1.065533,Los Angeles,California
POINT (-118.2836 33.7683),CARSON 8,"{1.0, 138.0, 18.0, 20.0}",6,1.073012,Los Angeles,California
POINT (-119.4436 35.093),TAFT 2,"{345.0, 138.0, 13.8}",4,1.076309,Kern,California
POINT (-118.0241 34.0233),WHITTIER 9,"{345.0, 138.0, 13.8, 1.0}",5,1.046687,Los Angeles,California
POINT (-118.2347 33.7917),CARSON 9,{138.0},3,1.071801,Los Angeles,California
POINT (-118.7881 34.6853),LEBEC 2,"{345.0, 138.0, 18.0}",4,1.080294,Los Angeles,California
POINT (-118.1864 35.3478),WELDON,"{345.0, 138.0, 13.8}",3,1.076866,Kern,California
POINT (-119.2337 35.7144),DELANO 4,"{345.0, 138.0}",2,1.095253,Kern,California
POINT (-117.5661 35.021),BORON 3,"{138.0, 13.8}",2,1.084907,San Bernardino,California
POINT (-118.1009 33.7688),LONG BEACH 27,"{138.0, 13.8, 18.0, 20.0, 345.0, 765.0}",10,1.031098,Los Angeles,California
POINT (-118.4999 34.3801),NEWHALL 3,"{345.0, 138.0, 13.8, 1.0}",5,1.084018,Los Angeles,California
POINT (-117.701 35.0329),BORON 4,"{138.0, 13.8}",3,1.083734,Kern,California
POINT (-118.2422 35.0086),MOJAVE 13,"{1.0, 138.0, 13.8, 18.0, 345.0}",7,1.093102,Kern,California
POINT (-118.39 35.065),MOJAVE 14,"{138.0, 13.8}",6,1.088873,Kern,California
POINT (-118.3153 34.1786),BURBANK 10,"{138.0, 13.8, 18.0, 345.0, 765.0}",5,1.067166,Los Angeles,California
POINT (-120.8555 35.2115),AVILA BEACH,"{138.0, 13.8, 24.0, 345.0, 765.0}",7,1.095196,San Luis Obispo,California
POINT (-118.33 33.8534),TORRANCE 8,"{1.0, 138.0, 18.0}",5,1.076533,Los Angeles,California
POINT (-120.0686 35.4056),SANTA MARGARITA 2,"{138.0, 13.8, 13.2, 18.0, 345.0, 765.0}",8,1.090171,San Luis Obispo,California
POINT (-118.5047 34.7892),LANCASTER 9,{138.0},2,1.085858,Los Angeles,California
POINT (-119.4707 35.2803),TUPMAN 2,"{1.0, 138.0, 13.8, 18.0, 20.0, 345.0, 765.0}",8,1.077816,Kern,California
POINT (-119.5919 35.2956),MC KITTRICK 2,"{138.0, 13.8, 18.0, 345.0, 765.0}",7,1.082491,Kern,California
POINT (-119.6294 35.2269),FELLOWS 2,"{345.0, 138.0, 13.8, 1.0}",4,1.089897,Kern,California
POINT (-118.0991 33.7647),LONG BEACH 28,"{138.0, 13.8, 22.0, 24.0, 345.0}",14,1.045577,Los Angeles,California
POINT (-119.571 35.1946),FELLOWS 3,{138.0},1,1.090718,Kern,California
POINT (-118.2303 33.7771),WILMINGTON 5,"{1.0, 138.0, 13.8, 22.0}",8,1.076861,Los Angeles,California
POINT (-118.6566 34.5872),CASTAIC 3,"{138.0, 13.8, 13.2, 18.0, 345.0, 765.0}",11,1.075905,Los Angeles,California
POINT (-118.4362 35.7762),KERNVILLE,"{345.0, 138.0}",2,1.090745,Kern,California
POINT (-118.4949 34.3841),NEWHALL 4,"{138.0, 13.8}",2,1.079574,Los Angeles,California
POINT (-118.2414 35.0083),MOJAVE 15,"{138.0, 13.8}",3,1.079518,Kern,California
POINT (-118.4276 33.9182),PLAYA DEL REY,"{345.0, 138.0, 13.8, 765.0}",6,1.046443,Los Angeles,California
POINT (-119.4299 35.0968),BAKERSFIELD 33,"{138.0, 13.8}",2,1.082235,Kern,California
POINT (-118.5251 34.5343),SANTA CLARITA 5,"{1.0, 138.0, 13.8, 18.0, 24.0, 345.0}",9,1.083793,Los Angeles,California
POINT (-119.7075 35.4386),MC KITTRICK 3,"{345.0, 138.0, 13.8, 1.0}",4,1.092174,Kern,California
POINT (-118.2 35.06),MOJAVE 16,"{138.0, 22.0}",3,1.097497,Kern,California
POINT (-118.3967 34.8022),ROSAMOND 7,{138.0},1,1.085526,Los Angeles,California
POINT (-118.2782 34.1556),GLENDALE 8,"{345.0, 138.0}",2,1.084771,Los Angeles,California
POINT (-118.0287 33.6965),LOS ALAMITOS,{138.0},1,1.058093,Orange,California
POINT (-118.0342 33.7682),HUNTINGTON BEACH 1,{138.0},2,1.057288,Orange,California
POINT (-118.1095 33.7639),HUNTINGTON BEACH 2,{138.0},1,1.059553,Los Angeles,California
POINT (-118.0438 33.8797),BUENA PARK 1,{138.0},1,1.054184,Los Angeles,California
POINT (-117.9934 33.7741),BUENA PARK 2,{138.0},1,1.058261,Orange,California
POINT (-118.0915 33.7672),HUNTINGTON BEACH 3,{138.0},2,1.061334,Orange,California
POINT (-118.0058 33.6582),HUNTINGTON BEACH 4,{138.0},1,1.056989,Orange,California
POINT (-118.0438 33.8023),STANTON 1,{138.0},1,1.054809,Orange,California
POINT (-117.9668 33.7709),WESTMINSTER 1,{138.0},1,1.053205,Orange,California
POINT (-118.0273 33.722),WESTMINSTER 2,"{345.0, 138.0}",3,1.056084,Orange,California
POINT (-117.9283 33.7523),WESTMINSTER 3,{138.0},2,1.054648,Orange,California
POINT (-118.0043 33.8842),BUENA PARK 3,{138.0},2,1.053382,Los Angeles,California
POINT (-117.9589 33.8056),GARDEN GROVE 1,{138.0},3,1.059144,Orange,California
POINT (-118.0074 33.8607),GARDEN GROVE 2,{138.0},1,1.053609,Orange,California
POINT (-118.0443 33.7684),ANAHEIM 1,{138.0},1,1.057844,Orange,California
POINT (-118.074 33.7865),ANAHEIM 2,"{345.0, 138.0}",2,1.05101,Orange,California
POINT (-117.9927 33.7359),ANAHEIM 3,{138.0},2,1.059621,Orange,California
POINT (-117.9141 33.702),GARDEN GROVE 3,{138.0},2,1.054334,Orange,California
POINT (-118.0136 33.7527),HUNTINGTON BEACH 5,{138.0},1,1.057055,Orange,California
POINT (-117.9272 33.6056),HUNTINGTON BEACH 6,{138.0},2,1.054657,Orange,California
POINT (-117.8927 33.9414),FULLERTON 1,{138.0},1,1.07088,Orange,California
POINT (-117.9557 33.7877),FULLERTON 2,{138.0},2,1.059302,Orange,California
POINT (-117.8642 33.7851),ANAHEIM 4,"{345.0, 138.0}",3,1.055137,Orange,California
POINT (-117.9416 33.7948),ANAHEIM 5,"{345.0, 138.0}",2,1.055754,Orange,California
POINT (-117.8972 33.6391),FOUNTAIN VALLEY 1,{138.0},2,1.055838,Orange,California
POINT (-118.0467 33.7061),FOUNTAIN VALLEY 2,{138.0},1,1.057878,Orange,California
POINT (-117.8167 33.5543),NEWPORT BEACH 1,{138.0},2,1.059193,Orange,California
POINT (-117.8645 33.7787),GARDEN GROVE 4,{138.0},1,1.060657,Orange,California
POINT (-117.8336 33.7212),GARDEN GROVE 5,"{345.0, 138.0}",4,1.049411,Orange,California
POINT (-117.8683 33.863),GARDEN GROVE 6,{138.0},2,1.051286,Orange,California
POINT (-117.9758 33.819),GARDEN GROVE 7,{138.0},1,1.058788,Orange,California
POINT (-117.9311 33.804),FULLERTON 3,{138.0},1,1.058023,Orange,California
POINT (-117.8573 33.7985),ANAHEIM 6,{138.0},1,1.058567,Orange,California
POINT (-117.8792 33.8682),ANAHEIM 7,"{1.0, 138.0, 13.8}",4,1.051332,Orange,California
POINT (-117.8385 33.5947),COSTA MESA 1,"{345.0, 138.0, 18.0, 1.0}",4,1.050278,Orange,California
POINT (-117.9511 33.6805),COSTA MESA 2,{138.0},2,1.055366,Orange,California
POINT (-117.8988 33.8384),FULLERTON 4,{138.0},1,1.054902,Orange,California
POINT (-117.8519 33.6033),COSTA MESA 3,{138.0},1,1.054526,Orange,California
POINT (-117.8835 33.6826),COSTA MESA 4,{138.0},1,1.056367,Orange,California
POINT (-117.8858 33.7141),SANTA ANA 1,{138.0},2,1.064467,Orange,California
POINT (-117.974 33.6871),SANTA ANA 2,{138.0},1,1.054249,Orange,California
POINT (-117.9019 33.9053),ANAHEIM 8,{138.0},2,1.056006,Orange,California
POINT (-117.9897 33.7892),ANAHEIM 9,{138.0},1,1.058139,Orange,California
POINT (-117.9198 33.6403),SANTA ANA 3,"{345.0, 138.0, 13.8, 1.0}",5,1.057063,Orange,California
POINT (-117.8069 33.7416),SANTA ANA 4,{138.0},2,1.073587,Orange,California
POINT (-117.8194 33.8417),FULLERTON 5,{138.0},3,1.048835,Orange,California
POINT (-117.9704 33.9694),BREA 1,{138.0},1,1.06703,Los Angeles,California
POINT (-117.8645 33.9665),BREA 2,{138.0},3,1.07207,Los Angeles,California
POINT (-117.7892 33.723),SANTA ANA 5,{138.0},2,1.065207,Orange,California
POINT (-117.8612 33.7291),NEWPORT BEACH 2,{138.0},1,1.070368,Orange,California
POINT (-117.7952 33.8437),ANAHEIM 10,{138.0},2,1.04778,Orange,California
POINT (-117.8023 33.814),ANAHEIM 11,"{1.0, 138.0, 13.8}",4,1.053169,Orange,California
POINT (-117.7811 33.6522),SANTA ANA 6,"{345.0, 138.0}",3,1.062138,Orange,California
POINT (-117.9406 33.7642),SANTA ANA 7,{138.0},3,1.055813,Orange,California
POINT (-117.9232 33.7858),SANTA ANA 8,{138.0},1,1.053331,Orange,California
POINT (-117.7775 33.7689),SANTA ANA 9,{138.0},2,1.05551,Orange,California
POINT (-117.8992 33.8157),PLACENTIA 1,{138.0},1,1.055694,Orange,California
POINT (-117.909 33.8018),PLACENTIA 2,{138.0},1,1.059465,Orange,California
POINT (-117.8374 33.876),ORANGE 1,{138.0},2,1.04942,Orange,California
POINT (-117.8638 33.7654),ORANGE 2,{138.0},1,1.060101,Orange,California
POINT (-117.9407 33.8541),ORANGE 3,{138.0},2,1.053524,Orange,California
POINT (-117.82 33.6672),IRVINE 1,{138.0},1,1.084916,Orange,California
POINT (-117.901 33.5999),IRVINE 2,{138.0},1,1.054247,Orange,California
POINT (-117.8749 33.7919),TUSTIN 1,{138.0},1,1.06111,Orange,California
POINT (-117.8058 33.6572),TUSTIN 2,{138.0},1,1.091372,Orange,California
POINT (-117.7791 33.708),IRVINE 3,{138.0},1,1.079672,Orange,California
POINT (-117.8161 33.8252),YORBA LINDA 1,"{345.0, 138.0, 13.8, 1.0}",7,1.051026,Orange,California
POINT (-117.8139 33.8023),ORANGE 4,{138.0},2,1.052687,Orange,California
POINT (-117.8349 33.8075),SANTA ANA 10,{138.0},3,1.055432,Orange,California
POINT (-117.7256 33.8553),SANTA ANA 11,{138.0},2,1.046289,Orange,California
POINT (-117.8 33.883),ANAHEIM 12,{138.0},1,1.048641,Orange,California
POINT (-117.8639 33.6738),TUSTIN 3,{138.0},1,1.057247,Orange,California
POINT (-117.7152 33.5301),IRVINE 4,{138.0},1,1.090723,Orange,California
POINT (-117.6667 33.6897),IRVINE 5,{138.0},3,1.085007,Orange,California
POINT (-117.763 33.7656),IRVINE 6,{138.0},1,1.058243,Orange,California
POINT (-117.7224 33.808),IRVINE 7,{138.0},1,1.048923,Orange,California
POINT (-117.7209 33.9226),ANAHEIM 13,{138.0},1,1.047503,San Bernardino,California
POINT (-117.7789 33.9909),CHINO HILLS 1,"{345.0, 138.0}",2,1.065685,San Bernardino,California
POINT (-117.6814 33.9293),CHINO HILLS 2,{138.0},2,1.048713,San Bernardino,California
POINT (-117.8316 33.7494),IRVINE 8,{138.0},1,1.075358,Orange,California
POINT (-117.6894 33.6649),LAGUNA WOODS,{138.0},3,1.086938,Orange,California
POINT (-117.7908 33.5557),ALISO VIEJO 1,{138.0},3,1.061966,Orange,California
POINT (-117.7952 33.5704),ALISO VIEJO 2,{138.0},1,1.059264,Orange,California
POINT (-117.7452 33.8111),YORBA LINDA 2,{138.0},1,1.04884,Orange,California
POINT (-117.6142 33.4128),DANA POINT,{138.0},1,1.090688,Orange,California
POINT (-117.7096 33.5444),LAGUNA NIGUEL 1,"{345.0, 138.0}",4,1.052076,Orange,California
POINT (-117.6586 33.5279),LAGUNA NIGUEL 2,{138.0},2,1.087936,Orange,California
POINT (-117.6169 34.0145),MONTCLAIR 1,{138.0},2,1.049246,San Bernardino,California
POINT (-117.6822 34.0916),MONTCLAIR 2,{138.0},1,1.058471,San Bernardino,California
POINT (-117.6458 33.5713),LAGUNA HILLS 1,{138.0},3,1.081262,Orange,California
POINT (-117.7374 33.4937),LAGUNA HILLS 2,{138.0},1,1.075674,Orange,California
POINT (-117.6505 33.6821),LAKE FOREST 1,"{345.0, 138.0}",2,1.065767,Orange,California
POINT (-117.672 33.7418),LAKE FOREST 2,{138.0},2,1.064003,Orange,California
POINT (-117.7768 33.9383),CHINO 1,{138.0},1,1.04758,Orange,California
POINT (-117.7189 33.9982),CHINO 2,{138.0},2,1.065007,San Bernardino,California
POINT (-117.634 34.0673),CHINO 3,{138.0},2,1.056059,San Bernardino,California
POINT (-117.5884 33.6577),FOOTHILL RANCH,{138.0},3,1.083264,Orange,California
POINT (-117.7059 33.9753),ONTARIO 2,{138.0},1,1.061498,San Bernardino,California
POINT (-117.6303 34.0445),ONTARIO 3,{138.0},2,1.055689,San Bernardino,California
POINT (-117.7262 33.5551),MISSION VIEJO 1,{138.0},4,1.089709,Orange,California
POINT (-117.7409 33.5247),MISSION VIEJO 2,{138.0},3,1.086807,Orange,California
POINT (-117.6668 34.1069),UPLAND 1,{138.0},1,1.060362,San Bernardino,California
POINT (-117.6492 34.0481),UPLAND 2,{138.0},1,1.056001,San Bernardino,California
POINT (-117.6105 34.1739),UPLAND 3,{138.0},1,1.053024,San Bernardino,California
POINT (-117.5975 34.1529),UPLAND 4,{138.0},3,1.059532,San Bernardino,California
POINT (-117.6308 33.7047),MISSION VIEJO 3,{138.0},1,1.074533,Orange,California
POINT (-117.5609 33.6204),MISSION VIEJO 4,{138.0},1,1.080568,Orange,California
POINT (-117.5396 33.5018),LADERA RANCH,{138.0},1,1.088609,Orange,California
POINT (-117.6899 33.8576),CORONA 1,{138.0},1,1.048033,Orange,California
POINT (-117.5378 33.8504),CORONA 2,{138.0},1,1.057143,Riverside,California
POINT (-117.6909 33.5592),SAN CLEMENTE 1,{138.0},4,1.08663,Orange,California
POINT (-117.617 33.5804),RANCHO SANTA MARGARITA 1,{138.0},2,1.082128,Orange,California
POINT (-117.6116 33.6167),RANCHO SANTA MARGARITA 2,{138.0},1,1.081362,Orange,California
POINT (-117.5892 33.6007),SAN JUAN CAPISTRANO 1,{138.0},3,1.082833,Orange,California
POINT (-117.5205 33.4568),SAN JUAN CAPISTRANO 2,"{345.0, 138.0}",2,1.07192,San Diego,California
POINT (-117.5045 33.3329),SAN CLEMENTE 2,{138.0},1,1.078233,San Diego,California
POINT (-117.5104 33.3537),SAN CLEMENTE 3,{138.0},2,1.079392,San Diego,California
POINT (-117.5566 34.1698),ONTARIO 4,{138.0},1,1.051232,San Bernardino,California
POINT (-117.6619 34.1123),ONTARIO 5,"{345.0, 138.0}",2,1.061034,San Bernardino,California
POINT (-117.5289 33.6302),TRABUCO CANYON 1,{138.0},1,1.079472,Orange,California
POINT (-117.5676 33.5334),TRABUCO CANYON 2,{138.0},1,1.091249,Orange,California
POINT (-117.6372 33.834),CORONA 3,{138.0},1,1.054599,Riverside,California
POINT (-117.5555 33.8711),CORONA 4,"{345.0, 138.0}",2,1.053566,Riverside,California
POINT (-117.5296 34.1802),RANCHO CUCAMONGA 1,{138.0},1,1.051127,San Bernardino,California
POINT (-117.5661 34.0599),RANCHO CUCAMONGA 2,{138.0},2,1.057592,San Bernardino,California
POINT (-117.5418 33.9859),ONTARIO 6,{138.0},1,1.050428,Riverside,California
POINT (-117.5991 34.1075),ONTARIO 7,{138.0},2,1.055465,San Bernardino,California
POINT (-117.4921 34.1231),RANCHO CUCAMONGA 3,{138.0},1,1.058965,San Bernardino,California
POINT (-117.644 34.1301),RANCHO CUCAMONGA 4,{138.0},1,1.05994,San Bernardino,California
POINT (-117.6681 34.061),RANCHO CUCAMONGA 5,{138.0},1,1.058647,San Bernardino,California
POINT (-117.6355 33.8882),NORCO,{138.0},1,1.053586,Riverside,California
POINT (-117.4926 34.3515),PHELAN,{138.0},1,1.060402,San Bernardino,California
POINT (-117.5093 33.8958),MIRA LOMA 1,{138.0},2,1.053371,Riverside,California
POINT (-117.5211 34.0642),MIRA LOMA 2,{138.0},2,1.061093,San Bernardino,California
POINT (-117.5002 33.9597),CORONA 5,{138.0},4,1.060156,Riverside,California
POINT (-117.5619 33.9487),CORONA 6,{138.0},1,1.051761,Riverside,California
POINT (-117.4864 33.9045),CORONA 7,{138.0},1,1.053371,Riverside,California
POINT (-117.4252 33.9204),CORONA 8,{138.0},1,1.053921,Riverside,California
POINT (-117.485 34.2433),RANCHO CUCAMONGA 6,{138.0},1,1.053755,San Bernardino,California
POINT (-117.4863 34.0863),RANCHO CUCAMONGA 7,{138.0},1,1.057975,San Bernardino,California
POINT (-117.551 33.9232),RIVERSIDE 1,{138.0},3,1.050723,Riverside,California
POINT (-117.4928 33.9198),RIVERSIDE 2,{138.0},1,1.055666,Riverside,California
POINT (-117.4378 33.6831),CORONA 9,{138.0},1,1.074263,Riverside,California
POINT (-117.4971 33.6627),CORONA 10,{138.0},2,1.07749,Orange,California
POINT (-117.5135 34.0188),FONTANA 1,{138.0},1,1.054843,Riverside,California
POINT (-117.4645 33.9739),FONTANA 2,{138.0},1,1.065119,Riverside,California
POINT (-117.4163 34.0251),FONTANA 3,{138.0},2,1.057648,Riverside,California
POINT (-117.505 34.0993),FONTANA 4,{138.0},3,1.057944,San Bernardino,California
POINT (-117.3796 34.1816),FONTANA 5,{138.0},1,1.068112,San Bernardino,California
POINT (-117.4182 34.0926),FONTANA 6,{138.0},2,1.056452,San Bernardino,California
POINT (-117.4386 34.1824),FONTANA 7,{138.0},2,1.064646,San Bernardino,California
POINT (-117.5475 34.2382),FONTANA 8,{138.0},1,1.053079,San Bernardino,California
POINT (-117.411 34.6578),ADELANTO 1,{138.0},3,1.076825,San Bernardino,California
POINT (-117.5086 34.5394),ADELANTO 2,{138.0},1,1.065719,San Bernardino,California
POINT (-117.4504 33.4145),CAMP PENDLETON,{138.0},1,1.084938,San Diego,California
POINT (-117.3848 33.9055),RIVERSIDE 3,{138.0},2,1.052998,Riverside,California
POINT (-117.5129 33.8424),RIVERSIDE 4,{138.0},1,1.054771,Riverside,California
POINT (-117.3532 33.8889),RIVERSIDE 5,{138.0},3,1.05739,Riverside,California
POINT (-117.4297 34.0419),RIVERSIDE 6,{138.0},1,1.056747,San Bernardino,California
POINT (-117.3782 33.9411),RIVERSIDE 7,{138.0},1,1.049509,Riverside,California
POINT (-117.5409 34.1011),RIVERSIDE 8,{138.0},2,1.058613,San Bernardino,California
POINT (-117.3142 34.3862),VICTORVILLE 1,{138.0},3,1.063143,San Bernardino,California
POINT (-117.3261 34.5622),VICTORVILLE 2,{138.0},1,1.072107,San Bernardino,California
POINT (-117.3556 34.257),RIALTO 1,{138.0},2,1.062882,San Bernardino,California
POINT (-117.3286 34.3853),HESPERIA 1,{138.0},2,1.063608,San Bernardino,California
POINT (-117.311 33.9214),RIVERSIDE 9,{138.0},1,1.052505,Riverside,California
POINT (-117.4563 33.9889),RIVERSIDE 10,{138.0},1,1.061666,Riverside,California
POINT (-117.4796 34.0384),BLOOMINGTON,{138.0},1,1.065125,San Bernardino,California
POINT (-117.295 34.311),SAN BERNARDINO 1,{138.0},1,1.063281,San Bernardino,California
POINT (-117.3026 34.125),SAN BERNARDINO 2,{138.0},1,1.061813,San Bernardino,California
POINT (-117.3206 34.1937),RIALTO 2,{138.0},3,1.075085,San Bernardino,California
POINT (-117.3784 34.1743),RIALTO 3,{138.0},1,1.066835,San Bernardino,California
POINT (-117.4298 34.1736),RIALTO 4,{138.0},2,1.067552,San Bernardino,California
POINT (-117.2839 34.0675),RIVERSIDE 11,{138.0},1,1.062287,San Bernardino,California
POINT (-117.3781 33.5705),LAKE ELSINORE 1,{138.0},1,1.067741,Riverside,California
POINT (-117.2993 33.6384),LAKE ELSINORE 2,{138.0},2,1.073764,Riverside,California
POINT (-117.386 33.9339),RIVERSIDE 12,{138.0},2,1.049176,Riverside,California
POINT (-117.2772 33.877),RIVERSIDE 13,{138.0},2,1.063245,Riverside,California
POINT (-117.3179 33.2746),OCEANSIDE 1,{138.0},1,1.07702,San Diego,California
POINT (-117.3457 34.6184),VICTORVILLE 3,{138.0},1,1.075495,San Bernardino,California
POINT (-117.3742 34.6304),VICTORVILLE 4,"{1.0, 138.0, 13.8}",4,1.076658,San Bernardino,California
POINT (-117.4442 34.7923),HELENDALE,{138.0},1,1.080398,San Bernardino,California
POINT (-117.3477 33.4977),MURRIETA 1,"{345.0, 138.0}",2,1.072797,Riverside,California
POINT (-117.3553 33.4634),MURRIETA 2,{138.0},2,1.066952,San Diego,California
POINT (-117.3845 33.8329),RIVERSIDE 14,{138.0},3,1.058722,Riverside,California
POINT (-117.3371 33.9214),RIVERSIDE 15,{138.0},1,1.054548,Riverside,California
POINT (-117.2989 33.9271),RIVERSIDE 16,"{345.0, 138.0}",2,1.057751,Riverside,California
POINT (-117.4163 33.7153),PERRIS 1,{138.0},1,1.071925,Riverside,California
POINT (-117.3562 33.8193),PERRIS 2,{138.0},1,1.060982,Riverside,California
POINT (-117.3385 34.1686),SAN BERNARDINO 3,{138.0},1,1.071439,San Bernardino,California
POINT (-117.3141 33.0893),CARLSBAD 1,"{24.0, 1.0, 138.0}",4,1.069655,San Diego,California
POINT (-117.3561 33.1597),CARLSBAD 2,{138.0},2,1.075449,San Diego,California
POINT (-117.3157 33.2426),OCEANSIDE 2,{138.0},2,1.077818,San Diego,California
POINT (-117.2694 33.3913),OCEANSIDE 3,{138.0},1,1.068629,San Diego,California
POINT (-117.3541 34.223),SAN BERNARDINO 4,{138.0},2,1.063278,San Bernardino,California
POINT (-117.3572 34.4135),HESPERIA 2,{138.0},2,1.067279,San Bernardino,California
POINT (-117.315 34.3031),HESPERIA 3,"{345.0, 138.0, 18.0, 1.0}",5,1.067422,San Bernardino,California
POINT (-117.3554 34.336),HESPERIA 4,{138.0},1,1.063106,San Bernardino,California
POINT (-117.2469 34.0565),SAN BERNARDINO 5,{138.0},1,1.06278,San Bernardino,California
POINT (-117.2316 34.1312),SAN BERNARDINO 6,{138.0},1,1.063586,San Bernardino,California
POINT (-117.2643 33.2452),OCEANSIDE 4,{138.0},2,1.076337,San Diego,California
POINT (-117.3212 33.1064),OCEANSIDE 5,{138.0},1,1.071255,San Diego,California
POINT (-117.3417 33.1401),CARLSBAD 3,{138.0},1,1.075102,San Diego,California
POINT (-117.2657 34.5781),VICTORVILLE 5,{138.0},2,1.06672,San Bernardino,California
POINT (-117.255 34.5052),VICTORVILLE 6,{138.0},1,1.075741,San Bernardino,California
POINT (-117.2099 34.1131),COLTON 1,{138.0},3,1.061901,San Bernardino,California
POINT (-117.2967 34.0244),COLTON 2,{138.0},2,1.057026,San Bernardino,California
POINT (-117.3714 33.2574),OCEANSIDE 6,{138.0},1,1.07676,San Diego,California
POINT (-117.3108 33.2272),OCEANSIDE 7,"{345.0, 138.0}",2,1.072643,San Diego,California
POINT (-117.2039 34.252),CRESTLINE,{138.0},1,1.062991,San Bernardino,California
POINT (-117.1803 34.1286),SAN BERNARDINO 7,{138.0},1,1.062742,San Bernardino,California
POINT (-117.3219 33.1185),ENCINITAS 1,{138.0},2,1.072464,San Diego,California
POINT (-117.2866 33.0227),ENCINITAS 2,{138.0},1,1.057047,San Diego,California
POINT (-117.357 33.6996),WILDOMAR 1,{138.0},1,1.063274,Riverside,California
POINT (-117.3103 33.5742),WILDOMAR 2,{138.0},1,1.069797,Riverside,California
POINT (-117.1898 33.9228),MORENO VALLEY 1,{138.0},2,1.069119,Riverside,California
POINT (-117.3209 33.9353),MORENO VALLEY 2,{138.0},2,1.054702,Riverside,California
POINT (-117.2533 32.7628),LA JOLLA 1,{138.0},2,1.074136,San Diego,California
POINT (-117.2652 32.8071),LA JOLLA 2,{138.0},2,1.070436,San Diego,California
POINT (-117.1572 33.7341),SUN CITY 1,{138.0},1,1.07892,Riverside,California
POINT (-117.2663 32.9546),DEL MAR,{138.0},1,1.062931,San Diego,California
POINT (-117.2809 33.1765),VISTA 1,{138.0},2,1.076813,San Diego,California
POINT (-117.149 33.8253),MORENO VALLEY 3,{138.0},1,1.065658,Riverside,California
POINT (-117.3073 33.9439),MORENO VALLEY 4,{138.0},1,1.055647,Riverside,California
POINT (-117.2001 33.125),CARLSBAD 4,{138.0},2,1.073234,San Diego,California
POINT (-117.2437 33.1608),CARLSBAD 5,{138.0},1,1.068553,San Diego,California
POINT (-117.2547 33.1088),VISTA 2,{138.0},2,1.070794,San Diego,California
POINT (-117.2085 33.0958),VISTA 3,{138.0},2,1.07506,San Diego,California
POINT (-117.1356 32.6125),SAN DIEGO 1,{138.0},2,1.082002,San Diego,California
POINT (-117.2553 32.7014),SAN DIEGO 2,{138.0},2,1.078296,San Diego,California
POINT (-117.2531 32.6929),SAN DIEGO 3,{138.0},1,1.077781,San Diego,California
POINT (-117.2995 33.8914),MORENO VALLEY 5,{138.0},2,1.059995,Riverside,California
POINT (-117.311 34.1138),SAN BERNARDINO 8,{138.0},1,1.061395,San Bernardino,California
POINT (-117.3084 34.1558),SAN BERNARDINO 9,{138.0},1,1.06368,San Bernardino,California
POINT (-117.2527 32.8839),SAN DIEGO 4,"{24.0, 345.0, 138.0, 1.0}",6,1.071584,San Diego,California
POINT (-117.2535 32.891),SAN DIEGO 5,{138.0},1,1.072178,San Diego,California
POINT (-117.1995 32.7467),CORONADO 1,{138.0},1,1.081289,San Diego,California
POINT (-117.3075 33.4802),FALLBROOK 1,{138.0},1,1.069215,Riverside,California
POINT (-117.1266 33.3794),FALLBROOK 2,{138.0},4,1.071842,San Diego,California
POINT (-117.1808 33.9),PERRIS 3,"{345.0, 138.0}",2,1.064172,Riverside,California
POINT (-117.2012 33.9207),PERRIS 4,{138.0},1,1.067895,Riverside,California
POINT (-117.2764 33.3052),VISTA 4,{138.0},3,1.070739,San Diego,California
POINT (-117.1028 33.1461),VISTA 5,{138.0},1,1.077028,San Diego,California
POINT (-117.2361 32.8081),SAN DIEGO 6,{138.0},2,1.076972,San Diego,California
POINT (-117.2192 32.8578),SAN DIEGO 7,{138.0},2,1.070495,San Diego,California
POINT (-117.1542 34.3329),LAKE ARROWHEAD,{138.0},1,1.067491,San Bernardino,California
POINT (-117.2727 33.6312),SUN CITY 2,"{345.0, 138.0, 18.0, 1.0}",4,1.073945,Riverside,California
POINT (-117.2336 34.0627),HIGHLAND 1,{138.0},2,1.06502,San Bernardino,California
POINT (-117.1014 34.054),HIGHLAND 2,{138.0},2,1.068645,San Bernardino,California
POINT (-117.2373 33.1302),SAN MARCOS 1,{138.0},1,1.069907,San Diego,California
POINT (-117.1371 33.1677),SAN MARCOS 2,{138.0},1,1.076514,San Diego,California
POINT (-117.129 33.6406),MENIFEE 1,{138.0},1,1.072206,Riverside,California
POINT (-117.1846 33.6837),MENIFEE 2,{138.0},1,1.076147,Riverside,California
POINT (-117.1671 33.8106),SUN CITY 3,{138.0},1,1.061041,Riverside,California
POINT (-117.2343 34.1671),REDLANDS 1,{138.0},1,1.06369,San Bernardino,California
POINT (-117.2196 34.0315),REDLANDS 2,{138.0},1,1.063604,San Bernardino,California
POINT (-117.2544 32.8992),SAN DIEGO 8,{138.0},1,1.071853,San Diego,California
POINT (-117.1905 32.8329),SAN DIEGO 9,{138.0},3,1.079026,San Diego,California
POINT (-117.1531 32.7919),SAN DIEGO 10,{138.0},1,1.081421,San Diego,California
POINT (-117.1055 32.7871),SAN DIEGO 11,{138.0},2,1.087978,San Diego,California
POINT (-117.229 32.9026),SAN DIEGO 12,{138.0},2,1.078466,San Diego,California
POINT (-117.2173 32.7515),SAN DIEGO 13,{138.0},3,1.079544,San Diego,California
POINT (-117.2127 32.77),SAN DIEGO 14,{138.0},1,1.078961,San Diego,California
POINT (-117.2525 32.8248),SAN DIEGO 15,{138.0},2,1.077183,San Diego,California
POINT (-117.1795 34.5232),APPLE VALLEY 1,"{345.0, 138.0}",4,1.075601,San Bernardino,California
POINT (-117.2079 34.4527),APPLE VALLEY 2,{138.0},1,1.070172,San Bernardino,California
POINT (-117.2342 34.0944),REDLANDS 3,{138.0},1,1.063878,San Bernardino,California
POINT (-117.2058 34.0972),REDLANDS 4,{138.0},2,1.062871,San Bernardino,California
POINT (-117.0773 33.216),SAN MARCOS 3,{138.0},1,1.076387,San Diego,California
POINT (-117.2355 33.2004),SAN MARCOS 4,{138.0},2,1.068765,San Diego,California
POINT (-117.205 33.574),MURRIETA 3,{138.0},2,1.071269,Riverside,California
POINT (-117.1736 33.5411),MURRIETA 4,{138.0},1,1.071189,Riverside,California
POINT (-117.1229 32.7343),SAN DIEGO 16,{138.0},1,1.072831,San Diego,California
POINT (-117.2187 32.9275),SAN DIEGO 17,{138.0},1,1.068997,San Diego,California
POINT (-117.1574 32.8664),SAN DIEGO 18,{138.0},1,1.085371,San Diego,California
POINT (-117.1336 32.8376),SAN DIEGO 19,{138.0},1,1.083082,San Diego,California
POINT (-117.1656 34.5634),APPLE VALLEY 3,{138.0},1,1.07815,San Bernardino,California
POINT (-117.0956 34.5289),APPLE VALLEY 4,{138.0},2,1.074884,San Bernardino,California
POINT (-117.0904 32.9781),SAN DIEGO 20,{138.0},1,1.06485,San Diego,California
POINT (-117.1691 33.0208),SAN DIEGO 21,{138.0},1,1.066084,San Diego,California
POINT (-117.13 33.069),ESCONDIDO 1,{138.0},1,1.073685,San Diego,California
POINT (-117.0385 32.6463),SAN DIEGO 22,{138.0},2,1.083053,San Diego,California
POINT (-117.0911 32.6459),SAN DIEGO 23,{138.0},1,1.079545,San Diego,California
POINT (-117.1723 32.9768),SAN DIEGO 24,{138.0},2,1.065589,San Diego,California
POINT (-117.149 33.013),SAN DIEGO 25,{138.0},3,1.067144,San Diego,California
POINT (-117.0633 32.7997),SAN DIEGO 26,{138.0},1,1.084617,San Diego,California
POINT (-117.1748 32.5085),IMPERIAL BEACH,{138.0},2,1.086462,,
POINT (-117.1093 32.6909),SAN DIEGO 27,{138.0},2,1.076774,San Diego,California
POINT (-117.1737 32.7813),SAN DIEGO 28,{138.0},2,1.078461,San Diego,California
POINT (-117.0206 32.617),SAN DIEGO 29,{138.0},1,1.088712,San Diego,California
POINT (-117.1541 32.6511),SAN DIEGO 30,{138.0},1,1.080676,San Diego,California
POINT (-117.1453 33.1302),ESCONDIDO 2,{138.0},3,1.074352,San Diego,California
POINT (-117.0338 33.1919),ESCONDIDO 3,"{345.0, 138.0}",2,1.076708,San Diego,California
POINT (-117.1644 33.8443),MORENO VALLEY 6,{138.0},2,1.062271,Riverside,California
POINT (-117.1631 33.9133),MORENO VALLEY 7,{138.0},3,1.069171,Riverside,California
POINT (-117.0399 33.5754),TEMECULA 1,{138.0},1,1.071104,Riverside,California
POINT (-117.0867 33.5171),TEMECULA 2,{138.0},1,1.068123,Riverside,California
POINT (-117.0609 32.6418),NATIONAL CITY 1,{138.0},3,1.081488,San Diego,California
POINT (-117.0988 32.6859),NATIONAL CITY 2,{138.0},4,1.076698,San Diego,California
POINT (-117.1823 32.6845),SAN DIEGO 31,{138.0},2,1.082846,San Diego,California
POINT (-117.0793 32.7143),SAN DIEGO 32,{138.0},2,1.074174,San Diego,California
POINT (-117.0979 32.8659),SAN DIEGO 33,{138.0},1,1.083009,San Diego,California
POINT (-117.1082 32.9234),SAN DIEGO 34,{138.0},1,1.085347,San Diego,California
POINT (-117.1684 33.1891),ESCONDIDO 4,{138.0},1,1.071426,San Diego,California
POINT (-117.0242 33.0739),ESCONDIDO 5,{138.0},1,1.06924,San Diego,California
POINT (-117.091 32.838),SAN DIEGO 35,{138.0},4,1.077034,San Diego,California
POINT (-116.9774 32.7811),SAN DIEGO 36,{138.0},1,1.087702,San Diego,California
POINT (-117.0893 34.0942),MENTONE,{138.0},1,1.070353,San Bernardino,California
POINT (-116.9883 33.0329),SAN DIEGO 37,{138.0},3,1.070138,San Diego,California
POINT (-116.9747 32.9785),SAN DIEGO 38,"{345.0, 138.0, 13.8, 1.0}",6,1.07231,San Diego,California
POINT (-117.0594 32.7474),SAN DIEGO 39,{138.0},2,1.081483,San Diego,California
POINT (-117.1028 32.6809),CHULA VISTA 1,"{345.0, 138.0}",2,1.077079,San Diego,California
POINT (-117.044 32.6531),CHULA VISTA 2,{138.0},2,1.08213,San Diego,California
POINT (-117.1359 32.6618),SAN DIEGO 40,{138.0},1,1.080746,San Diego,California
POINT (-117.0959 32.7165),SAN DIEGO 41,"{345.0, 138.0, 13.8, 1.0}",4,1.074738,San Diego,California
POINT (-116.9949 32.6917),CHULA VISTA 3,{138.0},1,1.082579,San Diego,California
POINT (-117.0701 32.5743),CHULA VISTA 4,{138.0},1,1.08733,San Diego,California
POINT (-117.131 32.5641),CHULA VISTA 5,{138.0},1,1.084729,San Diego,California
POINT (-116.9585 34.0086),CALIMESA,{138.0},1,1.071233,San Bernardino,California
POINT (-117.0276 33.7439),WINCHESTER,{138.0},1,1.074474,Riverside,California
POINT (-117.0908 32.6211),SAN DIEGO 42,{138.0},3,1.083472,San Diego,California
POINT (-117.1105 32.7219),SAN DIEGO 43,{138.0},2,1.07486,San Diego,California
POINT (-117.1253 32.5364),SAN YSIDRO,{138.0},2,1.084195,San Diego,California
POINT (-117.1408 33.4461),TEMECULA 3,{138.0},2,1.067546,Riverside,California
POINT (-116.9854 33.5484),TEMECULA 4,"{345.0, 138.0}",2,1.063136,Riverside,California
POINT (-117.075 33.7109),HEMET 1,{138.0},1,1.077512,Riverside,California
POINT (-117.0372 33.6598),HEMET 2,{138.0},1,1.073537,Riverside,California
POINT (-117.08 32.7927),SAN DIEGO 44,{138.0},3,1.091043,San Diego,California
POINT (-116.9475 32.6905),LA MESA 1,{138.0},1,1.085392,San Diego,California
POINT (-116.9267 32.7231),LA MESA 2,"{345.0, 138.0}",2,1.081354,San Diego,California
POINT (-116.9367 33.8187),SAN JACINTO 1,{138.0},1,1.072397,Riverside,California
POINT (-117.0227 32.9831),POWAY 1,{138.0},1,1.067531,San Diego,California
POINT (-117.0217 32.8976),POWAY 2,{138.0},2,1.073184,San Diego,California
POINT (-117.0141 32.6888),BONITA,{138.0},1,1.08229,San Diego,California
POINT (-117.0064 34.0687),YUCAIPA 1,"{345.0, 138.0}",2,1.069188,San Bernardino,California
POINT (-117.058 33.9566),YUCAIPA 2,{138.0},2,1.06484,Riverside,California
POINT (-116.9155 32.6091),SAN DIEGO 45,{138.0},2,1.087655,San Diego,California
POINT (-116.9267 32.562),SAN DIEGO 46,{138.0},2,1.091052,San Diego,California
POINT (-117.0402 32.549),SAN DIEGO 47,{138.0},1,1.090396,San Diego,California
POINT (-116.908 32.823),LA MESA 3,{138.0},1,1.085434,San Diego,California
POINT (-116.9264 32.7538),SPRING VALLEY 1,{138.0},1,1.08794,San Diego,California
POINT (-116.9998 32.7923),SPRING VALLEY 2,{138.0},2,1.087732,San Diego,California
POINT (-117.0363 32.7973),SANTEE 1,{138.0},1,1.078228,San Diego,California
POINT (-117.0469 32.8469),SANTEE 2,{138.0},1,1.076928,San Diego,California
POINT (-117.0534 33.9222),BEAUMONT 1,{138.0},1,1.065687,Riverside,California
POINT (-116.8931 33.9164),BEAUMONT 2,{138.0},1,1.070234,Riverside,California
POINT (-117.0248 32.5538),CHULA VISTA 6,"{345.0, 138.0}",2,1.083844,San Diego,California
POINT (-116.9089 32.6799),CHULA VISTA 7,{138.0},3,1.083344,San Diego,California
POINT (-117.0551 33.0739),ESCONDIDO 6,{138.0},1,1.068496,San Diego,California
POINT (-117.0113 33.1746),ESCONDIDO 7,{138.0},1,1.072639,San Diego,California
POINT (-117.0517 32.7647),EL CAJON 1,{138.0},3,1.076674,San Diego,California
POINT (-117.045 32.8365),EL CAJON 2,{138.0},2,1.078517,San Diego,California
POINT (-116.8835 34.9763),BARSTOW,{138.0},1,1.076586,San Bernardino,California
POINT (-116.9459 33.6727),HEMET 3,{138.0},1,1.075456,Riverside,California
POINT (-116.9533 33.7651),HEMET 4,{138.0},1,1.074191,Riverside,California
POINT (-117.0733 32.5389),CHULA VISTA 8,{138.0},2,1.090237,San Diego,California
POINT (-116.939 32.6254),CHULA VISTA 9,{138.0},1,1.086554,San Diego,California
POINT (-116.9849 33.7511),SAN JACINTO 2,{138.0},2,1.073866,Riverside,California
POINT (-116.921 33.8452),SAN JACINTO 3,{138.0},1,1.07214,Riverside,California
POINT (-116.882 34.6052),LUCERNE VALLEY,{138.0},2,1.075155,San Bernardino,California
POINT (-116.9358 32.8654),LAKESIDE 1,{138.0},2,1.078074,San Diego,California
POINT (-116.9073 32.892),LAKESIDE 2,{138.0},1,1.078234,San Diego,California
POINT (-116.8762 33.5711),HEMET 5,{138.0},1,1.07049,Riverside,California
POINT (-116.9384 33.7264),HEMET 6,"{345.0, 138.0}",3,1.06169,Riverside,California
POINT (-116.854 32.8161),EL CAJON 3,{138.0},1,1.087618,San Diego,California
POINT (-116.9228 32.7444),EL CAJON 4,{138.0},2,1.088263,San Diego,California
POINT (-116.8731 32.9052),EL CAJON 5,"{345.0, 138.0}",2,1.0782,San Diego,California
POINT (-116.7762 32.9209),EL CAJON 6,{138.0},2,1.068798,San Diego,California
POINT (-116.9494 33.0004),RAMONA 1,{138.0},2,1.070155,San Diego,California
POINT (-116.8914 32.9954),RAMONA 2,{138.0},1,1.069917,San Diego,California
POINT (-116.8598 34.0264),BANNING 1,{138.0},2,1.074766,Riverside,California
POINT (-116.8248 34.0129),BANNING 2,{138.0},1,1.073503,Riverside,California
POINT (-116.7965 34.3118),BIG BEAR CITY,{138.0},1,1.071828,San Bernardino,California
POINT (-116.7898 32.7332),JAMUL,{138.0},2,1.077789,San Diego,California
POINT (-116.737 32.8721),ALPINE 1,{138.0},1,1.070704,San Diego,California
POINT (-116.6513 35.1807),FORT IRWIN,{138.0},1,1.081447,San Bernardino,California
POINT (-116.561 33.43),ANZA,{138.0},1,1.072228,Riverside,California
POINT (-116.6549 33.8203),PALM SPRINGS 1,{138.0},1,1.075369,Riverside,California
POINT (-116.6016 33.9086),PALM SPRINGS 2,{138.0},1,1.080079,Riverside,California
POINT (-116.5073 33.8616),DESERT HOT SPRINGS 1,"{1.0, 138.0, 13.8}",4,1.078429,Riverside,California
POINT (-116.5553 34.0342),DESERT HOT SPRINGS 2,{138.0},2,1.074631,San Bernardino,California
POINT (-116.4661 33.6556),PALM SPRINGS 3,"{345.0, 138.0}",3,1.07174,Riverside,California
POINT (-116.5163 33.8237),CATHEDRAL CITY 1,{138.0},1,1.078102,Riverside,California
POINT (-116.5244 33.7378),CATHEDRAL CITY 2,{138.0},1,1.077038,Riverside,California
POINT (-116.3714 34.2055),YUCCA VALLEY 1,{138.0},2,1.077789,San Bernardino,California
POINT (-116.5211 34.2433),YUCCA VALLEY 2,{138.0},2,1.071592,San Bernardino,California
POINT (-116.5039 33.6858),RANCHO MIRAGE,{138.0},2,1.077275,Riverside,California
POINT (-116.4243 33.677),PALM DESERT 1,{138.0},1,1.069109,Riverside,California
POINT (-116.3366 33.6512),PALM DESERT 2,{138.0},1,1.063597,Riverside,California
POINT (-116.3187 33.773),PALM DESERT 3,"{1.0, 138.0, 13.2}",4,1.054238,Riverside,California
POINT (-116.3147 33.8188),DESERT HOT SPRINGS 3,{138.0},1,1.055784,Riverside,California
POINT (-116.2659 34.0812),JOSHUA TREE,{138.0},1,1.074906,San Bernardino,California
POINT (-116.2254 33.5538),LA QUINTA 1,{138.0},1,1.070952,Riverside,California
POINT (-116.2921 33.6974),LA QUINTA 2,{138.0},2,1.061842,Riverside,California
POINT (-116.2674 33.8236),INDIO 1,{138.0},2,1.058045,Riverside,California
POINT (-116.1352 33.7737),INDIO 2,{138.0},1,1.065437,Riverside,California
POINT (-116.1744 33.6303),INDIO 3,{138.0},2,1.0683,Riverside,California
POINT (-116.2177 33.6987),COACHELLA 1,{138.0},2,1.064624,Riverside,California
POINT (-116.2559 33.7054),COACHELLA 2,"{345.0, 138.0, 18.0, 1.0}",4,1.063865,Riverside,California
POINT (-116.1463 33.0926),BORREGO SPRINGS,{138.0},1,1.082321,San Diego,California
POINT (-116.0472 33.4073),THERMAL,{138.0},2,1.073348,Imperial,California
POINT (-116.0221 34.2672),TWENTYNINE PALMS 1,{138.0},3,1.074879,San Bernardino,California
POINT (-115.9815 33.5912),MECCA 1,{138.0},1,1.070898,Riverside,California
POINT (-115.635 32.9338),IMPERIAL 1,{138.0},2,1.081089,Imperial,California
POINT (-115.6579 34.2073),TWENTYNINE PALMS 2,{138.0},1,1.06705,San Bernardino,California
POINT (-115.6414 32.7681),EL CENTRO 1,{138.0},1,1.071796,Imperial,California
POINT (-115.5935 32.7651),EL CENTRO 2,{138.0},2,1.07323,Imperial,California
POINT (-115.5203 33.2618),CALIPATRIA 1,{138.0},3,1.083383,Imperial,California
POINT (-115.4819 32.7157),CALEXICO 1,{138.0},1,1.074138,Imperial,California
POINT (-115.4522 32.5951),CALEXICO 2,{138.0},1,1.073137,,
POINT (-115.7724 32.644),HEBER 1,{138.0},2,1.074578,,
POINT (-115.3516 32.9602),BRAWLEY 1,{138.0},2,1.077705,Imperial,California
POINT (-115.3168 32.9459),BRAWLEY 2,{138.0},1,1.077479,Imperial,California
POINT (-115.0843 32.7846),HOLTVILLE 1,"{138.0, 115.0}",2,1.08138,Imperial,California
POINT (-114.623 33.7528),BLYTHE 1,{138.0},2,1.075889,Riverside,California
POINT (-114.6982 34.9721),NEEDLES,{138.0},2,1.078684,San Bernardino,California
POINT (-117.3236 35.0111),HINKLEY 1,"{345.0, 138.0, 13.8, 765.0}",7,1.08466,San Bernardino,California
POINT (-117.1174 33.1219),ESCONDIDO 8,"{138.0, 13.8}",2,1.063862,San Diego,California
POINT (-116.5422 33.9228),NORTH PALM SPRINGS 1,"{138.0, 13.8}",2,1.08417,Riverside,California
POINT (-116.9439 32.5624),SAN DIEGO 48,"{138.0, 13.8}",2,1.096092,San Diego,California
POINT (-115.2637 32.7757),HOLTVILLE 2,"{1.0, 138.0, 13.8, 18.0, 345.0}",7,1.076823,Imperial,California
POINT (-115.3939 33.8231),DESERT CENTER,"{138.0, 13.8, 18.0, 22.0, 24.0, 345.0, 765.0}",12,1.090918,Riverside,California
POINT (-115.6478 32.6869),CALEXICO 3,"{345.0, 138.0, 13.8}",6,1.053324,Imperial,California
POINT (-115.5439 33.0139),HOLTVILLE 3,{138.0},1,1.084249,Imperial,California
POINT (-116.3425 32.7056),CAMPO,"{138.0, 18.0}",2,1.083616,San Diego,California
POINT (-115.4686 35.5561),NIPTON 1,"{345.0, 138.0, 765.0, 22.0}",4,1.078463,San Bernardino,California
POINT (-116.5714 33.9342),DESERT HOT SPRINGS 4,"{138.0, 13.8, 18.0, 345.0, 765.0}",11,1.064034,Riverside,California
POINT (-117.1664 32.8769),SAN DIEGO 49,"{345.0, 138.0, 13.8, 1.0}",8,1.075402,San Diego,California
POINT (-117.2418 34.0818),REDLANDS 5,"{138.0, 13.8, 18.0, 22.0, 345.0, 765.0}",9,1.068652,San Bernardino,California
POINT (-117.0995 33.1185),ESCONDIDO 9,"{1.0, 138.0, 13.8}",4,1.08626,San Diego,California
POINT (-117.5266 34.0912),RANCHO CUCAMONGA 8,"{345.0, 138.0, 18.0, 765.0}",5,1.042583,San Bernardino,California
POINT (-117.5604 34.0053),ONTARIO 8,"{24.0, 345.0, 138.0, 1.0}",5,1.056491,San Bernardino,California
POINT (-115.518 32.7146),HEBER 2,{138.0},1,1.073366,Imperial,California
POINT (-116.9721 32.7965),EL CAJON 7,{138.0},2,1.088753,San Diego,California
POINT (-117.1114 33.3594),PALA,"{1.0, 138.0, 13.8, 20.0, 345.0}",7,1.073723,San Diego,California
POINT (-117.3833 35.765),TRONA,"{24.0, 345.0, 138.0, 1.0}",5,1.09984,San Bernardino,California
POINT (-117.8219 33.613),IRVINE 9,"{138.0, 18.0, 13.8}",4,1.050913,Orange,California
POINT (-115.616 33.1646),CALIPATRIA 2,{138.0},1,1.084421,Imperial,California
POINT (-116.5527 33.9393),NORTH PALM SPRINGS 2,{138.0},2,1.081409,Riverside,California
POINT (-115.6387 33.1582),CALIPATRIA 3,"{345.0, 138.0, 18.0, 13.8}",5,1.063833,Imperial,California
POINT (-117.3603 34.0414),COLTON 3,"{345.0, 138.0}",2,1.060632,San Bernardino,California
POINT (-116.0873 33.586),MECCA 2,"{345.0, 138.0}",2,1.072308,Riverside,California
POINT (-115.5364 32.9553),BRAWLEY 3,{138.0},1,1.081898,Imperial,California
POINT (-117.2392 32.8747),RANCHO SANTA FE,"{138.0, 13.8}",3,1.069473,San Diego,California
POINT (-117.338 35.033),HINKLEY 2,{138.0},2,1.093295,San Bernardino,California
POINT (-117.1178 33.1197),ESCONDIDO 10,"{138.0, 13.8, 18.0, 345.0, 765.0}",6,1.075858,San Diego,California
POINT (-117.3647 34.5953),VICTORVILLE 7,"{138.0, 13.2, 13.8, 22.0, 345.0, 765.0}",8,1.0724,San Bernardino,California
POINT (-116.9721 32.7961),EL CAJON 8,"{345.0, 138.0}",3,1.080082,San Diego,California
POINT (-115.565 33.1779),CALIPATRIA 4,{138.0},1,1.085605,Imperial,California
POINT (-116.5527 33.8816),NORTH PALM SPRINGS 3,{138.0},1,1.079419,Riverside,California
POINT (-117.3344 34.2056),SAN BERNARDINO 10,"{1.0, 138.0, 13.8, 18.0, 24.0, 345.0}",9,1.064852,San Bernardino,California
POINT (-117.3563 35.0308),HINKLEY 3,{138.0},1,1.091938,San Bernardino,California
POINT (-117.6085 33.8912),CORONA 11,"{1.0, 138.0, 13.8}",4,1.05161,Riverside,California
POINT (-117.8563 33.8535),ANAHEIM 14,{138.0},3,1.053679,Orange,California
POINT (-115.47 33.08),CALIPATRIA 5,"{345.0, 138.0}",2,1.078191,Imperial,California
POINT (-114.6865 33.6157),BLYTHE 2,"{1.0, 138.0, 13.8, 115.0, 22.0, 24.0, 345.0, 765.0}",10,1.086035,Riverside,California
POINT (-115.4525 35.5331),NIPTON 2,"{138.0, 20.0}",3,1.086165,San Bernardino,California
POINT (-115.5119 32.9038),IMPERIAL 2,"{138.0, 13.8}",4,1.079901,Imperial,California
POINT (-117.3235 34.3074),HESPERIA 5,"{1.0, 138.0, 20.0}",4,1.066659,San Bernardino,California
POINT (-117.1664 32.8761),SAN DIEGO 50,"{138.0, 22.0}",2,1.094111,San Diego,California
POINT (-115.6386 33.157),CALIPATRIA 6,{138.0},1,1.084199,Imperial,California
POINT (-116.0447 32.7528),OCOTILLO,"{345.0, 138.0, 13.8, 765.0}",4,1.075183,Imperial,California
POINT (-117.1897 32.7052),CORONADO 2,"{345.0, 138.0}",4,1.075099,San Diego,California
POINT (-115.7264 32.7533),SEELEY,"{345.0, 138.0, 13.2}",3,1.068929,Imperial,California
POINT (-114.7139 32.7366),WINTERHAVEN,"{345.0, 138.0}",3,1.08264,Imperial,California
POINT (-116.6222 33.9447),DESERT HOT SPRINGS 5,"{138.0, 13.8}",2,1.063114,Riverside,California
POINT (-115.54 32.8022),EL CENTRO 3,"{1.0, 138.0, 13.8, 345.0, 765.0}",5,1.080399,Imperial,California
POINT (-116.553 33.9109),NORTH PALM SPRINGS 4,"{345.0, 138.0, 13.8}",4,1.055397,Riverside,California
POINT (-117.1224 32.6793),SAN DIEGO 51,"{1.0, 138.0, 13.8}",5,1.061308,San Diego,California
POINT (-117.5402 34.0454),ONTARIO 9,"{138.0, 13.8}",2,1.075095,San Bernardino,California
POINT (-115.5873 32.6711),CALEXICO 4,"{345.0, 138.0}",2,1.073302,Imperial,California
POINT (-117.3533 34.0606),COLTON 4,"{1.0, 138.0, 13.8}",8,1.064846,San Bernardino,California
POINT (-117.9832 33.8073),STANTON 2,"{138.0, 20.0}",3,1.059803,Orange,California
POINT (-115.6167 33.1633),CALIPATRIA 7,{138.0},1,1.08437,Imperial,California
POINT (-114.9981 33.665),BLYTHE 3,"{345.0, 138.0, 13.8}",8,1.083377,Riverside,California
POINT (-117.2933 33.9308),RIVERSIDE 17,{138.0},2,1.054889,Riverside,California
POINT (-116.8251 34.8659),DAGGETT,"{345.0, 138.0, 20.0, 13.8}",6,1.067523,San Bernardino,California
POINT (-115.5356 32.7144),HEBER 3,"{1.0, 138.0, 13.8, 18.0, 20.0, 345.0}",13,1.070024,Imperial,California
POINT (-117.1338 32.834),SAN DIEGO 52,"{345.0, 138.0}",2,1.077488,San Diego,California
POINT (-117.1194 33.0586),ESCONDIDO 11,{138.0},1,1.073122,San Diego,California
POINT (-115.6033 33.1777),CALIPATRIA 8,"{138.0, 18.0}",2,1.084749,Imperial,California
POINT (-117.5343 34.0903),RANCHO CUCAMONGA 9,"{138.0, 13.8}",3,1.057097,San Bernardino,California
POINT (-115.6384 33.1533),CALIPATRIA 9,"{138.0, 13.8}",2,1.084407,Imperial,California
POINT (-114.1402 34.2953),PARKER DAM,"{138.0, 13.8, 115.0, 22.0, 345.0}",5,1.080834,San Bernardino,California
POINT (-116.1714 33.6758),COACHELLA 3,"{138.0, 18.0, 20.0}",5,1.079812,Riverside,California
POINT (-117.4528 33.9636),RIVERSIDE 18,"{345.0, 138.0, 13.8}",6,1.060526,Riverside,California
POINT (-117.1172 33.1261),ESCONDIDO 12,{138.0},1,1.078852,San Diego,California
POINT (-117.3532 34.0609),COLTON 5,"{138.0, 13.8}",3,1.077628,San Bernardino,California
POINT (-115.5045 33.2388),NILAND,"{24.0, 345.0, 138.0, 18.0}",4,1.083316,Imperial,California
POINT (-117.5565 33.8827),CORONA 12,"{138.0, 13.2}",3,1.054353,Riverside,California
POINT (-116.915 32.5815),SAN DIEGO 53,"{138.0, 13.8, 20.0, 345.0, 765.0}",6,1.083927,San Diego,California
POINT (-115.6583 32.6633),CALEXICO 5,"{138.0, 13.8}",3,1.074916,Imperial,California
POINT (-117.3364 33.1361),CARLSBAD 6,"{138.0, 13.8, 18.0, 20.0, 345.0, 765.0}",9,1.070979,San Diego,California
POINT (-116.5364 33.9603),NORTH PALM SPRINGS 5,"{1.0, 138.0, 13.8}",5,1.08048,Riverside,California
POINT (-116.5781 33.934),NORTH PALM SPRINGS 6,{138.0},1,1.081199,Riverside,California
POINT (-117.9792 33.6439),HUNTINGTON BEACH 7,"{138.0, 13.8, 22.0, 345.0, 765.0}",5,1.042125,Orange,California
POINT (-117.8402 33.932),BREA 3,{138.0},2,1.049447,Orange,California
POINT (-116.5642 33.9211),NORTH PALM SPRINGS 7,"{138.0, 13.8}",4,1.085881,Riverside,California
POINT (-115.5733 33.2046),CALIPATRIA 10,"{138.0, 18.0, 13.8}",4,1.084974,Imperial,California
POINT (-116.1525 34.1719),TWENTYNINE PALMS 3,"{345.0, 138.0, 22.0, 1.0}",5,1.059179,San Bernardino,California
POINT (-116.9442 32.567),SAN DIEGO 54,{138.0},1,1.092828,San Diego,California
POINT (-117.0586 32.5917),CHULA VISTA 10,{138.0},2,1.088887,San Diego,California
POINT (-116.7103 33.915),CABAZON,"{1.0, 138.0, 13.8}",4,1.076595,Riverside,California
POINT (-116.6178 33.925),NORTH PALM SPRINGS 8,"{1.0, 138.0, 13.8, 18.0, 24.0}",6,1.083121,Riverside,California
POINT (-115.4825 35.5808),NIPTON 3,"{138.0, 18.0}",3,1.090443,San Bernardino,California
POINT (-117.8617 33.8581),ANAHEIM 15,"{345.0, 138.0, 13.8, 1.0}",5,1.05479,Orange,California
POINT (-117.1704 33.7388),SUN CITY 4,"{138.0, 18.0, 20.0, 345.0, 765.0}",5,1.057906,Riverside,California
POINT (-119.8347 39.194),INCLINE VILLAGE,{161.0},1,1.077502,Carson City,Nevada
POINT (-119.9708 39.542),RENO 1,{161.0},1,1.045005,Washoe,Nevada
POINT (-119.9779 39.5364),RENO 2,"{161.0, 138.0}",3,1.062339,Washoe,Nevada
POINT (-120.0034 39.7699),RENO 3,{161.0},1,1.054592,Lassen,California
POINT (-119.8336 38.8819),STATELINE,"{161.0, 138.0, 13.8, 1.0}",6,1.066509,Alpine,California
POINT (-119.9488 39.3063),RENO 4,"{161.0, 138.0}",3,1.052492,Washoe,Nevada
POINT (-119.9251 39.3003),RENO 5,{161.0},1,1.056286,Washoe,Nevada
POINT (-119.8697 39.1045),CARSON CITY 1,"{161.0, 138.0}",2,1.07932,Douglas,Nevada
POINT (-119.8554 39.4774),RENO 6,{161.0},1,1.050543,Washoe,Nevada
POINT (-119.7413 39.4851),RENO 7,{161.0},2,1.052356,Washoe,Nevada
POINT (-119.747 39.494),RENO 8,{161.0},3,1.051769,Washoe,Nevada
POINT (-119.743 39.0757),CARSON CITY 2,{161.0},2,1.071018,Douglas,Nevada
POINT (-119.8093 39.4331),RENO 9,{161.0},2,1.052287,Washoe,Nevada
POINT (-119.8682 39.5728),RENO 10,{161.0},1,1.045585,Washoe,Nevada
POINT (-119.7969 39.6354),RENO 11,{161.0},1,1.06551,Washoe,Nevada
POINT (-119.7891 39.6729),RENO 12,{161.0},1,1.070202,Washoe,Nevada
POINT (-119.8706 39.2309),WASHOE VALLEY,{161.0},1,1.072321,Washoe,Nevada
POINT (-119.814 39.5352),RENO 13,{161.0},1,1.048483,Washoe,Nevada
POINT (-119.7891 39.5422),RENO 14,{161.0},1,1.049962,Washoe,Nevada
POINT (-119.7601 38.9139),GARDNERVILLE 1,{161.0},1,1.064107,Douglas,Nevada
POINT (-119.8318 39.6769),SUN VALLEY 3,"{345.0, 161.0}",3,1.067047,Washoe,Nevada
POINT (-119.7825 39.0285),MINDEN,{161.0},1,1.067905,Douglas,Nevada
POINT (-119.8147 39.5842),SPARKS 1,{161.0},1,1.046877,Washoe,Nevada
POINT (-119.7769 39.5425),SPARKS 2,{161.0},1,1.050621,Washoe,Nevada
POINT (-119.7569 39.4433),RENO 15,"{345.0, 161.0}",3,1.041895,Washoe,Nevada
POINT (-119.6944 39.4353),RENO 16,{161.0},1,1.050375,Washoe,Nevada
POINT (-119.8243 39.22),CARSON CITY 3,"{345.0, 161.0}",4,1.047965,Washoe,Nevada
POINT (-119.679 39.0634),CARSON CITY 4,{161.0},1,1.06851,Douglas,Nevada
POINT (-119.6284 39.3225),CARSON CITY 5,{161.0},3,1.051744,Storey,Nevada
POINT (-119.7206 39.4734),RENO 17,{161.0},2,1.052709,Washoe,Nevada
POINT (-119.6426 39.3836),RENO 18,{161.0},1,1.057377,Storey,Nevada
POINT (-119.653 39.6189),SPARKS 3,{161.0},1,1.060248,Washoe,Nevada
POINT (-119.7376 39.6407),SPARKS 4,{161.0},2,1.057082,Washoe,Nevada
POINT (-119.7009 39.6136),SPARKS 5,{161.0},1,1.060978,Washoe,Nevada
POINT (-119.622 39.5504),SPARKS 6,{161.0},3,1.057539,Washoe,Nevada
POINT (-119.6627 39.5769),SPARKS 7,{161.0},2,1.058308,Washoe,Nevada
POINT (-119.5998 40.094),RENO 19,{161.0},1,1.053204,Washoe,Nevada
POINT (-119.6801 38.8188),GARDNERVILLE 2,{161.0},1,1.062316,Douglas,Nevada
POINT (-119.4992 39.1947),DAYTON 7,{161.0},1,1.064911,Lyon,Nevada
POINT (-119.2988 38.6735),WELLINGTON 1,{161.0},1,1.068568,Lyon,Nevada
POINT (-119.3757 39.2712),SILVER SPRINGS,{161.0},1,1.064587,Lyon,Nevada
POINT (-119.161 39.6351),FERNLEY 1,"{345.0, 161.0}",2,1.065893,Lyon,Nevada
POINT (-119.1962 38.7551),YERINGTON 1,{161.0},1,1.065346,Lyon,Nevada
POINT (-118.6538 38.526),HAWTHORNE 4,{161.0},2,1.062034,Mineral,Nevada
POINT (-118.2212 39.5399),FALLON 1,"{345.0, 161.0}",2,1.031937,Churchill,Nevada
POINT (-118.1845 41.2532),WINNEMUCCA 1,{161.0},1,1.044107,Humboldt,Nevada
POINT (-118.177 40.3694),LOVELOCK,{161.0},1,1.060133,Pershing,Nevada
POINT (-117.9549 41.9967),MC DERMITT,{161.0},1,1.04333,Humboldt,Nevada
POINT (-116.9542 40.4639),BATTLE MOUNTAIN 1,{161.0},1,1.048642,Lander,Nevada
POINT (-116.9138 38.8938),ROUND MOUNTAIN,{161.0},2,1.065714,Nye,Nevada
POINT (-116.8147 36.949),BEATTY,{161.0},1,1.1,Nye,Nevada
POINT (-116.4636 36.5285),AMARGOSA VALLEY,{161.0},1,1.094678,Nye,Nevada
POINT (-116.2594 38.3484),TONOPAH 1,{161.0},3,1.079558,Nye,Nevada
POINT (-116.1904 40.4476),CARLIN,{161.0},2,1.048939,Eureka,Nevada
POINT (-116.0068 36.1843),PAHRUMP 3,"{345.0, 161.0}",2,1.080583,Nye,Nevada
POINT (-115.9411 39.7583),EUREKA 4,{161.0},1,1.055071,Eureka,Nevada
POINT (-115.7902 41.3406),ELKO,"{345.0, 138.0, 161.0}",3,1.02471,Elko,Nevada
POINT (-115.5005 40.6548),SPRING CREEK,{161.0},2,1.051724,Elko,Nevada
POINT (-115.5738 36.3153),LAS VEGAS 1,{161.0},2,1.076655,Clark,Nevada
POINT (-115.4099 37.2615),ALAMO 2,{161.0},1,1.080736,Lincoln,Nevada
POINT (-115.3677 36.1052),LAS VEGAS 2,{161.0},1,1.065851,Clark,Nevada
POINT (-115.3496 36.0816),LAS VEGAS 3,{161.0},2,1.06635,Clark,Nevada
POINT (-115.2637 36.1792),LAS VEGAS 4,{161.0},1,1.075682,Clark,Nevada
POINT (-115.2442 36.1254),LAS VEGAS 5,{161.0},1,1.070315,Clark,Nevada
POINT (-115.2134 36.0686),LAS VEGAS 6,{161.0},1,1.071918,Clark,Nevada
POINT (-115.1983 36.1415),LAS VEGAS 7,{161.0},1,1.070712,Clark,Nevada
POINT (-115.2004 36.2685),LAS VEGAS 8,{161.0},1,1.07706,Clark,Nevada
POINT (-115.3916 36.3465),LAS VEGAS 9,{161.0},1,1.073957,Clark,Nevada
POINT (-115.2576 36.258),LAS VEGAS 10,{161.0},2,1.073802,Clark,Nevada
POINT (-115.336 36.2386),LAS VEGAS 11,"{345.0, 161.0}",4,1.069838,Clark,Nevada
POINT (-115.3744 36.145),LAS VEGAS 12,{161.0},1,1.066988,Clark,Nevada
POINT (-115.3221 35.9835),LAS VEGAS 13,"{161.0, 138.0}",3,1.077889,Clark,Nevada
POINT (-115.3096 36.0558),LAS VEGAS 14,{161.0},3,1.06618,Clark,Nevada
POINT (-115.362 36.0695),LAS VEGAS 15,"{345.0, 161.0}",3,1.073357,Clark,Nevada
POINT (-115.2148 36.1784),LAS VEGAS 16,{161.0},1,1.074441,Clark,Nevada
POINT (-115.1945 36.1191),LAS VEGAS 17,{161.0},1,1.07272,Clark,Nevada
POINT (-115.305 36.0983),LAS VEGAS 18,{161.0},2,1.066683,Clark,Nevada
POINT (-115.2571 36.0679),LAS VEGAS 19,{161.0},2,1.069586,Clark,Nevada
POINT (-115.2365 36.2054),LAS VEGAS 20,{161.0},1,1.079057,Clark,Nevada
POINT (-115.351 36.1294),LAS VEGAS 21,{161.0},1,1.068255,Clark,Nevada
POINT (-115.2862 36.0569),LAS VEGAS 22,{161.0},3,1.066025,Clark,Nevada
POINT (-115.3392 36.3525),LAS VEGAS 23,{161.0},1,1.076491,Clark,Nevada
POINT (-115.3387 36.2543),LAS VEGAS 24,{161.0},1,1.073531,Clark,Nevada
POINT (-115.1684 36.2518),LAS VEGAS 25,{161.0},1,1.069106,Clark,Nevada
POINT (-115.3151 36.1946),LAS VEGAS 26,{161.0},2,1.071454,Clark,Nevada
POINT (-115.1846 36.216),LAS VEGAS 27,{161.0},2,1.06716,Clark,Nevada
POINT (-115.2868 36.1694),LAS VEGAS 28,{161.0},1,1.07657,Clark,Nevada
POINT (-115.1801 36.1852),LAS VEGAS 29,{161.0},2,1.067616,Clark,Nevada
POINT (-115.2148 36.0268),LAS VEGAS 30,{161.0},1,1.071169,Clark,Nevada
POINT (-115.1465 36.0658),LAS VEGAS 31,{161.0},2,1.071313,Clark,Nevada
POINT (-115.1354 36.17),LAS VEGAS 32,{161.0},3,1.067939,Clark,Nevada
POINT (-115.2278 36.1191),LAS VEGAS 33,{161.0},1,1.070467,Clark,Nevada
POINT (-115.2086 35.9661),LAS VEGAS 34,{161.0},1,1.07795,Clark,Nevada
POINT (-115.3008 36.2519),LAS VEGAS 35,{161.0},1,1.073821,Clark,Nevada
POINT (-115.206 36.1115),LAS VEGAS 36,{161.0},2,1.071466,Clark,Nevada
POINT (-115.2623 35.9712),LAS VEGAS 37,"{161.0, 138.0}",2,1.075894,Clark,Nevada
POINT (-115.201 35.9287),LAS VEGAS 38,"{161.0, 138.0, 18.0, 1.0}",4,1.077281,Clark,Nevada
POINT (-115.16 36.0682),LAS VEGAS 39,{161.0},2,1.072166,Clark,Nevada
POINT (-115.0986 36.1339),LAS VEGAS 40,{161.0},1,1.075819,Clark,Nevada
POINT (-115.1636 35.9575),HENDERSON 1,{161.0},1,1.075993,Clark,Nevada
POINT (-115.2024 36.3461),NORTH LAS VEGAS 1,{161.0},1,1.080563,Clark,Nevada
POINT (-115.1836 36.3205),NORTH LAS VEGAS 2,{161.0},1,1.078762,Clark,Nevada
POINT (-115.2375 36.2834),NORTH LAS VEGAS 3,{161.0},1,1.075214,Clark,Nevada
POINT (-115.1921 36.3338),NORTH LAS VEGAS 4,"{345.0, 161.0}",2,1.073968,Clark,Nevada
POINT (-115.2339 36.1976),NORTH LAS VEGAS 5,"{345.0, 161.0}",2,1.073195,Clark,Nevada
POINT (-115.1964 36.0803),LAS VEGAS 41,{161.0},1,1.072249,Clark,Nevada
POINT (-115.2018 36.1045),LAS VEGAS 42,{161.0},2,1.072114,Clark,Nevada
POINT (-115.1191 36.209),LAS VEGAS 43,{161.0},1,1.068906,Clark,Nevada
POINT (-115.1683 35.9271),LAS VEGAS 44,"{161.0, 138.0}",2,1.078977,Clark,Nevada
POINT (-115.1203 35.9979),LAS VEGAS 45,{161.0},1,1.07552,Clark,Nevada
POINT (-115.0749 35.9556),LAS VEGAS 46,{161.0},2,1.070981,Clark,Nevada
POINT (-115.0531 36.0064),LAS VEGAS 47,{161.0},1,1.070798,Clark,Nevada
POINT (-115.1236 36.1271),LAS VEGAS 48,{161.0},1,1.075475,Clark,Nevada
POINT (-115.1804 36.0725),LAS VEGAS 49,{161.0},2,1.072266,Clark,Nevada
POINT (-115.1985 36.153),LAS VEGAS 50,{161.0},1,1.068789,Clark,Nevada
POINT (-115.1115 36.2653),NORTH LAS VEGAS 6,{161.0},1,1.071037,Clark,Nevada
POINT (-115.0818 36.1227),NORTH LAS VEGAS 7,{161.0},1,1.080955,Clark,Nevada
POINT (-115.0767 36.2156),LAS VEGAS 51,{161.0},1,1.069933,Clark,Nevada
POINT (-115.0617 36.1019),LAS VEGAS 52,{161.0},1,1.07675,Clark,Nevada
POINT (-115.0834 36.0574),LAS VEGAS 53,{161.0},3,1.075687,Clark,Nevada
POINT (-115.1979 36.1088),LAS VEGAS 54,"{345.0, 161.0}",2,1.0733,Clark,Nevada
POINT (-115.0298 36.2685),NORTH LAS VEGAS 8,{161.0},2,1.074796,Clark,Nevada
POINT (-115.1194 36.3575),NORTH LAS VEGAS 9,{161.0},1,1.067699,Clark,Nevada
POINT (-115.0698 36.3149),NORTH LAS VEGAS 10,{161.0},2,1.067459,Clark,Nevada
POINT (-115.0443 35.9946),LAS VEGAS 55,{161.0},1,1.070902,Clark,Nevada
POINT (-115.0048 36.2197),LAS VEGAS 56,{161.0},2,1.073824,Clark,Nevada
POINT (-115.0615 36.0498),LAS VEGAS 57,{161.0},2,1.075049,Clark,Nevada
POINT (-115.1575 35.9513),HENDERSON 2,"{345.0, 161.0}",2,1.076295,Clark,Nevada
POINT (-115.0164 35.9451),HENDERSON 3,{161.0},2,1.075214,Clark,Nevada
POINT (-115.1057 36.0573),HENDERSON 4,{161.0},2,1.072563,Clark,Nevada
POINT (-114.9851 36.1459),HENDERSON 5,{161.0},1,1.082544,Clark,Nevada
POINT (-115.1509 35.9877),HENDERSON 6,{161.0},1,1.075921,Clark,Nevada
POINT (-115.0466 36.0454),HENDERSON 7,{161.0},2,1.07552,Clark,Nevada
POINT (-114.9628 36.1495),LAS VEGAS 58,"{345.0, 161.0}",3,1.072155,Clark,Nevada
POINT (-115.062 36.2656),LAS VEGAS 59,{161.0},1,1.070799,Clark,Nevada
POINT (-115.0018 36.0511),HENDERSON 8,{161.0},1,1.077788,Clark,Nevada
POINT (-114.9949 35.9252),HENDERSON 9,{161.0},1,1.075253,Clark,Nevada
POINT (-115.091 36.2701),LAS VEGAS 60,{161.0},2,1.069306,Clark,Nevada
POINT (-115.0994 36.2731),LAS VEGAS 61,{161.0},1,1.069537,Clark,Nevada
POINT (-114.953 36.1294),LAS VEGAS 62,{161.0},3,1.07708,Clark,Nevada
POINT (-115.1314 36.1152),LAS VEGAS 63,{161.0},1,1.076986,Clark,Nevada
POINT (-114.9997 36.0774),LAS VEGAS 64,{161.0},1,1.077781,Clark,Nevada
POINT (-114.994 36.1624),LAS VEGAS 65,{161.0},1,1.078892,Clark,Nevada
POINT (-114.9112 36.0931),LAS VEGAS 66,{161.0},1,1.072685,Clark,Nevada
POINT (-115.0551 36.09),LAS VEGAS 67,{161.0},1,1.076016,Clark,Nevada
POINT (-114.9972 36.1397),HENDERSON 10,{161.0},2,1.082254,Clark,Nevada
POINT (-114.9891 35.9457),HENDERSON 11,{161.0},1,1.071148,Clark,Nevada
POINT (-115.0111 36.0149),HENDERSON 12,{161.0},1,1.07495,Clark,Nevada
POINT (-115.0069 36.0687),HENDERSON 13,{161.0},1,1.078097,Clark,Nevada
POINT (-114.9413 36.0036),HENDERSON 14,"{161.0, 115.0}",2,1.072038,Clark,Nevada
POINT (-114.8952 36.6178),MOAPA 1,{161.0},1,1.071365,Clark,Nevada
POINT (-114.7723 41.0379),WELLS,{161.0},1,1.060563,Elko,Nevada
POINT (-114.8712 36.0664),BOULDER CITY 1,"{161.0, 115.0, 13.8, 1.0}",4,1.072484,Clark,Nevada
POINT (-114.8127 41.8837),JACKPOT,"{161.0, 138.0, 18.0, 1.0}",4,1.076472,Elko,Nevada
POINT (-114.7129 39.5735),ELY 1,{161.0},1,1.04054,White Pine,Nevada
POINT (-114.6203 35.1842),LAUGHLIN,"{161.0, 115.0}",3,1.04724,Clark,Nevada
POINT (-114.548 36.3154),OVERTON,{161.0},1,1.079017,Clark,Nevada
POINT (-114.5749 37.2614),CALIENTE,{161.0},4,1.080415,Lincoln,Nevada
POINT (-114.5318 38.1595),PIOCHE,{161.0},1,1.065748,Lincoln,Nevada
POINT (-114.5445 36.5501),LOGANDALE,{161.0},1,1.082528,Clark,Nevada
POINT (-114.2615 37.663),PANACA,{161.0},1,1.081136,Lincoln,Nevada
POINT (-114.2384 40.9177),WEST WENDOVER,{161.0},3,1.074408,Elko,Nevada
POINT (-114.1197 36.8253),MESQUITE 1,{161.0},1,1.071385,Clark,Nevada
POINT (-119.7489 39.3887),RENO 20,"{161.0, 13.8}",3,1.05303,Washoe,Nevada
POINT (-118.1414 40.9961),WINNEMUCCA 2,"{345.0, 161.0}",2,1.009624,Humboldt,Nevada
POINT (-119.7645 39.3732),RENO 21,"{161.0, 13.8}",4,1.047565,Washoe,Nevada
POINT (-114.9933 35.7881),BOULDER CITY 2,{161.0},1,1.077106,Clark,Nevada
POINT (-118.5725 39.2944),FALLON 2,"{161.0, 13.8}",3,1.0415,Churchill,Nevada
POINT (-119.5108 39.5603),SPARKS 8,{161.0},3,1.059514,Storey,Nevada
POINT (-114.9361 35.4797),SEARCHLIGHT,"{161.0, 138.0}",3,1.065384,Clark,Nevada
POINT (-119.01 39.796),FALLON 3,{161.0},2,1.050112,Churchill,Nevada
POINT (-116.1511 41.4828),TUSCARORA,"{161.0, 138.0, 18.0}",3,1.035832,Elko,Nevada
POINT (-114.87 36.23),LAS VEGAS 68,"{161.0, 115.0}",3,1.08396,Clark,Nevada
POINT (-114.9024 36.4306),LAS VEGAS 69,"{161.0, 13.2, 13.8, 18.0, 345.0}",7,1.073512,Clark,Nevada
POINT (-116.5297 40.7461),BATTLE MOUNTAIN 2,"{161.0, 1.0, 13.8, 18.0, 345.0}",5,1.042318,Eureka,Nevada
POINT (-117.8557 39.9663),FALLON 4,"{345.0, 161.0}",2,1.040031,Churchill,Nevada
POINT (-118.9535 39.754),FALLON 5,{161.0},1,1.055526,Churchill,Nevada
POINT (-119.7546 39.3908),RENO 22,{161.0},3,1.054805,Washoe,Nevada
POINT (-117.1516 40.8813),VALMY,"{161.0, 13.8, 20.0, 345.0, 765.0}",5,1.018345,Humboldt,Nevada
POINT (-116.6175 40.5547),CRESCENT VALLEY,"{161.0, 13.8, 1.0}",4,1.034466,Lander,Nevada
POINT (-115.0117 36.0417),HENDERSON 15,"{345.0, 161.0}",4,1.074661,Clark,Nevada
POINT (-114.9933 35.7814),BOULDER CITY 3,"{161.0, 138.0, 13.8, 1.0}",6,1.07981,Clark,Nevada
POINT (-114.9207 36.3432),LAS VEGAS 70,{161.0},2,1.078639,Clark,Nevada
POINT (-118.5556 39.5475),FALLON 6,"{161.0, 13.8}",4,1.060133,Churchill,Nevada
POINT (-114.9942 35.7889),BOULDER CITY 4,"{161.0, 1.0, 13.8, 18.0, 345.0}",7,1.088975,Clark,Nevada
POINT (-114.6333 36.6573),MOAPA 2,"{345.0, 161.0, 13.2}",3,1.088628,Clark,Nevada
POINT (-114.8783 36.2253),LAS VEGAS 71,"{161.0, 18.0, 13.8}",3,1.08999,Clark,Nevada
POINT (-114.9283 35.8719),BUNKERVILLE 1,"{345.0, 161.0, 13.8, 1.0}",5,1.077014,Clark,Nevada
POINT (-117.4739 40.1808),IMLAY,"{161.0, 22.0, 1.0}",6,1.058959,Pershing,Nevada
POINT (-116.9119 39.5911),AUSTIN,"{345.0, 161.0, 13.8, 1.0}",6,1.048392,Lander,Nevada
POINT (-114.9817 35.7998),BOULDER CITY 5,{161.0},1,1.076972,Clark,Nevada
POINT (-114.9218 36.3837),LAS VEGAS 72,"{161.0, 13.8, 18.0, 345.0, 765.0}",10,1.078957,Clark,Nevada
POINT (-115.0339 36.1375),LAS VEGAS 73,"{345.0, 161.0}",2,1.078782,Clark,Nevada
POINT (-118.3239 38.8367),LUNING,{161.0},1,1.057748,Mineral,Nevada
POINT (-114.4922 39.1042),ELY 2,"{345.0, 161.0, 13.8, 1.0}",5,1.038476,White Pine,Nevada
POINT (-119.525 39.5625),SPARKS 9,"{161.0, 13.8, 18.0, 345.0, 765.0}",11,1.074181,Storey,Nevada
POINT (-119.7669 39.37),RENO 23,{161.0},1,1.053894,Washoe,Nevada
POINT (-115.0507 36.0875),LAS VEGAS 74,"{161.0, 1.0, 13.8, 18.0, 345.0, 765.0}",18,1.080327,Clark,Nevada
POINT (-114.9606 36.4078),LAS VEGAS 75,"{161.0, 1.0, 13.8, 20.0, 345.0}",8,1.064413,Clark,Nevada
POINT (-114.97 36.39),LAS VEGAS 76,{161.0},1,1.075917,Clark,Nevada
POINT (-119.0731 39.5858),FERNLEY 2,{161.0},1,1.055325,Churchill,Nevada
POINT (-114.9644 36.3906),LAS VEGAS 77,{161.0},1,1.076334,Clark,Nevada
POINT (-119.5178 39.5572),SPARKS 10,{161.0},1,1.059252,Storey,Nevada
POINT (-115.1222 36.2319),NORTH LAS VEGAS 11,"{345.0, 161.0, 13.8, 1.0}",5,1.071039,Clark,Nevada
POINT (-114.9628 35.7864),BOULDER CITY 6,{161.0},1,1.077173,Clark,Nevada
POINT (-119.3997 40.3806),GERLACH,{161.0},2,1.064006,Washoe,Nevada
POINT (-114.9609 36.416),LAS VEGAS 78,"{345.0, 161.0, 13.8, 1.0}",8,1.068935,Clark,Nevada
POINT (-119.7471 39.3951),RENO 24,"{161.0, 18.0, 1.0}",4,1.060002,Washoe,Nevada
POINT (-114.738 36.0155),BUNKERVILLE 2,"{24.0, 345.0, 161.0, 13.8}",9,1.092374,Mohave,Arizona
POINT (-119.1322 39.1281),YERINGTON 2,"{345.0, 161.0, 13.8}",4,1.021873,Lyon,Nevada
POINT (-114.6889 32.4567),SAN LUIS 1,{115.0},1,1.057819,,
POINT (-114.7037 32.5779),SAN LUIS 2,{115.0},1,1.059701,Yuma,Arizona
POINT (-114.6663 32.605),SOMERTON,{115.0},1,1.058568,Yuma,Arizona
POINT (-114.6158 32.6839),YUMA 1,{115.0},1,1.067169,Yuma,Arizona
POINT (-114.6722 32.7326),YUMA 2,{115.0},2,1.069463,Yuma,Arizona
POINT (-114.5345 34.9171),FORT MOHAVE,{115.0},2,1.055722,Mohave,Arizona
POINT (-114.4635 35.0718),BULLHEAD CITY 1,{115.0},1,1.060915,Mohave,Arizona
POINT (-114.6024 35.1043),BULLHEAD CITY 2,{115.0},1,1.08243,Mohave,Arizona
POINT (-114.5811 34.986),MOHAVE VALLEY 1,{115.0},3,1.058286,Mohave,Arizona
POINT (-114.4279 33.5377),EHRENBERG,{115.0},1,1.080263,La Paz,Arizona
POINT (-114.5463 35.2434),BULLHEAD CITY 3,{115.0},2,1.074123,Mohave,Arizona
POINT (-114.4716 32.742),YUMA 3,{115.0},2,1.061132,Yuma,Arizona
POINT (-114.3296 34.7819),TOPOCK,{115.0},2,1.070184,Mohave,Arizona
POINT (-114.4341 35.5803),DOLAN SPRINGS,{115.0},2,1.068903,Mohave,Arizona
POINT (-114.3633 34.5776),LAKE HAVASU CITY 1,{115.0},1,1.058641,Mohave,Arizona
POINT (-114.3586 35.2648),GOLDEN VALLEY 1,{115.0},2,1.068622,Mohave,Arizona
POINT (-114.2646 34.588),LAKE HAVASU CITY 2,{115.0},2,1.059533,Mohave,Arizona
POINT (-114.2511 34.0169),PARKER 1,{115.0},1,1.06748,La Paz,Arizona
POINT (-114.0776 32.6905),WELLTON,{115.0},1,1.056175,Yuma,Arizona
POINT (-114.1638 33.7255),QUARTZSITE,{115.0},2,1.074022,La Paz,Arizona
POINT (-114.1049 33.0558),YUMA 4,{115.0},2,1.055488,Yuma,Arizona
POINT (-114.0596 33.0592),YUMA 5,"{1.0, 115.0, 500.0, 13.8}",5,1.059717,Yuma,Arizona
POINT (-114.1063 34.3739),LAKE HAVASU CITY 3,"{345.0, 115.0, 500.0}",3,1.077437,Mohave,Arizona
POINT (-114.0713 35.905),MEADVIEW,{115.0},1,1.066491,Mohave,Arizona
POINT (-114.0205 35.3941),KINGMAN 1,{115.0},1,1.062534,Mohave,Arizona
POINT (-114.0698 35.3797),KINGMAN 2,{115.0},1,1.064266,Mohave,Arizona
POINT (-113.9629 33.993),BOUSE,{115.0},1,1.072683,La Paz,Arizona
POINT (-113.6241 33.6878),SALOME,{115.0},1,1.069143,La Paz,Arizona
POINT (-113.6728 35.0805),KINGMAN 3,{115.0},1,1.072286,Mohave,Arizona
POINT (-113.5798 35.5887),PEACH SPRINGS,{115.0},1,1.06411,Mohave,Arizona
POINT (-113.4663 36.2669),LITTLEFIELD,{115.0},2,1.064934,Mohave,Arizona
POINT (-113.2936 33.9827),AGUILA,{115.0},2,1.058946,Maricopa,Arizona
POINT (-113.0043 34.4377),BAGDAD 1,{115.0},2,1.040478,Yavapai,Arizona
POINT (-113.0529 33.3457),TONOPAH 2,{115.0},1,1.078187,Maricopa,Arizona
POINT (-112.9484 35.3467),SELIGMAN,{115.0},1,1.056786,Yavapai,Arizona
POINT (-113.0933 36.9612),COLORADO CITY,{115.0},1,1.073715,Mohave,Arizona
POINT (-112.8953 34.765),PRESCOTT 1,{115.0},1,1.041169,Yavapai,Arizona
POINT (-112.9995 34.0916),CONGRESS,{115.0},1,1.044092,Yavapai,Arizona
POINT (-112.8768 33.94),WICKENBURG,{115.0},2,1.038694,Maricopa,Arizona
POINT (-112.8363 36.7665),FREDONIA,{115.0},1,1.071649,Mohave,Arizona
POINT (-112.783 33.0065),GILA BEND 1,{115.0},2,1.07111,Maricopa,Arizona
POINT (-112.7235 33.5298),BUCKEYE 1,{115.0},1,1.069456,Maricopa,Arizona
POINT (-112.6246 32.1788),AJO,{115.0},2,1.060377,Pima,Arizona
POINT (-112.5654 35.2754),ASH FORK,{115.0},1,1.048935,Coconino,Arizona
POINT (-112.6869 34.2662),KIRKLAND 6,{115.0},1,1.042009,Yavapai,Arizona
POINT (-112.5224 33.7706),WITTMANN,{115.0},4,1.067529,Maricopa,Arizona
POINT (-112.5346 33.2216),BUCKEYE 2,{115.0},1,1.057391,Maricopa,Arizona
POINT (-112.4982 33.2906),BUCKEYE 3,"{115.0, 500.0}",3,1.077051,Maricopa,Arizona
POINT (-112.5445 35.0395),PAULDEN,{115.0},2,1.040895,Yavapai,Arizona
POINT (-112.3932 33.5746),WADDELL,{115.0},2,1.069701,Maricopa,Arizona
POINT (-112.4432 33.6427),SURPRISE 1,{115.0},2,1.067701,Maricopa,Arizona
POINT (-112.3499 34.4511),PRESCOTT 2,{115.0},1,1.02761,Yavapai,Arizona
POINT (-112.3575 33.6011),SURPRISE 2,{115.0},4,1.078338,Maricopa,Arizona
POINT (-112.4441 34.6071),PRESCOTT 3,"{1.0, 18.0, 115.0, 500.0}",4,1.044289,Yavapai,Arizona
POINT (-112.4709 33.4971),LITCHFIELD PARK 1,{115.0},2,1.059359,Maricopa,Arizona
POINT (-112.426 33.607),LITCHFIELD PARK 2,{115.0},1,1.06774,Maricopa,Arizona
POINT (-112.3637 33.3403),GOODYEAR 1,{115.0},1,1.060681,Maricopa,Arizona
POINT (-112.3243 33.2883),GOODYEAR 2,{115.0},1,1.052279,Maricopa,Arizona
POINT (-112.3747 34.7375),CHINO VALLEY 1,{115.0},2,1.037472,Yavapai,Arizona
POINT (-112.3098 33.4306),GOODYEAR 3,{115.0},4,1.056537,Maricopa,Arizona
POINT (-112.4604 33.4749),GOODYEAR 4,{115.0},1,1.058761,Maricopa,Arizona
POINT (-112.4488 33.5724),SURPRISE 3,{115.0},3,1.064594,Maricopa,Arizona
POINT (-112.3395 33.6131),SURPRISE 4,"{115.0, 500.0}",2,1.070009,Maricopa,Arizona
POINT (-112.4149 33.529),SURPRISE 5,{115.0},1,1.05892,Maricopa,Arizona
POINT (-112.2748 33.6076),SURPRISE 6,{115.0},1,1.070668,Maricopa,Arizona
POINT (-112.3132 33.6732),SUN CITY WEST 1,{115.0},1,1.073446,Maricopa,Arizona
POINT (-112.3547 33.6222),SUN CITY WEST 2,{115.0},2,1.077158,Maricopa,Arizona
POINT (-112.2727 33.6796),EL MIRAGE 1,{115.0},2,1.067247,Maricopa,Arizona
POINT (-112.3417 33.6392),EL MIRAGE 2,{115.0},1,1.078909,Maricopa,Arizona
POINT (-112.3757 33.4334),AVONDALE 1,{115.0},1,1.051731,Maricopa,Arizona
POINT (-112.2574 33.3963),AVONDALE 2,{115.0},1,1.056734,Maricopa,Arizona
POINT (-112.2725 33.5392),GLENDALE 9,{115.0},1,1.060017,Maricopa,Arizona
POINT (-112.2874 33.3881),AVONDALE 3,{115.0},2,1.062925,Maricopa,Arizona
POINT (-112.2519 33.5572),AVONDALE 4,{115.0},1,1.065138,Maricopa,Arizona
POINT (-112.2215 34.7197),PRESCOTT VALLEY 1,{115.0},1,1.035377,Yavapai,Arizona
POINT (-112.3377 34.6407),PRESCOTT VALLEY 2,{115.0},1,1.038518,Yavapai,Arizona
POINT (-112.2953 33.5712),YOUNGTOWN,{115.0},1,1.067462,Maricopa,Arizona
POINT (-112.2952 33.6136),SUN CITY 5,{115.0},2,1.07421,Maricopa,Arizona
POINT (-112.3632 33.6472),SUN CITY 6,{115.0},1,1.077256,Maricopa,Arizona
POINT (-112.328 33.6244),SUN CITY 7,{115.0},1,1.080093,Maricopa,Arizona
POINT (-112.2291 33.435),TOLLESON 1,{115.0},2,1.075698,Maricopa,Arizona
POINT (-112.2408 33.4017),TOLLESON 2,{115.0},1,1.058194,Maricopa,Arizona
POINT (-112.2567 34.7342),PRESCOTT VALLEY 3,{115.0},2,1.038413,Yavapai,Arizona
POINT (-112.3481 33.464),PHOENIX 2,{115.0},2,1.050164,Maricopa,Arizona
POINT (-112.2797 33.5287),PHOENIX 3,{115.0},1,1.062021,Maricopa,Arizona
POINT (-112.1893 33.5879),GLENDALE 10,{115.0},1,1.066907,Maricopa,Arizona
POINT (-112.2322 33.6525),PEORIA 1,{115.0},1,1.06827,Maricopa,Arizona
POINT (-112.1951 33.6839),PEORIA 2,{115.0},2,1.072662,Maricopa,Arizona
POINT (-112.2242 33.7358),PEORIA 3,{115.0},1,1.059533,Maricopa,Arizona
POINT (-112.3286 33.8047),PEORIA 4,{115.0},1,1.048968,Maricopa,Arizona
POINT (-112.1462 33.5405),PEORIA 5,{115.0},1,1.065998,Maricopa,Arizona
POINT (-112.2883 33.6576),PEORIA 6,{115.0},1,1.06244,Maricopa,Arizona
POINT (-112.2653 33.6375),PEORIA 7,{115.0},1,1.069366,Maricopa,Arizona
POINT (-112.2009 33.4626),GLENDALE 11,{115.0},1,1.056963,Maricopa,Arizona
POINT (-112.1696 33.4388),GLENDALE 12,{115.0},2,1.060175,Maricopa,Arizona
POINT (-112.2138 33.3944),PHOENIX 4,"{115.0, 500.0}",3,1.064139,Maricopa,Arizona
POINT (-112.1584 33.4989),PHOENIX 5,{115.0},2,1.054742,Maricopa,Arizona
POINT (-112.1701 33.4221),PHOENIX 6,{115.0},1,1.062556,Maricopa,Arizona
POINT (-112.2611 33.4295),PHOENIX 7,{115.0},1,1.060236,Maricopa,Arizona
POINT (-112.2875 33.5576),PHOENIX 8,{115.0},2,1.065196,Maricopa,Arizona
POINT (-112.24 33.5572),PHOENIX 9,{115.0},1,1.064157,Maricopa,Arizona
POINT (-112.1937 33.6352),GLENDALE 13,{115.0},1,1.0653,Maricopa,Arizona
POINT (-112.1435 33.7222),GLENDALE 14,{115.0},2,1.067989,Maricopa,Arizona
POINT (-112.1339 33.6473),GLENDALE 15,{115.0},1,1.08519,Maricopa,Arizona
POINT (-112.1782 33.526),GLENDALE 16,{115.0},2,1.054256,Maricopa,Arizona
POINT (-112.1579 33.5901),GLENDALE 17,{115.0},1,1.067299,Maricopa,Arizona
POINT (-112.1955 33.5812),GLENDALE 18,{115.0},1,1.065508,Maricopa,Arizona
POINT (-112.1687 33.5665),GLENDALE 19,{115.0},1,1.065369,Maricopa,Arizona
POINT (-112.2157 33.511),GLENDALE 20,{115.0},1,1.057571,Maricopa,Arizona
POINT (-112.2592 33.6046),GLENDALE 21,{115.0},1,1.069294,Maricopa,Arizona
POINT (-112.1991 33.5285),PHOENIX 10,{115.0},1,1.057355,Maricopa,Arizona
POINT (-112.1034 33.4291),PHOENIX 11,{115.0},2,1.069598,Maricopa,Arizona
POINT (-112.1377 33.3164),LAVEEN 1,{115.0},1,1.075503,Maricopa,Arizona
POINT (-112.0714 33.1467),LAVEEN 2,{115.0},2,1.053248,Pinal,Arizona
POINT (-112.0817 33.6928),GLENDALE 22,{115.0},2,1.069672,Maricopa,Arizona
POINT (-112.1548 33.7661),PHOENIX 12,{115.0},1,1.069047,Maricopa,Arizona
POINT (-112.2078 32.9936),MARICOPA 2,{115.0},1,1.041396,Maricopa,Arizona
POINT (-112.0621 33.5034),PHOENIX 13,{115.0},1,1.06113,Maricopa,Arizona
POINT (-112.2262 33.5077),PHOENIX 14,{115.0},2,1.059088,Maricopa,Arizona
POINT (-112.2052 33.5283),PHOENIX 15,{115.0},2,1.055984,Maricopa,Arizona
POINT (-112.1354 33.6493),PHOENIX 16,"{115.0, 500.0}",2,1.06826,Maricopa,Arizona
POINT (-112.0952 33.667),PHOENIX 17,{115.0},2,1.076491,Maricopa,Arizona
POINT (-112.0752 33.6521),PHOENIX 18,{115.0},1,1.073841,Maricopa,Arizona
POINT (-112.1602 33.4015),PHOENIX 19,{115.0},1,1.073391,Maricopa,Arizona
POINT (-112.1955 33.3774),PHOENIX 20,{115.0},1,1.070536,Maricopa,Arizona
POINT (-112.1257 33.8677),NEW RIVER,{115.0},1,1.070346,Maricopa,Arizona
POINT (-112.0329 35.3844),WILLIAMS 2,{115.0},2,1.045851,Coconino,Arizona
POINT (-112.0473 33.5114),PHOENIX 21,{115.0},1,1.063143,Maricopa,Arizona
POINT (-112.0869 33.4392),PHOENIX 22,{115.0},1,1.07119,Maricopa,Arizona
POINT (-112.1955 34.8017),CLARKDALE,{115.0},1,1.041596,Yavapai,Arizona
POINT (-112.0504 33.8636),PHOENIX 23,{115.0},2,1.075217,Maricopa,Arizona
POINT (-112.1203 33.7407),PHOENIX 24,"{1.0, 115.0, 13.8}",5,1.056486,Maricopa,Arizona
POINT (-112.0257 33.3923),PHOENIX 25,{115.0},1,1.089295,Maricopa,Arizona
POINT (-112.1399 33.4008),PHOENIX 26,{115.0},2,1.071041,Maricopa,Arizona
POINT (-112.1833 33.6547),PHOENIX 27,{115.0},1,1.070941,Maricopa,Arizona
POINT (-112.1436 33.5712),PHOENIX 28,{115.0},1,1.071651,Maricopa,Arizona
POINT (-112.1413 34.4912),DEWEY,{115.0},2,1.041693,Yavapai,Arizona
POINT (-112.1101 33.3626),PHOENIX 29,{115.0},1,1.079066,Maricopa,Arizona
POINT (-112.0079 33.5005),PHOENIX 30,"{115.0, 500.0}",2,1.067169,Maricopa,Arizona
POINT (-112.0344 33.4172),PHOENIX 31,{115.0},1,1.085071,Maricopa,Arizona
POINT (-112.1245 33.6231),PHOENIX 32,{115.0},1,1.077058,Maricopa,Arizona
POINT (-112.1355 33.6204),PHOENIX 33,{115.0},3,1.079153,Maricopa,Arizona
POINT (-111.9948 33.5203),PHOENIX 34,{115.0},1,1.071875,Maricopa,Arizona
POINT (-112.0179 33.4958),PHOENIX 35,{115.0},1,1.07717,Maricopa,Arizona
POINT (-112.0145 33.6727),PHOENIX 36,{115.0},1,1.069454,Maricopa,Arizona
POINT (-112.1296 33.6632),PHOENIX 37,{115.0},1,1.081996,Maricopa,Arizona
POINT (-112.0299 33.4745),PHOENIX 38,{115.0},1,1.069665,Maricopa,Arizona
POINT (-111.991 33.7496),PHOENIX 39,{115.0},1,1.064741,Maricopa,Arizona
POINT (-112.1535 33.4261),PHOENIX 40,{115.0},1,1.061012,Maricopa,Arizona
POINT (-112.1623 34.3155),MAYER,{115.0},1,1.041157,Yavapai,Arizona
POINT (-112.0862 33.5169),PHOENIX 41,{115.0},1,1.062838,Maricopa,Arizona
POINT (-112.0231 33.5273),PHOENIX 42,{115.0},3,1.069051,Maricopa,Arizona
POINT (-112.0118 33.5475),PHOENIX 43,{115.0},1,1.069134,Maricopa,Arizona
POINT (-112.1569 33.2215),PHOENIX 44,{115.0},1,1.055593,Pinal,Arizona
POINT (-111.9811 33.3139),PHOENIX 45,{115.0},3,1.052874,Maricopa,Arizona
POINT (-112.0953 33.607),PHOENIX 46,{115.0},2,1.071962,Maricopa,Arizona
POINT (-111.979 33.5216),PHOENIX 47,{115.0},1,1.074219,Maricopa,Arizona
POINT (-112.0022 33.5015),PHOENIX 48,{115.0},1,1.078861,Maricopa,Arizona
POINT (-111.9801 33.374),PHOENIX 49,{115.0},3,1.054305,Maricopa,Arizona
POINT (-112.0759 33.6798),PHOENIX 50,{115.0},1,1.072532,Maricopa,Arizona
POINT (-112.043 33.6375),PHOENIX 51,{115.0},2,1.070914,Maricopa,Arizona
POINT (-111.9654 34.0833),BLACK CANYON CITY,{115.0},2,1.068877,Yavapai,Arizona
POINT (-112.0272 33.4222),PHOENIX 52,{115.0},1,1.082313,Maricopa,Arizona
POINT (-111.9775 33.4242),PHOENIX 53,{115.0},3,1.080291,Maricopa,Arizona
POINT (-112.0612 33.7976),PHOENIX 54,"{115.0, 500.0}",3,1.054169,Maricopa,Arizona
POINT (-112.123 33.3216),PHOENIX 55,{115.0},2,1.077626,Maricopa,Arizona
POINT (-112.0818 33.4913),PHOENIX 56,{115.0},1,1.060591,Maricopa,Arizona
POINT (-112.0147 34.7616),COTTONWOOD 2,"{1.0, 115.0, 500.0, 22.0}",4,1.048804,Yavapai,Arizona
POINT (-112.1079 36.111),GRAND CANYON,{115.0},2,1.07451,Coconino,Arizona
POINT (-112.0418 33.4588),PHOENIX 57,{115.0},1,1.073972,Maricopa,Arizona
POINT (-112.0183 33.4707),PHOENIX 58,{115.0},2,1.061478,Maricopa,Arizona
POINT (-112.0393 33.297),PHOENIX 59,{115.0},2,1.047023,Maricopa,Arizona
POINT (-112.0413 33.422),PHOENIX 60,{115.0},1,1.077371,Maricopa,Arizona
POINT (-111.9861 33.2646),CHANDLER 1,{115.0},1,1.044892,Maricopa,Arizona
POINT (-112.073 33.1705),CHANDLER 2,"{1.0, 18.0, 115.0, 500.0}",4,1.061003,Pinal,Arizona
POINT (-112.0703 33.6185),PHOENIX 61,{115.0},2,1.071086,Maricopa,Arizona
POINT (-112.0981 33.5746),PHOENIX 62,{115.0},1,1.068778,Maricopa,Arizona
POINT (-111.9346 33.5541),PHOENIX 63,{115.0},2,1.060309,Maricopa,Arizona
POINT (-111.9608 33.6573),PHOENIX 64,{115.0},2,1.060918,Maricopa,Arizona
POINT (-112.043 33.6314),PHOENIX 65,{115.0},2,1.070958,Maricopa,Arizona
POINT (-112.0076 31.9997),SELLS,{115.0},1,1.05657,Pima,Arizona
POINT (-111.9373 32.9497),MARICOPA 3,{115.0},2,1.059702,Pinal,Arizona
POINT (-112.0682 33.0444),MARICOPA 4,{115.0},1,1.043376,Pinal,Arizona
POINT (-111.9258 33.5567),PHOENIX 66,{115.0},2,1.059692,Maricopa,Arizona
POINT (-111.9757 33.6003),PHOENIX 67,"{24.0, 1.0, 115.0}",6,1.061387,Maricopa,Arizona
POINT (-112.0331 33.4022),PHOENIX 68,"{115.0, 500.0}",2,1.072222,Maricopa,Arizona
POINT (-112.0142 33.4533),PHOENIX 69,{115.0},2,1.054341,Maricopa,Arizona
POINT (-111.9305 33.4656),PARADISE VALLEY,{115.0},1,1.064222,Maricopa,Arizona
POINT (-111.9638 33.6017),SCOTTSDALE 1,{115.0},1,1.060636,Maricopa,Arizona
POINT (-111.9226 33.6768),SCOTTSDALE 2,{115.0},1,1.053373,Maricopa,Arizona
POINT (-111.9817 33.7702),PHOENIX 70,{115.0},2,1.066594,Maricopa,Arizona
POINT (-111.8663 33.3545),TEMPE 1,{115.0},1,1.065166,Maricopa,Arizona
POINT (-111.9777 33.4335),TEMPE 2,{115.0},2,1.073904,Maricopa,Arizona
POINT (-111.9744 33.4811),TEMPE 3,{115.0},1,1.070442,Maricopa,Arizona
POINT (-111.9939 33.3084),TEMPE 4,{115.0},2,1.049598,Maricopa,Arizona
POINT (-111.8768 33.4202),TEMPE 5,{115.0},1,1.065001,Maricopa,Arizona
POINT (-111.9292 33.3284),TEMPE 6,{115.0},3,1.050694,Maricopa,Arizona
POINT (-111.9583 33.3184),TEMPE 7,{115.0},3,1.052251,Maricopa,Arizona
POINT (-111.8411 33.5579),SCOTTSDALE 3,{115.0},1,1.05773,Maricopa,Arizona
POINT (-111.9138 33.5401),SCOTTSDALE 4,{115.0},1,1.06108,Maricopa,Arizona
POINT (-111.974 33.7482),SCOTTSDALE 5,{115.0},1,1.06493,Maricopa,Arizona
POINT (-111.883 33.4133),SCOTTSDALE 6,{115.0},2,1.066714,Maricopa,Arizona
POINT (-111.8605 33.5001),SCOTTSDALE 7,{115.0},2,1.058845,Maricopa,Arizona
POINT (-111.9248 33.8064),CAREFREE,{115.0},2,1.064494,Maricopa,Arizona
POINT (-111.9755 33.923),CAVE CREEK 1,{115.0},3,1.063162,Maricopa,Arizona
POINT (-112.0076 33.9654),CAVE CREEK 2,{115.0},2,1.060094,Maricopa,Arizona
POINT (-111.8591 34.83),CORNVILLE,{115.0},1,1.048592,Yavapai,Arizona
POINT (-111.907 33.6333),SCOTTSDALE 8,"{1.0, 115.0, 500.0, 13.8}",5,1.060959,Maricopa,Arizona
POINT (-111.8705 33.5482),SCOTTSDALE 9,{115.0},1,1.057778,Maricopa,Arizona
POINT (-111.8753 33.6174),SCOTTSDALE 10,{115.0},1,1.056856,Maricopa,Arizona
POINT (-111.8187 33.517),SCOTTSDALE 11,{115.0},1,1.064608,Maricopa,Arizona
POINT (-111.927 33.2869),CHANDLER 3,{115.0},1,1.053068,Maricopa,Arizona
POINT (-111.7879 33.2727),CHANDLER 4,{115.0},1,1.048402,Maricopa,Arizona
POINT (-111.8343 33.3299),MESA 2,{115.0},1,1.067245,Maricopa,Arizona
POINT (-111.86 33.4716),MESA 3,{115.0},2,1.060098,Maricopa,Arizona
POINT (-111.8065 33.1433),CHANDLER 5,{115.0},4,1.052637,Pinal,Arizona
POINT (-111.9048 33.3063),CHANDLER 6,{115.0},2,1.055781,Maricopa,Arizona
POINT (-111.8261 34.8862),SEDONA 1,{115.0},2,1.046663,Yavapai,Arizona
POINT (-111.7515 33.3376),MESA 4,{115.0},2,1.058704,Maricopa,Arizona
POINT (-111.7884 33.3563),MESA 5,{115.0},1,1.060725,Maricopa,Arizona
POINT (-111.9329 33.5849),SCOTTSDALE 12,{115.0},1,1.059272,Maricopa,Arizona
POINT (-111.7863 33.4239),MESA 6,{115.0},2,1.066725,Maricopa,Arizona
POINT (-111.8738 33.3698),MESA 7,{115.0},1,1.063655,Maricopa,Arizona
POINT (-111.86 33.217),CHANDLER 7,{115.0},1,1.050379,Maricopa,Arizona
POINT (-111.7674 33.3144),CHANDLER 8,{115.0},3,1.05704,Maricopa,Arizona
POINT (-111.7632 33.3397),CHANDLER 9,{115.0},1,1.058368,Maricopa,Arizona
POINT (-111.7977 33.2318),CHANDLER 10,"{1.0, 115.0, 500.0, 13.8}",4,1.058878,Maricopa,Arizona
POINT (-111.9043 33.6526),SCOTTSDALE 13,{115.0},2,1.056367,Maricopa,Arizona
POINT (-111.7722 33.6006),SCOTTSDALE 14,{115.0},3,1.056463,Maricopa,Arizona
POINT (-111.7898 32.7951),CASA GRANDE 1,{115.0},1,1.068861,Pinal,Arizona
POINT (-111.8656 33.3974),GILBERT 1,{115.0},1,1.062057,Maricopa,Arizona
POINT (-111.7422 33.4526),GILBERT 2,{115.0},1,1.071735,Maricopa,Arizona
POINT (-111.7801 33.6836),SCOTTSDALE 15,{115.0},1,1.052077,Maricopa,Arizona
POINT (-111.7609 33.7787),SCOTTSDALE 16,{115.0},1,1.054214,Maricopa,Arizona
POINT (-111.7586 33.4282),MESA 8,"{115.0, 500.0}",2,1.070686,Maricopa,Arizona
POINT (-111.8592 33.4003),MESA 9,{115.0},2,1.062735,Maricopa,Arizona
POINT (-111.8681 34.524),CAMP VERDE,{115.0},1,1.044727,Yavapai,Arizona
POINT (-111.8381 33.2354),CHANDLER 11,{115.0},2,1.048044,Maricopa,Arizona
POINT (-111.7666 33.2804),CHANDLER 12,{115.0},1,1.050738,Maricopa,Arizona
POINT (-111.8061 33.3342),MESA 10,{115.0},1,1.062459,Maricopa,Arizona
POINT (-111.7129 33.3181),MESA 11,{115.0},1,1.056803,Maricopa,Arizona
POINT (-111.7836 34.8281),SEDONA 2,{115.0},1,1.047399,Yavapai,Arizona
POINT (-111.794 33.403),MESA 12,{115.0},4,1.064268,Maricopa,Arizona
POINT (-111.7488 33.4282),MESA 13,{115.0},1,1.073385,Maricopa,Arizona
POINT (-111.7117 32.83),CASA GRANDE 2,{115.0},2,1.059605,Pinal,Arizona
POINT (-111.7212 32.9914),CASA GRANDE 3,{115.0},3,1.063581,Pinal,Arizona
POINT (-111.8172 33.6384),FOUNTAIN HILLS,{115.0},1,1.053071,Maricopa,Arizona
POINT (-111.8355 33.3406),GILBERT 3,{115.0},1,1.062296,Maricopa,Arizona
POINT (-111.7891 33.3386),GILBERT 4,{115.0},1,1.059025,Maricopa,Arizona
POINT (-111.8259 33.2492),GILBERT 5,{115.0},1,1.049246,Maricopa,Arizona
POINT (-111.722 33.4089),GILBERT 6,{115.0},2,1.071444,Maricopa,Arizona
POINT (-111.6414 33.3705),GILBERT 7,{115.0},1,1.085033,Maricopa,Arizona
POINT (-111.7595 33.3311),GILBERT 8,{115.0},1,1.058879,Maricopa,Arizona
POINT (-111.7641 33.1834),SACATON,{115.0},1,1.050377,Pinal,Arizona
POINT (-111.6627 33.2678),GILBERT 9,{115.0},1,1.047798,Maricopa,Arizona
POINT (-111.6739 33.342),GILBERT 10,{115.0},1,1.073254,Maricopa,Arizona
POINT (-111.7208 33.302),GILBERT 11,{115.0},1,1.057341,Maricopa,Arizona
POINT (-111.7103 33.3657),MESA 14,{115.0},2,1.065483,Maricopa,Arizona
POINT (-111.6794 33.472),MESA 15,{115.0},1,1.081465,Maricopa,Arizona
POINT (-111.7776 33.4028),MESA 16,{115.0},1,1.065969,Maricopa,Arizona
POINT (-111.6562 33.3938),MESA 17,{115.0},2,1.073678,Maricopa,Arizona
POINT (-111.6536 32.6673),ARIZONA CITY,{115.0},1,1.067438,Pinal,Arizona
POINT (-111.663 34.6564),RIMROCK,{115.0},2,1.047163,Yavapai,Arizona
POINT (-111.5921 35.0951),FLAGSTAFF 1,{115.0},2,1.047931,Coconino,Arizona
POINT (-111.5471 35.3274),FLAGSTAFF 2,{115.0},2,1.039755,Coconino,Arizona
POINT (-111.6176 35.3292),FLAGSTAFF 3,"{115.0, 500.0}",2,1.055977,Coconino,Arizona
POINT (-111.6952 33.3579),MESA 18,{115.0},2,1.068796,Maricopa,Arizona
POINT (-111.7027 33.3498),MESA 19,{115.0},2,1.068865,Maricopa,Arizona
POINT (-111.7183 33.2014),QUEEN CREEK 1,{115.0},1,1.045827,Pinal,Arizona
POINT (-111.6617 33.1485),QUEEN CREEK 2,{115.0},2,1.044371,Pinal,Arizona
POINT (-111.684 33.3974),MESA 20,{115.0},2,1.070462,Maricopa,Arizona
POINT (-111.6374 33.4065),MESA 21,"{115.0, 500.0}",3,1.076945,Maricopa,Arizona
POINT (-111.6556 33.2312),MESA 22,{115.0},1,1.041529,Maricopa,Arizona
POINT (-111.7257 32.9418),CASA GRANDE 4,"{1.0, 115.0, 13.2}",4,1.058252,Pinal,Arizona
POINT (-111.5661 33.4768),MESA 23,{115.0},1,1.077695,Maricopa,Arizona
POINT (-111.5324 33.3575),MESA 24,{115.0},1,1.075923,Pinal,Arizona
POINT (-111.5046 33.432),MESA 25,{115.0},2,1.077927,Pinal,Arizona
POINT (-111.6199 33.4661),APACHE JUNCTION 1,{115.0},3,1.070722,Maricopa,Arizona
POINT (-111.5658 33.4078),APACHE JUNCTION 2,{115.0},1,1.076993,Pinal,Arizona
POINT (-111.5033 34.2744),PINE 1,{115.0},1,1.056354,Gila,Arizona
POINT (-111.5259 32.6181),ELOY,{115.0},1,1.065187,Pinal,Arizona
POINT (-111.5392 33.1472),SAN TAN VALLEY 1,{115.0},1,1.05569,Pinal,Arizona
POINT (-111.59 33.3376),SAN TAN VALLEY 2,{115.0},1,1.0791,Maricopa,Arizona
POINT (-111.514 32.9302),COOLIDGE,{115.0},2,1.074034,Pinal,Arizona
POINT (-111.5219 33.9361),RIO VERDE,{115.0},1,1.065351,Maricopa,Arizona
POINT (-111.4463 33.23),SAN TAN VALLEY 3,{115.0},1,1.052617,Pinal,Arizona
POINT (-111.5477 33.0919),SAN TAN VALLEY 4,{115.0},1,1.057027,Pinal,Arizona
POINT (-111.4826 33.4389),APACHE JUNCTION 3,{115.0},1,1.07885,Pinal,Arizona
POINT (-111.4299 35.965),CAMERON,{115.0},2,1.06988,Coconino,Arizona
POINT (-111.525 36.7916),PAGE 1,{115.0},2,1.081787,Coconino,Arizona
POINT (-111.4246 32.4681),MARANA 1,{115.0},2,1.074891,Pima,Arizona
POINT (-111.4419 35.4574),FLAGSTAFF 4,{115.0},2,1.035841,Coconino,Arizona
POINT (-111.4563 35.3834),FLAGSTAFF 5,{115.0},1,1.037949,Coconino,Arizona
POINT (-111.4511 31.8328),TUCSON 1,{115.0},1,1.06374,Pima,Arizona
POINT (-111.3981 32.1846),TUCSON 2,{115.0},1,1.073543,Pima,Arizona
POINT (-111.3249 33.2853),GOLD CANYON,{115.0},2,1.055161,Pinal,Arizona
POINT (-111.2638 34.2803),PAYSON 1,{115.0},1,1.052847,Gila,Arizona
POINT (-111.1882 32.9552),FLORENCE 2,{115.0},1,1.064006,Pinal,Arizona
POINT (-111.2863 33.0082),FLORENCE 3,{115.0},2,1.056917,Pinal,Arizona
POINT (-111.1206 33.8292),TONTO BASIN,{115.0},2,1.056659,Gila,Arizona
POINT (-111.1726 32.3374),TUCSON 3,{115.0},1,1.063496,Pima,Arizona
POINT (-111.2166 32.2412),TUCSON 4,{115.0},1,1.065131,Pima,Arizona
POINT (-111.1516 31.6499),AMADO,{115.0},2,1.064302,Santa Cruz,Arizona
POINT (-111.0535 32.611),MARANA 2,{115.0},2,1.080779,Pinal,Arizona
POINT (-111.0258 33.3185),SUPERIOR 1,{115.0},1,1.076431,Pinal,Arizona
POINT (-111.0535 32.1777),TUCSON 5,{115.0},1,1.074336,Pima,Arizona
POINT (-111.0852 36.1006),TUBA CITY,{115.0},2,1.062671,Coconino,Arizona
POINT (-111.1253 32.2844),TUCSON 6,{115.0},1,1.057627,Pima,Arizona
POINT (-111.0785 32.3405),TUCSON 7,{115.0},1,1.061869,Pima,Arizona
POINT (-111.0986 31.8726),GREEN VALLEY 1,{115.0},1,1.068078,Pima,Arizona
POINT (-110.9877 32.404),TUCSON 8,{115.0},1,1.069331,Pima,Arizona
POINT (-111.0283 32.443),TUCSON 9,{115.0},1,1.071191,Pima,Arizona
POINT (-111.1188 36.7933),KAIBETO,{115.0},1,1.079093,Coconino,Arizona
POINT (-111.0503 32.0233),TUCSON 10,{115.0},2,1.073195,Pima,Arizona
POINT (-111.0235 32.1276),TUCSON 11,{115.0},1,1.07411,Pima,Arizona
POINT (-110.9779 32.395),TUCSON 12,{115.0},1,1.068427,Pima,Arizona
POINT (-111.1337 32.376),TUCSON 13,{115.0},1,1.074955,Pima,Arizona
POINT (-110.9545 31.5573),RIO RICO,{115.0},1,1.064906,Santa Cruz,Arizona
POINT (-111.1213 33.0856),KEARNY,{115.0},1,1.068327,Pinal,Arizona
POINT (-110.9203 31.9039),SAHUARITA,"{115.0, 500.0}",2,1.081182,Pima,Arizona
POINT (-111.0628 32.1579),TUCSON 14,"{1.0, 115.0, 500.0, 20.0}",7,1.079207,Pima,Arizona
POINT (-111.054 32.1342),TUCSON 15,{115.0},1,1.074325,Pima,Arizona
POINT (-110.9514 32.2498),TUCSON 16,"{115.0, 500.0}",2,1.080848,Pima,Arizona
POINT (-111.0492 32.3428),TUCSON 17,{115.0},1,1.065363,Pima,Arizona
POINT (-110.944 32.6258),TUCSON 18,{115.0},1,1.097006,Pinal,Arizona
POINT (-111.0536 32.3582),TUCSON 19,{115.0},2,1.070128,Pima,Arizona
POINT (-110.9187 32.3812),TUCSON 20,{115.0},2,1.070029,Pima,Arizona
POINT (-110.9034 32.5043),TUCSON 21,{115.0},1,1.068404,Pima,Arizona
POINT (-110.9594 32.168),TUCSON 22,{115.0},1,1.077472,Pima,Arizona
POINT (-110.9723 32.1295),TUCSON 23,{115.0},1,1.080655,Pima,Arizona
POINT (-110.8834 32.2527),TUCSON 24,{115.0},1,1.070384,Pima,Arizona
POINT (-110.9009 32.2493),TUCSON 25,{115.0},1,1.073092,Pima,Arizona
POINT (-111.0463 32.4197),TUCSON 26,{115.0},3,1.070271,Pima,Arizona
POINT (-110.9291 35.4901),LEUPP,{115.0},1,1.048728,Coconino,Arizona
POINT (-110.916 32.0899),TUCSON 27,{115.0},1,1.08242,Pima,Arizona
POINT (-110.8867 32.2087),TUCSON 28,{115.0},1,1.082329,Pima,Arizona
POINT (-110.8784 32.1922),TUCSON 29,{115.0},1,1.082196,Pima,Arizona
POINT (-110.8508 32.2027),TUCSON 30,{115.0},1,1.080224,Pima,Arizona
POINT (-110.8842 31.7712),GREEN VALLEY 2,{115.0},2,1.067083,Pima,Arizona
POINT (-110.9904 32.3811),TUCSON 31,{115.0},1,1.068912,Pima,Arizona
POINT (-110.9045 32.3007),TUCSON 32,{115.0},2,1.069478,Pima,Arizona
POINT (-110.8179 31.3635),NOGALES 1,{115.0},1,1.085477,Santa Cruz,Arizona
POINT (-110.8631 32.0363),TUCSON 33,{115.0},1,1.076918,Pima,Arizona
POINT (-110.8625 31.9889),TUCSON 34,{115.0},4,1.076455,Pima,Arizona
POINT (-110.8197 33.3527),MIAMI,{115.0},1,1.072177,Gila,Arizona
POINT (-110.9594 32.2199),TUCSON 35,{115.0},2,1.075002,Pima,Arizona
POINT (-110.7941 32.2375),TUCSON 36,{115.0},1,1.070812,Pima,Arizona
POINT (-110.9367 32.2383),TUCSON 37,{115.0},1,1.076574,Pima,Arizona
POINT (-110.8241 32.3019),TUCSON 38,"{1.0, 18.0, 115.0, 500.0}",4,1.065984,Pima,Arizona
POINT (-110.8717 32.1286),TUCSON 39,{115.0},1,1.084539,Pima,Arizona
POINT (-110.7563 32.1835),TUCSON 40,{115.0},2,1.075284,Pima,Arizona
POINT (-110.8109 32.3862),TUCSON 41,{115.0},1,1.062313,Pima,Arizona
POINT (-110.7376 32.146),TUCSON 42,"{115.0, 500.0}",2,1.085186,Pima,Arizona
POINT (-110.8479 32.3139),TUCSON 43,{115.0},1,1.064911,Pima,Arizona
POINT (-110.7549 36.6207),TONALEA,{115.0},1,1.07583,Coconino,Arizona
POINT (-110.8042 32.6137),ORACLE,{115.0},3,1.069932,Pinal,Arizona
POINT (-110.6883 32.1224),TUCSON 44,{115.0},1,1.076696,Pima,Arizona
POINT (-110.6659 33.5072),GLOBE 1,{115.0},1,1.063779,Gila,Arizona
POINT (-110.7744 32.2579),TUCSON 45,{115.0},1,1.07226,Pima,Arizona
POINT (-110.7409 32.1118),TUCSON 46,{115.0},2,1.0806,Pima,Arizona
POINT (-110.846 32.2075),TUCSON 47,{115.0},1,1.08033,Pima,Arizona
POINT (-110.8165 32.2983),TUCSON 48,{115.0},1,1.067436,Pima,Arizona
POINT (-110.8035 36.0179),HOTEVILLA,{115.0},3,1.058412,Coconino,Arizona
POINT (-110.7383 31.5537),PATAGONIA,{115.0},1,1.072065,Santa Cruz,Arizona
POINT (-110.7522 33.0515),WINKELMAN,{115.0},1,1.083989,Gila,Arizona
POINT (-110.6035 35.189),WINSLOW,{115.0},3,1.075257,Navajo,Arizona
POINT (-110.5617 31.9901),VAIL 1,{115.0},3,1.078107,Pima,Arizona
POINT (-110.6384 36.6934),SHONTO,{115.0},4,1.072904,Navajo,Arizona
POINT (-110.5801 32.6159),SAN MANUEL,{115.0},1,1.078415,Pinal,Arizona
POINT (-110.4941 35.9071),SECOND MESA,{115.0},1,1.055242,Navajo,Arizona
POINT (-110.4791 36.1102),KYKOTSMOVI VILLAGE,{115.0},1,1.055348,Navajo,Arizona
POINT (-110.5607 34.4207),OVERGAARD,{115.0},3,1.07262,Navajo,Arizona
POINT (-110.4884 33.4447),SAN CARLOS 3,{115.0},1,1.074606,Gila,Arizona
POINT (-110.3164 32.1891),BENSON,{115.0},1,1.068722,Cochise,Arizona
POINT (-110.3347 31.5658),FORT HUACHUCA 1,{115.0},1,1.08851,Cochise,Arizona
POINT (-110.4547 34.1483),CIBECUE,{115.0},2,1.072796,Navajo,Arizona
POINT (-110.3363 37.1737),MONUMENT VALLEY,{115.0},1,1.065857,San Juan,Utah
POINT (-110.3904 31.7189),HUACHUCA CITY,{115.0},2,1.081741,Cochise,Arizona
POINT (-110.2528 33.3623),PERIDOT,{115.0},2,1.072424,Graham,Arizona
POINT (-110.2434 35.0691),JOSEPH CITY 1,{115.0},3,1.078866,Navajo,Arizona
POINT (-110.1825 36.6282),KAYENTA,"{1.0, 115.0, 13.8}",4,1.054509,Navajo,Arizona
POINT (-110.18 36.294),PINON,{115.0},1,1.055999,Navajo,Arizona
POINT (-110.1492 31.3837),HEREFORD,{115.0},1,1.083363,Cochise,Arizona
POINT (-110.2273 31.4068),SIERRA VISTA 1,{115.0},1,1.080387,Cochise,Arizona
POINT (-110.2903 33.1482),BYLAS,{115.0},3,1.072099,Graham,Arizona
POINT (-110.1463 31.8104),SAINT DAVID,{115.0},2,1.08844,Cochise,Arizona
POINT (-110.124 31.5365),SIERRA VISTA 2,{115.0},1,1.0908,Cochise,Arizona
POINT (-110.1735 31.6092),SIERRA VISTA 3,"{1.0, 115.0, 500.0, 13.8}",5,1.091712,Cochise,Arizona
POINT (-110.1958 35.7699),KEAMS CANYON,{115.0},1,1.056236,Navajo,Arizona
POINT (-110.0381 35.0214),HOLBROOK,{115.0},1,1.074788,Navajo,Arizona
POINT (-110.1527 34.4757),TAYLOR,{115.0},1,1.07284,Navajo,Arizona
POINT (-110.138 34.6019),SNOWFLAKE 1,{115.0},3,1.065602,Navajo,Arizona
POINT (-109.9704 35.3136),INDIAN WELLS,{115.0},2,1.075379,Navajo,Arizona
POINT (-110.0614 31.7554),TOMBSTONE,{115.0},3,1.087508,Cochise,Arizona
POINT (-109.9648 34.2772),SHOW LOW,{115.0},1,1.067489,Navajo,Arizona
POINT (-110.0541 33.0038),PIMA,{115.0},2,1.071235,Graham,Arizona
POINT (-109.9226 33.7921),WHITERIVER,{115.0},1,1.052277,Navajo,Arizona
POINT (-109.9599 32.3775),WILLCOX,{115.0},1,1.071608,Cochise,Arizona
POINT (-109.9314 34.1522),LAKESIDE 3,{115.0},1,1.065737,Navajo,Arizona
POINT (-109.899 36.1128),BLUE GAP,{115.0},2,1.059203,Apache,Arizona
POINT (-109.945 31.5009),BISBEE,{115.0},1,1.083555,Cochise,Arizona
POINT (-109.8637 34.105),PINETOP,{115.0},2,1.068331,Navajo,Arizona
POINT (-109.8169 36.787),DENNEHOTSO,{115.0},2,1.070782,Apache,Arizona
POINT (-109.786 32.883),THATCHER,{115.0},2,1.07561,Graham,Arizona
POINT (-109.6997 35.7136),GANADO,{115.0},1,1.060281,Apache,Arizona
POINT (-109.6139 36.0565),CHINLE,"{115.0, 500.0}",2,1.064055,Apache,Arizona
POINT (-109.6311 34.3099),VERNON,{115.0},1,1.074518,Apache,Arizona
POINT (-109.728 34.6205),CONCHO,{115.0},1,1.07495,Apache,Arizona
POINT (-109.6661 31.8507),PEARCE,{115.0},2,1.087238,Cochise,Arizona
POINT (-109.5474 36.6295),ROCK POINT,{115.0},1,1.070366,Apache,Arizona
POINT (-109.5745 36.4531),MANY FARMS,{115.0},1,1.071169,Apache,Arizona
POINT (-109.5903 35.1524),CHAMBERS,{115.0},1,1.073114,Apache,Arizona
POINT (-109.3089 33.3726),CLIFTON 1,{115.0},1,1.079772,Greenlee,Arizona
POINT (-109.2961 32.9396),MORENCI,{115.0},1,1.080383,Greenlee,Arizona
POINT (-109.2897 31.4738),DOUGLAS 1,"{115.0, 500.0}",2,1.066704,Cochise,Arizona
POINT (-109.323 32.7683),SAFFORD,"{1.0, 18.0, 115.0, 500.0}",4,1.076195,Graham,Arizona
POINT (-109.2454 34.227),SPRINGERVILLE 1,{115.0},2,1.080401,Apache,Arizona
POINT (-109.4065 36.8242),TEEC NOS POS,{115.0},1,1.073795,Apache,Arizona
POINT (-109.412 34.1025),EAGAR,{115.0},2,1.073416,Apache,Arizona
POINT (-109.2919 34.588),SAINT JOHNS 1,{115.0},3,1.084548,Apache,Arizona
POINT (-109.2725 36.3963),LUKACHUKAI,{115.0},2,1.077179,Apache,Arizona
POINT (-109.157 36.3011),TSAILE,{115.0},1,1.074775,Apache,Arizona
POINT (-109.2389 35.0629),SANDERS,{115.0},2,1.072179,Apache,Arizona
POINT (-109.2201 35.2972),HOUCK,{115.0},1,1.07017,Apache,Arizona
POINT (-109.0943 35.4722),SAINT MICHAELS,{115.0},1,1.059762,Apache,Arizona
POINT (-109.1005 36.6164),RED VALLEY,{115.0},1,1.078264,Apache,Arizona
POINT (-109.1246 32.7487),DUNCAN,{115.0},1,1.081217,Greenlee,Arizona
POINT (-109.203 36.0177),FORT DEFIANCE,{115.0},1,1.060402,Apache,Arizona
POINT (-109.0016 35.9839),NAVAJO,{115.0},2,1.063309,McKinley,New Mexico
POINT (-108.977 35.7123),WINDOW ROCK,{115.0},1,1.060089,McKinley,New Mexico
POINT (-111.3 32.5517),CHANDLER 13,"{24.0, 115.0, 500.0, 13.8}",5,1.066175,Pinal,Arizona
POINT (-113.4945 32.9774),DATELAND 1,"{18.0, 115.0, 500.0, 13.8}",5,1.06809,Yuma,Arizona
POINT (-114.1594 35.0361),GOLDEN VALLEY 2,{115.0},1,1.086746,Mohave,Arizona
POINT (-110.9313 31.3635),NOGALES 2,"{24.0, 115.0, 500.0, 13.8}",4,1.07477,Santa Cruz,Arizona
POINT (-111.9461 33.4394),TEMPE 8,"{1.0, 115.0, 13.8}",4,1.083669,Maricopa,Arizona
POINT (-111.1618 33.6711),PHOENIX 71,{115.0},3,1.050627,Maricopa,Arizona
POINT (-112.2711 35.4156),WILLIAMS 3,"{1.0, 18.0, 115.0, 500.0}",4,1.059276,Coconino,Arizona
POINT (-112.2714 33.8447),PEORIA 8,{115.0},1,1.049062,Maricopa,Arizona
POINT (-112.6658 33.0264),GILA BEND 2,"{115.0, 13.8}",2,1.077823,Maricopa,Arizona
POINT (-114.7106 32.7214),YUMA 6,"{345.0, 115.0, 500.0, 765.0}",5,1.084842,Yuma,Arizona
POINT (-109.5538 31.3641),DOUGLAS 2,"{115.0, 13.8}",2,1.072016,Cochise,Arizona
POINT (-114.5707 35.197),CHLORIDE 1,"{13.8, 18.0, 115.0, 500.0, 20.0, 345.0}",8,1.048336,Mohave,Arizona
POINT (-111.9353 33.3556),TEMPE 9,"{115.0, 500.0, 13.8, 22.0}",10,1.063848,Maricopa,Arizona
POINT (-110.35 31.5553),FORT HUACHUCA 2,{115.0},2,1.089938,Cochise,Arizona
POINT (-113.1772 34.5858),BAGDAD 2,"{115.0, 13.8}",2,1.041384,Yavapai,Arizona
POINT (-114.5317 34.8678),MOHAVE VALLEY 2,"{1.0, 13.2, 13.8, 18.0, 115.0, 500.0, 765.0}",9,1.076084,Mohave,Arizona
POINT (-109.2708 34.5789),SAINT JOHNS 2,"{13.8, 115.0, 500.0, 765.0}",5,1.0602,Apache,Arizona
POINT (-109.8931 32.0603),COCHISE,"{13.8, 18.0, 115.0, 500.0, 22.0, 765.0}",9,1.083952,Cochise,Arizona
POINT (-111.2428 32.3697),MARANA 3,{115.0},1,1.075365,Pima,Arizona
POINT (-111.4431 33.5536),PHOENIX 72,{115.0},2,1.066623,Maricopa,Arizona
POINT (-112.8339 33.305),BUCKEYE 4,"{18.0, 115.0, 13.8}",5,1.078718,Maricopa,Arizona
POINT (-110.2842 34.6596),HEBER 4,{115.0},1,1.080526,Navajo,Arizona
POINT (-111.3886 36.9047),PAGE 2,"{13.8, 18.0, 115.0, 500.0, 22.0, 765.0}",7,1.041991,Coconino,Arizona
POINT (-112.6614 33.0211),GILA BEND 3,{115.0},3,1.074262,Maricopa,Arizona
POINT (-112.904 33.3418),TONOPAH 3,{115.0},1,1.078308,Maricopa,Arizona
POINT (-112.1583 33.4417),PHOENIX 73,"{13.8, 115.0, 500.0, 765.0}",11,1.064919,Maricopa,Arizona
POINT (-111.1262 32.401),TUCSON 49,"{115.0, 500.0}",2,1.080921,Pima,Arizona
POINT (-111.6122 33.2675),QUEEN CREEK 3,"{115.0, 13.8}",2,1.075468,Maricopa,Arizona
POINT (-112.2153 33.5561),GLENDALE 23,"{1.0, 13.8, 18.0, 115.0, 20.0, 500.0, 24.0}",10,1.049298,Maricopa,Arizona
POINT (-111.5033 32.9174),CHANDLER 14,"{1.0, 13.8, 18.0, 115.0, 500.0, 22.0, 765.0}",13,1.076954,Pinal,Arizona
POINT (-114.1597 35.0156),GOLDEN VALLEY 3,"{115.0, 13.8}",2,1.084278,Mohave,Arizona
POINT (-112.4275 34.6494),PRESCOTT 4,{115.0},1,1.041341,Yavapai,Arizona
POINT (-112.8642 33.345),ARLINGTON 9,"{18.0, 115.0, 13.8}",5,1.081159,Maricopa,Arizona
POINT (-112.8617 33.3881),PHOENIX 74,"{13.8, 18.0, 115.0, 500.0, 765.0}",7,1.08136,Maricopa,Arizona
POINT (-112.9559 32.9223),GILA BEND 4,"{115.0, 500.0, 13.8}",4,1.071675,Maricopa,Arizona
POINT (-110.9047 32.16),TUCSON 50,"{13.8, 18.0, 115.0, 500.0, 765.0}",10,1.08224,Pima,Arizona
POINT (-114.6541 32.7288),YUMA 7,{115.0},1,1.068418,Yuma,Arizona
POINT (-111.9283 33.4172),CHANDLER 15,"{115.0, 13.8}",3,1.06514,Maricopa,Arizona
POINT (-110.9921 32.2523),TUCSON 51,{115.0},1,1.08131,Pima,Arizona
POINT (-111.7889 32.9042),CASA GRANDE 5,"{18.0, 115.0, 500.0, 13.8}",5,1.072982,Pinal,Arizona
POINT (-110.9528 32.2299),TUCSON 52,{115.0},1,1.075789,Pima,Arizona
POINT (-111.484 33.1606),GLOBE 2,"{115.0, 22.0}",3,1.058676,Pinal,Arizona
POINT (-109.1639 34.3186),SPRINGERVILLE 2,"{13.8, 13.2, 115.0, 500.0, 22.0, 765.0}",8,1.069068,Apache,Arizona
POINT (-112.6944 32.975),GILA BEND 5,"{18.0, 115.0, 13.8}",7,1.07564,Maricopa,Arizona
POINT (-111.5899 32.9285),CHANDLER 16,"{13.8, 18.0, 115.0, 500.0, 22.0, 24.0}",8,1.074098,Pinal,Arizona
POINT (-111.7503 33.3325),GILBERT 12,"{1.0, 13.8, 18.0, 115.0, 500.0, 20.0, 24.0, 765.0}",11,1.069628,Maricopa,Arizona
POINT (-113.1134 33.476),TONOPAH 4,"{13.8, 18.0, 115.0, 500.0, 22.0, 765.0}",9,1.04375,Maricopa,Arizona
POINT (-110.335 34.5032),SNOWFLAKE 2,{115.0},1,1.077176,Navajo,Arizona
POINT (-113.3589 33.0278),DATELAND 2,{115.0},1,1.073045,Yuma,Arizona
POINT (-110.8669 32.1458),TUCSON 53,"{115.0, 13.8}",2,1.071157,Pima,Arizona
POINT (-111.4839 36.9366),PAGE 3,"{18.0, 115.0, 500.0, 13.8}",9,1.073125,Coconino,Arizona
POINT (-110.3033 34.9394),JOSEPH CITY 2,"{13.8, 115.0, 500.0, 765.0}",8,1.07034,Navajo,Arizona
POINT (-111.9122 33.4225),TEMPE 10,"{1.0, 13.8, 18.0, 115.0, 500.0, 20.0}",8,1.060673,Maricopa,Arizona
POINT (-110.1734 34.6062),HEBER 5,"{115.0, 500.0}",2,1.085329,Navajo,Arizona
POINT (-111.536 33.5661),PHOENIX 75,{115.0},1,1.075904,Maricopa,Arizona
POINT (-114.4287 32.6486),YUMA 8,{115.0},3,1.060274,Yuma,Arizona
POINT (-111.344 33.5907),PHOENIX 76,"{115.0, 500.0}",3,1.081496,Maricopa,Arizona
POINT (-112.6944 32.975),GILA BEND 6,"{13.8, 18.0, 115.0, 500.0, 765.0}",10,1.058214,Maricopa,Arizona
POINT (-110.8997 32.1736),TUCSON 54,{115.0},1,1.080989,Pima,Arizona
POINT (-112.8406 33.3346),ARLINGTON 10,"{18.0, 115.0, 500.0, 13.8}",8,1.070385,Maricopa,Arizona
POINT (-113.344 33.0257),DATELAND 3,"{1.0, 115.0, 13.8}",4,1.073706,Yuma,Arizona
POINT (-114.738 36.0155),CHLORIDE 2,"{1.0, 13.8, 18.0, 115.0, 500.0, 765.0}",11,1.07356,Mohave,Arizona
POINT (-112.8814 32.9408),GILA BEND 7,{115.0},1,1.074757,Maricopa,Arizona
POINT (-112.8897 33.3417),ARLINGTON 11,"{13.8, 18.0, 115.0, 20.0, 500.0}",5,1.074147,Maricopa,Arizona
POINT (-112.7794 33.4936),TONOPAH 5,{115.0},1,1.078022,Maricopa,Arizona
POINT (-111.2828 32.3717),MARANA 4,{115.0},1,1.076985,Pima,Arizona
POINT (-112.8642 33.345),ARLINGTON 12,"{13.2, 13.8, 115.0, 500.0, 24.0}",6,1.073956,Maricopa,Arizona
POINT (-113.1808 33.3783),TONOPAH 6,"{18.0, 115.0}",2,1.079312,Maricopa,Arizona
POINT (-114.1333 35.054),LAKE HAVASU CITY 4,"{13.8, 18.0, 115.0, 500.0, 22.0, 345.0}",7,1.060748,Mohave,Arizona
POINT (-112.429 34.7184),CHINO VALLEY 2,"{18.0, 115.0}",3,1.042186,Yavapai,Arizona
POINT (-112.6617 33.0347),GILA BEND 8,{115.0},1,1.072831,Maricopa,Arizona
POINT (-114.0675 35.1458),KINGMAN 4,{115.0},1,1.082472,Mohave,Arizona
POINT (-113.8304 37.6319),ENTERPRISE 2,{161.0},1,1.083427,Iron,Utah
POINT (-113.7277 37.2524),IVINS,{161.0},1,1.072391,Washington,Utah
POINT (-113.727 37.0728),SANTA CLARA 9,{161.0},1,1.075785,Washington,Utah
POINT (-113.6196 37.2645),SAINT GEORGE 1,{161.0},2,1.075344,Washington,Utah
POINT (-113.6299 37.1174),SAINT GEORGE 2,{161.0},1,1.076944,Washington,Utah
POINT (-113.5408 40.7559),WENDOVER,{161.0},2,1.075407,Tooele,Utah
POINT (-113.5272 37.029),SAINT GEORGE 3,{161.0},2,1.07973,Washington,Utah
POINT (-113.6327 37.1042),SAINT GEORGE 4,{161.0},1,1.078179,Washington,Utah
POINT (-113.5372 37.1967),WASHINGTON,{161.0},3,1.077021,Washington,Utah
POINT (-113.2278 37.3144),TOQUERVILLE,{161.0},1,1.085132,Washington,Utah
POINT (-113.2362 37.4969),NEW HARMONY,{161.0},1,1.087261,Iron,Utah
POINT (-113.299 37.2161),LA VERKIN,{161.0},1,1.077317,Washington,Utah
POINT (-113.209 36.9661),HURRICANE,{161.0},1,1.08209,Mohave,Arizona
POINT (-113.1648 37.6225),CEDAR CITY 1,{161.0},1,1.078232,Iron,Utah
POINT (-113.1056 37.8112),CEDAR CITY 2,"{161.0, 500.0}",2,1.085458,Iron,Utah
POINT (-113.0559 37.1202),HILDALE,"{161.0, 115.0}",2,1.081534,Washington,Utah
POINT (-112.9656 38.3497),MILFORD 1,{161.0},2,1.093556,Beaver,Utah
POINT (-112.9096 37.7887),PAROWAN,{161.0},2,1.084516,Iron,Utah
POINT (-112.7331 40.6526),GRANTSVILLE 1,{161.0},1,1.071069,Tooele,Utah
POINT (-112.726 37.3471),ORDERVILLE,"{161.0, 115.0}",4,1.079172,Kane,Utah
POINT (-112.7323 38.4068),BEAVER 1,{161.0},2,1.098549,Beaver,Utah
POINT (-112.7288 39.5582),DELTA 1,{161.0},1,1.090134,Juab,Utah
POINT (-112.7081 40.4075),DUGWAY,{161.0},1,1.077121,Tooele,Utah
POINT (-112.5569 41.4395),CORINNE,{161.0},1,1.072081,Box Elder,Utah
POINT (-112.4941 37.9535),PANGUITCH,{161.0},3,1.09902,Iron,Utah
POINT (-112.4585 39.0321),FILLMORE 2,{161.0},2,1.09808,Millard,Utah
POINT (-112.3187 39.4164),OAK CITY,{161.0},1,1.090801,Millard,Utah
POINT (-112.2779 41.8591),TREMONTON,"{161.0, 138.0, 13.8, 1.0}",6,1.062478,Box Elder,Utah
POINT (-112.2028 40.5154),TOOELE 1,{161.0},1,1.066933,Tooele,Utah
POINT (-112.3199 40.5126),TOOELE 2,{161.0},2,1.069266,Tooele,Utah
POINT (-112.24 38.2379),CIRCLEVILLE,{161.0},1,1.1,Piute,Utah
POINT (-112.1598 37.1031),KANAB,{161.0},1,1.086774,Kane,Utah
POINT (-112.2488 40.7397),MAGNA 1,{161.0},1,1.065191,Tooele,Utah
POINT (-112.14 40.6644),MAGNA 2,{161.0},1,1.067794,Salt Lake,Utah
POINT (-112.1761 41.678),GARLAND,{161.0},1,1.056765,Box Elder,Utah
POINT (-112.2161 38.696),ELSINORE,{161.0},1,1.09726,Sevier,Utah
POINT (-112.175 41.1525),HOOPER,{161.0},1,1.071109,Davis,Utah
POINT (-112.0708 41.2621),OGDEN 1,"{345.0, 161.0, 500.0}",3,1.07205,Weber,Utah
POINT (-112.1597 41.2036),OGDEN 2,{161.0},1,1.071122,Weber,Utah
POINT (-112.124 38.5404),MONROE 4,{161.0},2,1.094839,Sevier,Utah
POINT (-112.1082 40.6102),HERRIMAN 1,"{161.0, 500.0}",2,1.071869,Salt Lake,Utah
POINT (-112.1475 40.5952),HERRIMAN 2,{161.0},1,1.069887,Salt Lake,Utah
POINT (-112.042 41.0429),SYRACUSE,"{161.0, 500.0}",2,1.070546,Davis,Utah
POINT (-112.0134 37.5869),TROPIC,{161.0},1,1.079788,Garfield,Utah
POINT (-112.0161 41.9118),CLARKSTON 2,{161.0},3,1.059549,Cache,Utah
POINT (-112.1413 41.0385),CLEARFIELD 1,{161.0},2,1.067138,Davis,Utah
POINT (-111.9852 41.1496),CLEARFIELD 2,"{161.0, 500.0}",2,1.069217,Davis,Utah
POINT (-112.0825 41.6191),BRIGHAM CITY,{161.0},1,1.056481,Box Elder,Utah
POINT (-112.1419 41.2551),ROY 2,{161.0},3,1.073636,Weber,Utah
POINT (-112.0115 41.2563),ROY 3,{161.0},3,1.073193,Weber,Utah
POINT (-112.0083 40.7077),SALT LAKE CITY 1,{161.0},3,1.067271,Salt Lake,Utah
POINT (-112.1161 40.6135),SALT LAKE CITY 2,{161.0},1,1.07011,Salt Lake,Utah
POINT (-112.1282 40.6499),WEST JORDAN 1,{161.0},3,1.067715,Salt Lake,Utah
POINT (-112.0334 40.5954),WEST JORDAN 2,{161.0},1,1.064156,Salt Lake,Utah
POINT (-112.0286 41.4597),WILLARD 1,{161.0},2,1.064315,Box Elder,Utah
POINT (-112.072 41.1367),OGDEN 3,{161.0},1,1.065963,Davis,Utah
POINT (-112.0692 41.123),OGDEN 4,{161.0},2,1.06555,Davis,Utah
POINT (-111.9178 40.7083),SALT LAKE CITY 3,"{161.0, 500.0}",2,1.075141,Salt Lake,Utah
POINT (-111.9629 40.7044),SALT LAKE CITY 4,{161.0},2,1.067969,Salt Lake,Utah
POINT (-111.9557 40.7739),SALT LAKE CITY 5,{161.0},1,1.070073,Salt Lake,Utah
POINT (-111.9985 40.6067),SALT LAKE CITY 6,{161.0},1,1.06332,Salt Lake,Utah
POINT (-111.9855 40.2364),EAGLE MOUNTAIN,{161.0},1,1.065495,Utah,Utah
POINT (-112.0858 41.2161),HILL AFB,{161.0},3,1.072492,Weber,Utah
POINT (-112.0087 41.1563),LAYTON 1,{161.0},2,1.067268,Weber,Utah
POINT (-112.0082 41.162),LAYTON 2,{161.0},2,1.067129,Weber,Utah
POINT (-112.0659 40.6883),SALT LAKE CITY 7,{161.0},2,1.067108,Salt Lake,Utah
POINT (-112.0432 40.502),SOUTH JORDAN 1,{161.0},2,1.069021,Salt Lake,Utah
POINT (-111.9283 40.6045),SOUTH JORDAN 2,"{161.0, 500.0, 13.8, 1.0}",4,1.068515,Salt Lake,Utah
POINT (-112.0275 41.3018),OGDEN 5,{161.0},1,1.072028,Weber,Utah
POINT (-112.0575 41.4202),OGDEN 6,{161.0},2,1.064107,Box Elder,Utah
POINT (-112.0437 41.2154),OGDEN 7,{161.0},2,1.073597,Weber,Utah
POINT (-112.0413 41.1171),OGDEN 8,{161.0},1,1.065907,Davis,Utah
POINT (-111.8722 40.712),WEST JORDAN 3,{161.0},1,1.069048,Salt Lake,Utah
POINT (-111.9495 40.6272),WEST JORDAN 4,{161.0},2,1.063384,Salt Lake,Utah
POINT (-111.9218 40.609),WEST JORDAN 5,{161.0},1,1.065402,Salt Lake,Utah
POINT (-112.024 40.5501),WEST JORDAN 6,{161.0},1,1.066249,Salt Lake,Utah
POINT (-111.9183 40.8021),SALT LAKE CITY 8,{161.0},3,1.070644,Salt Lake,Utah
POINT (-111.8649 40.7747),SALT LAKE CITY 9,{161.0},1,1.069942,Salt Lake,Utah
POINT (-111.9921 41.0976),KAYSVILLE 1,{161.0},1,1.066912,Davis,Utah
POINT (-112.04 41.1032),KAYSVILLE 2,{161.0},1,1.066436,Davis,Utah
POINT (-111.9806 40.6125),SALT LAKE CITY 10,{161.0},2,1.062794,Salt Lake,Utah
POINT (-111.8483 40.7287),SALT LAKE CITY 11,{161.0},1,1.067052,Salt Lake,Utah
POINT (-111.8465 41.5505),WELLSVILLE,{161.0},1,1.066887,Cache,Utah
POINT (-111.9214 40.5268),RIVERTON 1,{161.0},3,1.067858,Salt Lake,Utah
POINT (-111.9355 40.4323),RIVERTON 2,{161.0},3,1.073722,Salt Lake,Utah
POINT (-111.9292 40.8458),WOODS CROSS,{161.0},1,1.073656,Davis,Utah
POINT (-111.9804 41.0129),LAYTON 3,{161.0},1,1.069243,Davis,Utah
POINT (-111.83 38.8705),AURORA 1,{161.0},2,1.093704,Sevier,Utah
POINT (-111.9197 40.6259),SALT LAKE CITY 12,{161.0},2,1.063557,Salt Lake,Utah
POINT (-111.9983 40.6592),SALT LAKE CITY 13,{161.0},2,1.065925,Salt Lake,Utah
POINT (-111.8522 40.9069),NORTH SALT LAKE,{161.0},1,1.073415,Davis,Utah
POINT (-111.8544 40.3978),SARATOGA SPRINGS,"{161.0, 13.8, 1.0}",5,1.073695,Utah,Utah
POINT (-111.9545 41.2732),OGDEN 9,{161.0},1,1.06978,Weber,Utah
POINT (-111.861 41.0973),OGDEN 10,{161.0},1,1.06729,Davis,Utah
POINT (-111.8956 40.8891),FARMINGTON 1,"{161.0, 500.0}",2,1.074788,Davis,Utah
POINT (-111.8174 40.6572),MIDVALE 1,{161.0},1,1.067037,Salt Lake,Utah
POINT (-111.932 40.5513),MIDVALE 2,{161.0},1,1.067709,Salt Lake,Utah
POINT (-111.9677 40.746),SALT LAKE CITY 14,{161.0},1,1.069105,Salt Lake,Utah
POINT (-111.7954 40.6078),SANDY 3,{161.0},1,1.068599,Salt Lake,Utah
POINT (-111.9556 40.5926),SALT LAKE CITY 15,{161.0},1,1.067179,Salt Lake,Utah
POINT (-111.934 40.6267),SALT LAKE CITY 16,{161.0},1,1.063189,Salt Lake,Utah
POINT (-111.8921 40.8896),CENTERVILLE 2,{161.0},1,1.075325,Davis,Utah
POINT (-111.9287 40.7814),SALT LAKE CITY 17,{161.0},1,1.07133,Salt Lake,Utah
POINT (-111.9738 41.7415),SMITHFIELD,{161.0},1,1.063172,Cache,Utah
POINT (-111.7894 40.4601),LEHI 1,{161.0},2,1.072339,Utah,Utah
POINT (-111.877 40.3896),LEHI 2,"{161.0, 500.0}",2,1.075149,Utah,Utah
POINT (-111.83 40.4564),DRAPER 1,{161.0},1,1.072122,Utah,Utah
POINT (-111.8031 40.4545),DRAPER 2,{161.0},1,1.072257,Utah,Utah
POINT (-111.789 40.8019),BOUNTIFUL 1,{161.0},1,1.070649,Salt Lake,Utah
POINT (-111.9001 40.9301),BOUNTIFUL 2,{161.0},1,1.072825,Davis,Utah
POINT (-111.876 39.7294),NEPHI,{161.0},2,1.08145,Juab,Utah
POINT (-111.7656 40.6936),SALT LAKE CITY 18,{161.0},1,1.069319,Salt Lake,Utah
POINT (-111.8565 40.6601),SANDY 4,{161.0},1,1.066912,Salt Lake,Utah
POINT (-111.7712 40.5919),SANDY 5,{161.0},1,1.068955,Salt Lake,Utah
POINT (-111.7909 40.6769),SALT LAKE CITY 19,{161.0},2,1.067699,Salt Lake,Utah
POINT (-111.9043 40.7062),SALT LAKE CITY 20,{161.0},1,1.071485,Salt Lake,Utah
POINT (-111.7827 40.6182),SALT LAKE CITY 21,{161.0},3,1.067228,Salt Lake,Utah
POINT (-111.7497 41.4344),EDEN,{161.0},3,1.070453,Cache,Utah
POINT (-111.8361 42.0303),LEWISTON 1,{161.0},2,1.054696,Franklin,Idaho
POINT (-111.7793 39.8276),MONA 1,{161.0},2,1.079801,Juab,Utah
POINT (-111.82 40.7162),SALT LAKE CITY 22,{161.0},1,1.066638,Salt Lake,Utah
POINT (-111.9359 41.6373),LOGAN 1,{161.0},2,1.064734,Cache,Utah
POINT (-111.8488 41.7457),LOGAN 2,"{161.0, 1.0, 13.8, 500.0, 345.0}",5,1.067053,Cache,Utah
POINT (-111.9318 41.4649),PARADISE 3,{161.0},1,1.065032,Box Elder,Utah
POINT (-111.7987 40.5977),SALT LAKE CITY 23,"{161.0, 500.0, 13.8, 1.0}",6,1.073045,Salt Lake,Utah
POINT (-111.8975 40.5515),SANDY 6,{161.0},1,1.068237,Salt Lake,Utah
POINT (-111.7403 39.1491),CENTERFIELD,{161.0},1,1.091526,Sanpete,Utah
POINT (-111.7618 41.6913),MILLVILLE,{161.0},1,1.073855,Cache,Utah
POINT (-111.9056 41.7801),HYDE PARK,{161.0},1,1.065761,Cache,Utah
POINT (-111.8567 40.6445),SALT LAKE CITY 24,{161.0},1,1.066821,Salt Lake,Utah
POINT (-111.8601 41.6698),PROVIDENCE,{161.0},1,1.069437,Cache,Utah
POINT (-111.7299 41.8454),RICHMOND 6,"{161.0, 138.0, 13.8, 1.0}",4,1.062279,Cache,Utah
POINT (-111.8991 39.2312),GUNNISON 1,{161.0},1,1.090854,Sanpete,Utah
POINT (-111.8896 39.9941),SANTAQUIN,{161.0},1,1.073235,Utah,Utah
POINT (-111.8831 41.7156),LOGAN 3,{161.0},1,1.063312,Cache,Utah
POINT (-111.7801 40.5762),ALPINE 2,{161.0},1,1.069962,Salt Lake,Utah
POINT (-111.7212 40.7926),SALT LAKE CITY 25,{161.0},4,1.071933,Salt Lake,Utah
POINT (-111.8208 40.312),OREM 1,{161.0},1,1.067635,Utah,Utah
POINT (-111.744 40.3002),OREM 2,{161.0},1,1.069952,Utah,Utah
POINT (-111.7252 40.3679),LINDON,{161.0},1,1.073842,Utah,Utah
POINT (-111.806 39.9668),PAYSON 2,{161.0},1,1.07344,Utah,Utah
POINT (-111.7224 40.5474),SALT LAKE CITY 26,{161.0},2,1.068909,Salt Lake,Utah
POINT (-111.6312 40.6731),SALT LAKE CITY 27,"{161.0, 500.0}",3,1.076765,Salt Lake,Utah
POINT (-111.7662 40.2473),OREM 3,{161.0},1,1.070361,Utah,Utah
POINT (-111.7937 40.2762),OREM 4,{161.0},1,1.071197,Utah,Utah
POINT (-111.653 40.6348),SANDY 7,{161.0},1,1.074494,Salt Lake,Utah
POINT (-111.7769 40.6216),SANDY 8,{161.0},2,1.067927,Salt Lake,Utah
POINT (-111.6762 40.6962),SALT LAKE CITY 28,{161.0},1,1.075102,Salt Lake,Utah
POINT (-111.7906 38.6551),RICHFIELD,{161.0},1,1.09163,Sevier,Utah
POINT (-111.7952 40.1627),PROVO 1,{161.0},1,1.069243,Utah,Utah
POINT (-111.7819 40.1557),PROVO 2,{161.0},1,1.068953,Utah,Utah
POINT (-111.7451 40.0724),SPANISH FORK 1,{161.0},2,1.071906,Utah,Utah
POINT (-111.7922 40.1028),SPANISH FORK 2,{161.0},1,1.069761,Utah,Utah
POINT (-111.64 40.494),AMERICAN FORK 1,{161.0},1,1.068928,Utah,Utah
POINT (-111.7667 40.4994),AMERICAN FORK 2,{161.0},3,1.07192,Utah,Utah
POINT (-111.6602 40.9889),MORGAN,{161.0},2,1.07028,Morgan,Utah
POINT (-111.7572 40.3324),OREM 5,{161.0},1,1.071043,Utah,Utah
POINT (-111.7667 40.5128),PLEASANT GROVE 1,{161.0},2,1.072402,Utah,Utah
POINT (-111.7593 40.4903),PLEASANT GROVE 2,"{161.0, 500.0}",2,1.074512,Utah,Utah
POINT (-111.6623 41.6449),HYRUM,{161.0},2,1.069867,Cache,Utah
POINT (-111.5786 39.9572),SALEM 14,{161.0},1,1.077371,Utah,Utah
POINT (-111.5679 38.4635),LOA,{161.0},2,1.076611,Wayne,Utah
POINT (-111.6764 38.939),SALINA,{161.0},2,1.093406,Sevier,Utah
POINT (-111.6304 40.1237),PROVO 3,{161.0},1,1.07525,Utah,Utah
POINT (-111.6297 40.1996),PROVO 4,{161.0},2,1.073364,Utah,Utah
POINT (-111.69 41.3273),HUNTSVILLE,{161.0},1,1.071756,Weber,Utah
POINT (-111.519 39.2692),MANTI,{161.0},1,1.091613,Sanpete,Utah
POINT (-111.6887 39.5628),MORONI,{161.0},2,1.084096,Sanpete,Utah
POINT (-111.6114 37.7802),ESCALANTE,{161.0},1,1.075918,Garfield,Utah
POINT (-111.6188 40.3173),PROVO 5,{161.0},1,1.075075,Utah,Utah
POINT (-111.5972 40.3105),PROVO 6,"{161.0, 500.0}",4,1.074223,Utah,Utah
POINT (-111.5792 40.1767),MAPLETON,{161.0},2,1.07324,Utah,Utah
POINT (-111.4667 39.392),EPHRAIM,{161.0},2,1.088769,Sanpete,Utah
POINT (-111.5914 40.7062),PARK CITY 1,{161.0},1,1.076268,Summit,Utah
POINT (-111.4898 40.4277),MIDWAY,{161.0},3,1.068221,Wasatch,Utah
POINT (-111.4865 40.6076),PARK CITY 2,{161.0},1,1.069759,Summit,Utah
POINT (-111.5778 40.241),SPRINGVILLE 1,{161.0},1,1.073599,Utah,Utah
POINT (-111.4083 40.1093),SPRINGVILLE 2,{161.0},1,1.07668,Utah,Utah
POINT (-111.4668 39.8452),FAIRVIEW 2,{161.0},1,1.08204,Utah,Utah
POINT (-111.3659 41.8719),GARDEN CITY 1,{161.0},1,1.079951,Rich,Utah
POINT (-111.4693 39.5765),MOUNT PLEASANT,{161.0},1,1.086164,Sanpete,Utah
POINT (-111.317 40.5508),HEBER CITY,{161.0},1,1.067924,Wasatch,Utah
POINT (-111.2115 40.9378),COALVILLE,{161.0},1,1.078756,Summit,Utah
POINT (-111.2041 39.3259),ORANGEVILLE,{161.0},1,1.087259,Emery,Utah
POINT (-111.2351 40.6187),OAKLEY 3,{161.0},1,1.070657,Summit,Utah
POINT (-111.2477 39.1885),FERRON,{161.0},1,1.08696,Emery,Utah
POINT (-111.0138 39.4631),HUNTINGTON 1,{161.0},4,1.088994,Emery,Utah
POINT (-110.9275 40.7224),KAMAS,{161.0},1,1.081852,Summit,Utah
POINT (-110.9669 39.1695),CASTLE DALE 1,{161.0},1,1.084099,Emery,Utah
POINT (-110.9668 39.7829),HELPER 1,{161.0},2,1.085985,Carbon,Utah
POINT (-110.6661 39.6262),PRICE,{161.0},1,1.0918,Carbon,Utah
POINT (-110.7486 39.5188),WELLINGTON 2,{161.0},1,1.092508,Carbon,Utah
POINT (-110.6322 41.1071),EVANSTON 1,"{161.0, 138.0}",3,1.081208,Uinta,Wyoming
POINT (-110.6091 40.0733),DUCHESNE,{161.0},2,1.086521,Duchesne,Utah
POINT (-110.5107 39.4803),EAST CARBON,{161.0},1,1.094358,Carbon,Utah
POINT (-110.3689 40.3906),ALTAMONT,{161.0},2,1.086154,Duchesne,Utah
POINT (-110.069 39.095),GREEN RIVER 1,{161.0},2,1.099796,Grand,Utah
POINT (-110.1161 40.3086),ROOSEVELT 3,{161.0},1,1.086771,Duchesne,Utah
POINT (-110.059 40.5047),NEOLA,{161.0},1,1.087872,Duchesne,Utah
POINT (-110.0789 40.1279),MYTON,{161.0},1,1.088478,Duchesne,Utah
POINT (-109.8262 40.3376),FORT DUCHESNE,{161.0},2,1.088851,Uintah,Utah
POINT (-109.7979 40.5381),LAPOINT,{161.0},2,1.088493,Uintah,Utah
POINT (-109.6259 37.1113),BLUFF,"{161.0, 115.0}",3,1.070848,San Juan,Utah
POINT (-109.4704 37.9082),MONTICELLO,"{161.0, 115.0}",3,1.080859,San Juan,Utah
POINT (-109.5745 38.6072),MOAB,"{161.0, 115.0, 500.0}",3,1.093165,Grand,Utah
POINT (-109.5683 40.6192),VERNAL 1,"{161.0, 500.0, 13.8, 1.0}",4,1.090349,Uintah,Utah
POINT (-109.5327 40.588),VERNAL 2,{161.0},1,1.08817,Uintah,Utah
POINT (-109.3459 37.6045),BLANDING,"{161.0, 18.0, 115.0, 1.0}",7,1.073182,San Juan,Utah
POINT (-109.1866 37.1945),MONTEZUMA CREEK,"{161.0, 115.0}",2,1.072422,San Juan,Utah
POINT (-109.1811 40.3446),JENSEN,{161.0},2,1.089738,Uintah,Utah
POINT (-111.7542 40.3317),OREM 6,"{161.0, 1.0, 13.8, 13.2, 18.0, 500.0, 20.0, 22.0}",11,1.074905,Utah,Utah
POINT (-110.3917 39.5472),SUNNYSIDE 2,"{161.0, 500.0}",2,1.096208,Carbon,Utah
POINT (-111.9038 40.7931),SALT LAKE CITY 29,{161.0},1,1.07117,Salt Lake,Utah
POINT (-112.0317 40.6667),SALT LAKE CITY 30,"{161.0, 1.0, 13.8, 500.0, 24.0}",8,1.065881,Salt Lake,Utah
POINT (-112.0521 41.8347),COLLINSTON,"{161.0, 13.8}",2,1.062597,Box Elder,Utah
POINT (-109.2844 40.0864),VERNAL 3,"{161.0, 18.0, 500.0}",3,1.086762,Uintah,Utah
POINT (-112.5802 39.5097),DELTA 2,"{161.0, 13.8, 500.0, 20.0}",6,1.079885,Millard,Utah
POINT (-112.8533 38.4889),MILFORD 2,"{161.0, 13.8}",3,1.099177,Beaver,Utah
POINT (-112.5811 38.5603),BEAVER 2,"{161.0, 18.0}",3,1.08466,Beaver,Utah
POINT (-111.0289 39.1747),CASTLE DALE 2,"{161.0, 18.0, 500.0, 13.8}",5,1.078065,Emery,Utah
POINT (-111.8935 39.8214),MONA 2,"{161.0, 500.0, 13.8}",6,1.070238,Juab,Utah
POINT (-112.935 38.5357),MILFORD 3,"{345.0, 18.0, 161.0, 500.0}",5,1.069206,Beaver,Utah
POINT (-111.8853 40.8869),BOUNTIFUL 3,"{161.0, 18.0, 13.8}",3,1.081447,Davis,Utah
POINT (-110.8644 39.7272),HELPER 2,"{161.0, 1.0, 13.8, 18.0, 500.0}",6,1.088616,Carbon,Utah
POINT (-112.931 38.5852),MILFORD 4,"{161.0, 13.8}",4,1.063448,Millard,Utah
POINT (-111.7294 40.0614),PAYSON 3,"{161.0, 500.0, 13.8, 1.0}",5,1.072969,Utah,Utah
POINT (-110.5556 41.2874),EVANSTON 2,"{161.0, 138.0, 13.8, 500.0, 345.0}",8,1.082199,Uinta,Wyoming
POINT (-111.89 40.67),SALT LAKE CITY 31,{161.0},1,1.067261,Salt Lake,Utah
POINT (-112.1225 40.7119),MAGNA 3,"{24.0, 161.0, 500.0, 13.8}",5,1.057888,Salt Lake,Utah
POINT (-111.9289 40.7686),SALT LAKE CITY 32,"{161.0, 500.0}",3,1.071787,Salt Lake,Utah
POINT (-111.0781 39.3792),HUNTINGTON 2,"{161.0, 18.0, 500.0, 13.8}",4,1.074807,Emery,Utah
POINT (-112.7339 40.9133),GRANTSVILLE 2,"{161.0, 500.0}",3,1.072452,Tooele,Utah
POINT (-113.5166 37.1121),SAINT GEORGE 5,"{161.0, 18.0, 500.0, 1.0}",5,1.091839,Washington,Utah
POINT (-109.4217 40.9146),DUTCH JOHN,"{161.0, 138.0, 500.0}",3,1.086556,Daggett,Utah
POINT (-104.8982 35.5753),LAS VEGAS 79,{115.0},1,1.066712,San Miguel,New Mexico
POINT (-105.2867 36.4001),ANGEL FIRE,{115.0},2,1.066365,Colfax,New Mexico
POINT (-105.246 33.706),CAPITAN,{115.0},1,1.078951,Lincoln,New Mexico
POINT (-105.4334 35.8952),MORA,{115.0},1,1.064228,Mora,New Mexico
POINT (-105.5267 36.4014),TAOS,{115.0},2,1.06316,Taos,New Mexico
POINT (-105.5198 36.8006),QUESTA,{115.0},1,1.068434,Taos,New Mexico
POINT (-105.6038 35.2915),RIBERA,{115.0},2,1.077578,San Miguel,New Mexico
POINT (-105.5546 33.323),RUIDOSO DOWNS,{115.0},2,1.072234,Lincoln,New Mexico
POINT (-105.6064 33.1937),MESCALERO,{115.0},1,1.071684,Otero,New Mexico
POINT (-105.6568 35.5972),PECOS,{115.0},1,1.075793,San Miguel,New Mexico
POINT (-105.5319 36.4612),EL PRADO,{115.0},2,1.064215,Taos,New Mexico
POINT (-105.7521 33.4472),ALTO,{115.0},3,1.076287,Lincoln,New Mexico
POINT (-105.5961 33.4289),RUIDOSO,{115.0},1,1.073818,Lincoln,New Mexico
POINT (-105.6727 36.368),RANCHOS DE TAOS,{115.0},1,1.064104,Taos,New Mexico
POINT (-105.8067 33.8831),CARRIZOZO,{115.0},1,1.078377,Lincoln,New Mexico
POINT (-105.7192 35.9242),CHIMAYO,{115.0},1,1.061021,Santa Fe,New Mexico
POINT (-105.8581 35.8095),SANTA FE 1,{115.0},1,1.058619,Santa Fe,New Mexico
POINT (-105.8332 35.5971),SANTA FE 2,{115.0},2,1.051535,Santa Fe,New Mexico
POINT (-105.8491 35.6786),SANTA FE 3,{115.0},1,1.051352,Santa Fe,New Mexico
POINT (-105.8179 33.0859),LA LUZ,{115.0},1,1.077797,Otero,New Mexico
POINT (-105.9018 34.823),ESTANCIA,{115.0},1,1.070923,Torrance,New Mexico
POINT (-106.0118 36.0472),ALCALDE,{115.0},1,1.068912,Rio Arriba,New Mexico
POINT (-106.0042 34.9527),MORIARTY,{115.0},1,1.075662,Torrance,New Mexico
POINT (-105.9859 35.4827),SANTA FE 4,{115.0},1,1.055253,Santa Fe,New Mexico
POINT (-105.921 35.9009),SANTA FE 5,{115.0},1,1.06307,Santa Fe,New Mexico
POINT (-106.08 33.2302),TULAROSA,{115.0},2,1.07952,Otero,New Mexico
POINT (-106.1644 32.6359),ALAMOGORDO 1,{115.0},1,1.07643,Otero,New Mexico
POINT (-106.0343 32.7261),ALAMOGORDO 2,"{115.0, 230.0}",3,1.086,Otero,New Mexico
POINT (-106.0768 32.8294),HOLLOMAN AIR FORCE BASE,{115.0},1,1.084296,Otero,New Mexico
POINT (-106.1454 35.9958),ESPANOLA,"{1.0, 18.0, 115.0}",4,1.082574,Rio Arriba,New Mexico
POINT (-106.1011 35.5481),SANTA FE 6,"{1.0, 115.0, 13.8, 230.0}",4,1.062836,Santa Fe,New Mexico
POINT (-106.0275 35.6826),SANTA FE 7,{115.0},2,1.055412,Santa Fe,New Mexico
POINT (-106.2563 35.0437),EDGEWOOD,{115.0},2,1.061656,Bernalillo,New Mexico
POINT (-106.304 32.1713),CHAPARRAL,{115.0},2,1.068408,Otero,New Mexico
POINT (-106.2207 34.3453),MOUNTAINAIR,{115.0},1,1.08799,Torrance,New Mexico
POINT (-106.319 35.8099),LOS ALAMOS,{115.0},3,1.058415,Los Alamos,New Mexico
POINT (-106.2487 35.2043),SANDIA PARK,{115.0},2,1.07722,Bernalillo,New Mexico
POINT (-106.3962 34.9398),TIJERAS,{115.0},3,1.062537,Bernalillo,New Mexico
POINT (-106.3966 35.4315),ALGODONES 1,{115.0},1,1.065428,Sandoval,New Mexico
POINT (-106.4226 36.2943),ABIQUIU,{115.0},1,1.079388,Rio Arriba,New Mexico
POINT (-106.3689 35.26),PLACITAS,{115.0},1,1.073683,Sandoval,New Mexico
POINT (-106.5496 34.9691),ALBUQUERQUE 1,{115.0},2,1.064215,Bernalillo,New Mexico
POINT (-106.4138 34.981),ALBUQUERQUE 2,{115.0},3,1.062911,Bernalillo,New Mexico
POINT (-106.4626 35.1361),ALBUQUERQUE 3,{115.0},1,1.058296,Bernalillo,New Mexico
POINT (-106.4748 35.1541),ALBUQUERQUE 4,{115.0},1,1.059184,Bernalillo,New Mexico
POINT (-106.4408 35.1848),ALBUQUERQUE 5,{115.0},2,1.061849,Bernalillo,New Mexico
POINT (-106.4203 35.1642),ALBUQUERQUE 6,{115.0},1,1.059691,Bernalillo,New Mexico
POINT (-106.5583 35.0828),ALBUQUERQUE 7,{115.0},3,1.063087,Bernalillo,New Mexico
POINT (-106.6069 35.1729),ALBUQUERQUE 8,{115.0},2,1.076467,Bernalillo,New Mexico
POINT (-106.5302 35.2397),ALBUQUERQUE 9,{115.0},1,1.064228,Sandoval,New Mexico
POINT (-106.4829 35.0443),ALBUQUERQUE 10,{115.0},1,1.060507,Bernalillo,New Mexico
POINT (-106.5434 35.0916),ALBUQUERQUE 11,{115.0},2,1.065225,Bernalillo,New Mexico
POINT (-106.6009 34.9947),ALBUQUERQUE 12,{115.0},1,1.06443,Bernalillo,New Mexico
POINT (-106.5005 34.9921),ALBUQUERQUE 13,{115.0},2,1.061398,Bernalillo,New Mexico
POINT (-106.5143 35.1598),ALBUQUERQUE 14,{115.0},2,1.062867,Bernalillo,New Mexico
POINT (-106.5 35.3748),BERNALILLO,{115.0},3,1.0715,Sandoval,New Mexico
POINT (-106.687 31.8723),SUNLAND PARK 1,{115.0},2,1.087358,Doña Ana,New Mexico
POINT (-106.5433 35.0513),ALBUQUERQUE 15,{115.0},2,1.06251,Bernalillo,New Mexico
POINT (-106.6909 35.0584),ALBUQUERQUE 16,{115.0},2,1.0678,Bernalillo,New Mexico
POINT (-106.5477 32.0599),VADO,{115.0},2,1.078731,Doña Ana,New Mexico
POINT (-106.5738 34.9691),ALBUQUERQUE 17,{115.0},2,1.064293,Bernalillo,New Mexico
POINT (-106.5748 35.021),ALBUQUERQUE 18,{115.0},2,1.062952,Bernalillo,New Mexico
POINT (-106.6167 35.1957),CORRALES,{115.0},2,1.070602,Bernalillo,New Mexico
POINT (-106.6679 35.2122),ALBUQUERQUE 19,{115.0},2,1.066369,Bernalillo,New Mexico
POINT (-106.7038 35.0662),ALBUQUERQUE 20,{115.0},2,1.067774,Bernalillo,New Mexico
POINT (-106.6918 35.1485),ALBUQUERQUE 21,{115.0},1,1.066638,Bernalillo,New Mexico
POINT (-106.5807 32.2821),LAS CRUCES 1,{115.0},1,1.081022,Doña Ana,New Mexico
POINT (-106.7135 32.3734),LAS CRUCES 2,{115.0},1,1.077789,Doña Ana,New Mexico
POINT (-106.6807 34.4291),VEGUITA,{115.0},1,1.079107,Socorro,New Mexico
POINT (-106.5631 34.7002),BELEN 1,{115.0},2,1.066328,Valencia,New Mexico
POINT (-106.5882 32.2241),MESQUITE 2,{115.0},2,1.075731,Doña Ana,New Mexico
POINT (-106.6016 35.083),ALBUQUERQUE 22,{115.0},1,1.063769,Bernalillo,New Mexico
POINT (-106.515 31.7683),SANTA TERESA,{115.0},1,1.089025,,
POINT (-106.6661 35.2792),ALBUQUERQUE 23,{115.0},2,1.064768,Sandoval,New Mexico
POINT (-106.6582 35.2275),ALBUQUERQUE 24,{115.0},2,1.066728,Sandoval,New Mexico
POINT (-106.6414 34.9144),PERALTA,{115.0},2,1.068828,Bernalillo,New Mexico
POINT (-106.7287 35.3482),RIO RANCHO 1,{115.0},1,1.067857,Sandoval,New Mexico
POINT (-106.6319 35.248),RIO RANCHO 2,{115.0},1,1.068767,Sandoval,New Mexico
POINT (-106.7156 35.6011),JEMEZ PUEBLO,{115.0},2,1.083878,Sandoval,New Mexico
POINT (-106.7873 32.2392),LAS CRUCES 3,{115.0},1,1.081865,Doña Ana,New Mexico
POINT (-106.7671 32.3278),LAS CRUCES 4,{115.0},1,1.073611,Doña Ana,New Mexico
POINT (-106.7708 35.1645),ALBUQUERQUE 25,{115.0},2,1.068844,Bernalillo,New Mexico
POINT (-106.835 35.2329),ALBUQUERQUE 26,"{115.0, 230.0}",2,1.075215,Sandoval,New Mexico
POINT (-106.7803 32.6024),LAS CRUCES 5,{115.0},1,1.079213,Doña Ana,New Mexico
POINT (-106.7225 32.5524),LAS CRUCES 6,{115.0},1,1.081481,Doña Ana,New Mexico
POINT (-106.817 35.3482),RIO RANCHO 3,{115.0},1,1.1,Sandoval,New Mexico
POINT (-106.8636 35.2217),RIO RANCHO 4,{115.0},2,1.071119,Sandoval,New Mexico
POINT (-106.7252 32.0866),LA MESA 4,{115.0},1,1.086954,Doña Ana,New Mexico
POINT (-106.751 32.3559),LAS CRUCES 7,{115.0},1,1.073775,Doña Ana,New Mexico
POINT (-106.7407 32.2654),LAS CRUCES 8,{115.0},3,1.076973,Doña Ana,New Mexico
POINT (-106.8381 34.0447),SOCORRO,{115.0},1,1.091328,Socorro,New Mexico
POINT (-106.8705 35.0507),ALBUQUERQUE 27,{115.0},1,1.061785,Bernalillo,New Mexico
POINT (-106.8566 35.1712),ALBUQUERQUE 28,{115.0},1,1.07998,Bernalillo,New Mexico
POINT (-106.8898 35.1064),ALBUQUERQUE 29,{115.0},1,1.061283,Bernalillo,New Mexico
POINT (-106.9786 32.403),LAS CRUCES 9,{115.0},2,1.083581,Doña Ana,New Mexico
POINT (-106.8926 36.6855),DULCE,{115.0},1,1.083101,Rio Arriba,New Mexico
POINT (-106.9772 31.8977),ANTHONY 1,{115.0},2,1.086677,Doña Ana,New Mexico
POINT (-107.0288 34.7175),LOS LUNAS 1,{115.0},3,1.064219,Valencia,New Mexico
POINT (-107.0037 34.7345),LOS LUNAS 2,{115.0},1,1.062078,Valencia,New Mexico
POINT (-107.1846 33.3097),TRUTH OR CONSEQUENCES,{115.0},4,1.091411,Sierra,New Mexico
POINT (-107.1658 32.5862),HATCH,{115.0},1,1.090492,Doña Ana,New Mexico
POINT (-107.2373 34.8814),LAGUNA,{115.0},2,1.06394,Cibola,New Mexico
POINT (-107.4697 35.8622),CUBA,{115.0},1,1.080117,McKinley,New Mexico
POINT (-107.3592 32.8881),ARREY,{115.0},3,1.091866,Sierra,New Mexico
POINT (-107.6548 34.721),PUEBLO OF ACOMA,{115.0},1,1.067589,Cibola,New Mexico
POINT (-107.7458 33.7878),MAGDALENA,{115.0},2,1.097241,Catron,New Mexico
POINT (-108.2084 31.766),COLUMBUS 1,{115.0},1,1.073279,,
POINT (-107.7508 32.2146),DEMING 1,{115.0},1,1.066599,Luna,New Mexico
POINT (-107.8542 35.195),MILAN,{115.0},2,1.073138,Cibola,New Mexico
POINT (-107.9151 36.908),AZTEC,{115.0},1,1.079695,San Juan,New Mexico
POINT (-107.9155 34.9141),GRANTS,{115.0},1,1.068986,Cibola,New Mexico
POINT (-108.04 36.4421),BLOOMFIELD 1,{115.0},2,1.061,San Juan,New Mexico
POINT (-108.1415 35.8985),CROWNPOINT,{115.0},1,1.077706,McKinley,New Mexico
POINT (-108.1386 32.7636),BAYARD,{115.0},3,1.093771,Grant,New Mexico
POINT (-108.1683 36.8291),FARMINGTON 2,{115.0},1,1.066449,San Juan,New Mexico
POINT (-108.1711 36.6945),FARMINGTON 3,{115.0},1,1.062443,San Juan,New Mexico
POINT (-108.0932 36.7491),FARMINGTON 4,{115.0},1,1.061896,San Juan,New Mexico
POINT (-108.2849 35.3582),THOREAU,{115.0},2,1.07171,McKinley,New Mexico
POINT (-108.2398 32.5662),SILVER CITY,{115.0},3,1.092842,Grant,New Mexico
POINT (-108.4125 36.7357),KIRTLAND,{115.0},1,1.078773,San Juan,New Mexico
POINT (-108.3093 34.934),RAMAH,{115.0},3,1.076178,Cibola,New Mexico
POINT (-108.5026 36.6558),FRUITLAND 1,{115.0},2,1.0817,San Juan,New Mexico
POINT (-108.5601 35.539),CHURCH ROCK,{115.0},2,1.060541,McKinley,New Mexico
POINT (-108.6277 36.0925),TOHATCHI,{115.0},1,1.069745,San Juan,New Mexico
POINT (-108.8209 35.5057),GALLUP 1,{115.0},1,1.054461,McKinley,New Mexico
POINT (-108.8097 33.7657),RESERVE,{115.0},2,1.081819,Catron,New Mexico
POINT (-108.7064 35.5919),YATAHEY,{115.0},3,1.062888,McKinley,New Mexico
POINT (-108.8656 34.981),ZUNI,{115.0},1,1.079495,McKinley,New Mexico
POINT (-108.7162 35.3937),GALLUP 2,{115.0},1,1.05861,McKinley,New Mexico
POINT (-108.8691 36.8633),SHIPROCK,{115.0},1,1.078961,San Juan,New Mexico
POINT (-108.4386 36.8006),WATERFLOW,"{115.0, 500.0, 13.8, 230.0}",9,1.060016,San Juan,New Mexico
POINT (-107.6131 36.8061),FARMINGTON 5,"{18.0, 115.0, 13.2, 13.8}",5,1.076792,San Juan,New Mexico
POINT (-107.5093 32.5543),DEMING 2,{115.0},2,1.090805,Luna,New Mexico
POINT (-108.082 35.4159),PREWITT,"{1.0, 230.0, 13.8, 18.0, 115.0, 500.0}",8,1.07913,McKinley,New Mexico
POINT (-108.3628 32.6618),TYRONE,{115.0},2,1.09851,Grant,New Mexico
POINT (-106.5472 31.8047),SUNLAND PARK 2,"{230.0, 13.8, 18.0, 115.0, 500.0}",8,1.059742,Doña Ana,New Mexico
POINT (-108.698 32.3505),LORDSBURG 1,{115.0},2,1.099937,Hidalgo,New Mexico
POINT (-106.4642 35.3844),ALGODONES 2,{115.0},2,1.071693,Sandoval,New Mexico
POINT (-107.7834 32.2993),DEMING 3,"{230.0, 13.8, 18.0, 115.0, 500.0}",7,1.073087,Luna,New Mexico
POINT (-106.7322 34.6115),BELEN 2,"{1.0, 230.0, 13.8, 18.0, 115.0}",5,1.079304,Valencia,New Mexico
POINT (-106.6733 31.7928),LA MESA 5,"{18.0, 115.0, 13.8}",4,1.077813,Doña Ana,New Mexico
POINT (-106.644 35.026),ALBUQUERQUE 30,"{18.0, 115.0, 13.8, 230.0}",4,1.064301,Bernalillo,New Mexico
POINT (-105.9625 34.4667),WILLARD 2,"{115.0, 230.0}",3,1.072871,Torrance,New Mexico
POINT (-107.3828 35.2689),CUBERO,"{1.0, 230.0, 13.8, 115.0, 20.0}",5,1.075556,Cibola,New Mexico
POINT (-107.9417 36.7367),BLOOMFIELD 2,"{1.0, 18.0, 115.0, 230.0}",4,1.083676,San Juan,New Mexico
POINT (-108.1225 32.6956),HURLEY,"{1.0, 115.0, 13.8, 230.0}",6,1.09384,Grant,New Mexico
POINT (-108.5494 32.2363),LORDSBURG 2,"{115.0, 230.0}",2,1.098095,Hidalgo,New Mexico
POINT (-106.8465 32.1142),LA MESA 6,"{18.0, 115.0, 13.8, 230.0}",4,1.082296,Doña Ana,New Mexico
POINT (-108.4814 36.69),FRUITLAND 2,"{230.0, 13.8, 115.0, 500.0, 24.0}",6,1.078463,San Juan,New Mexico
POINT (-107.48 32.57),DEMING 4,"{115.0, 230.0}",3,1.084891,Luna,New Mexico
POINT (-108.2153 36.7166),FARMINGTON 6,{115.0},2,1.063227,San Juan,New Mexico
POINT (-106.6019 35.171),ALBUQUERQUE 31,"{115.0, 500.0, 230.0}",3,1.083435,Bernalillo,New Mexico
POINT (-108.9409 37.6341),DOVE CREEK,{115.0},1,1.076364,Dolores,Colorado
POINT (-108.7432 39.0588),FRUITA,{115.0},3,1.027868,Mesa,Colorado
POINT (-108.7809 39.2079),LOMA,{115.0},1,1.03308,Mesa,Colorado
POINT (-108.7221 37.3514),CORTEZ,"{161.0, 1.0, 230.0, 115.0, 24.0}",6,1.078731,Montezuma,Colorado
POINT (-108.6348 40.0013),RANGELY,"{1.0, 115.0, 13.8}",4,1.046014,Rio Blanco,Colorado
POINT (-108.6809 39.1),GRAND JUNCTION 1,{115.0},1,1.02628,Mesa,Colorado
POINT (-108.4928 39.1519),GRAND JUNCTION 2,"{115.0, 230.0}",2,1.04489,Mesa,Colorado
POINT (-108.4673 39.2037),GRAND JUNCTION 3,{115.0},2,1.03676,Mesa,Colorado
POINT (-108.5926 39.0428),GRAND JUNCTION 4,{115.0},1,1.034629,Mesa,Colorado
POINT (-108.5805 39.0926),GRAND JUNCTION 5,{115.0},1,1.036021,Mesa,Colorado
POINT (-108.4764 39.0205),GRAND JUNCTION 6,{115.0},1,1.035289,Mesa,Colorado
POINT (-108.5386 38.7006),WHITEWATER,{115.0},3,1.04954,Mesa,Colorado
POINT (-108.3665 38.9438),GRAND JUNCTION 7,{115.0},1,1.034577,Mesa,Colorado
POINT (-108.497 39.1667),CLIFTON 2,{115.0},2,1.039791,Mesa,Colorado
POINT (-108.4697 38.1169),NORWOOD,{115.0},2,1.071817,San Miguel,Colorado
POINT (-108.2978 39.0418),PALISADE,{115.0},1,1.033387,Mesa,Colorado
POINT (-108.309 37.3307),MANCOS,{115.0},1,1.074404,Montezuma,Colorado
POINT (-108.1631 38.5626),OLATHE,{115.0},2,1.030042,Montrose,Colorado
POINT (-108.2351 37.2257),HESPERUS,{115.0},1,1.077338,La Plata,Colorado
POINT (-108.1775 38.6897),DELTA 3,{115.0},4,1.022431,Delta,Colorado
POINT (-108.0948 37.6942),DOLORES,{115.0},4,1.039161,Dolores,Colorado
POINT (-108.1577 39.6562),RIFLE 1,{115.0},1,1.041909,Garfield,Colorado
POINT (-107.9546 39.4053),PARACHUTE,{115.0},2,1.043328,Garfield,Colorado
POINT (-108.0065 38.749),ECKERT,{115.0},3,1.025068,Delta,Colorado
POINT (-107.9976 38.3544),MONTROSE 1,{115.0},2,1.052091,Montrose,Colorado
POINT (-108.0441 39.0137),CEDAREDGE,{115.0},1,1.03094,Mesa,Colorado
POINT (-107.9594 37.1378),DURANGO 1,{115.0},1,1.077724,La Plata,Colorado
POINT (-107.9488 37.8401),TELLURIDE,{115.0},1,1.03298,San Miguel,Colorado
POINT (-107.8405 37.4499),DURANGO 2,{115.0},1,1.069938,La Plata,Colorado
POINT (-107.8055 37.3902),DURANGO 3,"{161.0, 115.0, 230.0}",3,1.078871,La Plata,Colorado
POINT (-107.8608 38.4697),MONTROSE 2,"{115.0, 230.0}",3,1.053255,Montrose,Colorado
POINT (-107.6879 38.0309),RIDGWAY,{115.0},1,1.020386,Ouray,Colorado
POINT (-107.6682 40.0504),MEEKER,{115.0},1,1.053477,Rio Blanco,Colorado
POINT (-107.6609 38.9519),HOTCHKISS,{115.0},1,1.034277,Delta,Colorado
POINT (-107.676 40.6623),CRAIG 1,{115.0},2,1.052892,Moffat,Colorado
POINT (-107.64 39.5257),SILT,{115.0},3,1.052656,Garfield,Colorado
POINT (-107.5415 37.087),IGNACIO,{115.0},1,1.08393,La Plata,Colorado
POINT (-107.5679 38.9069),PAONIA,{115.0},2,1.033823,Delta,Colorado
POINT (-107.5182 39.5346),NEW CASTLE,{115.0},1,1.05228,Garfield,Colorado
POINT (-107.5749 37.407),BAYFIELD,{115.0},2,1.068798,La Plata,Colorado
POINT (-107.3466 39.6996),GLENWOOD SPRINGS,{115.0},1,1.051927,Garfield,Colorado
POINT (-107.1518 40.4882),HAYDEN 1,{115.0},2,1.062183,Routt,Colorado
POINT (-107.2466 39.2288),CARBONDALE,{115.0},1,1.040525,Pitkin,Colorado
POINT (-107.1578 39.7908),GYPSUM,{115.0},2,1.051171,Garfield,Colorado
POINT (-107.1383 37.4008),PAGOSA SPRINGS,{115.0},2,1.063888,Archuleta,Colorado
POINT (-106.9219 38.3245),GUNNISON 2,{115.0},1,1.015104,Saguache,Colorado
POINT (-106.9007 38.8792),CRESTED BUTTE,{115.0},3,1.05091,Gunnison,Colorado
POINT (-107.0185 39.1461),SNOWMASS VILLAGE,{115.0},1,1.046462,Pitkin,Colorado
POINT (-106.8924 39.3512),BASALT,{115.0},1,1.05122,Pitkin,Colorado
POINT (-106.8035 40.4749),STEAMBOAT SPRINGS,{115.0},1,1.061315,Routt,Colorado
POINT (-106.7711 40.1593),OAK CREEK,{115.0},2,1.069641,Routt,Colorado
POINT (-106.6687 39.6113),EAGLE 1,{115.0},2,1.079611,Eagle,Colorado
POINT (-106.6998 39.2392),ASPEN,{115.0},1,1.047281,Pitkin,Colorado
POINT (-106.5826 39.5612),EDWARDS,"{115.0, 230.0}",2,1.057238,Eagle,Colorado
POINT (-106.5083 39.6229),AVON,{115.0},3,1.076649,Eagle,Colorado
POINT (-106.471 40.1661),KREMMLING 1,{115.0},1,1.066036,Grand,Colorado
POINT (-106.5076 37.7115),DEL NORTE,{115.0},1,1.065287,Rio Grande,Colorado
POINT (-106.4023 38.9922),BUENA VISTA,{115.0},1,1.058441,Chaffee,Colorado
POINT (-106.4306 40.7589),WALDEN,{115.0},1,1.061478,Jackson,Colorado
POINT (-106.3887 37.1534),ANTONITO,{115.0},1,1.070684,Conejos,Colorado
POINT (-106.248 39.1514),LEADVILLE 1,{115.0},3,1.051625,Lake,Colorado
POINT (-106.342 39.7469),VAIL 2,{115.0},1,1.080679,Eagle,Colorado
POINT (-106.282 39.6667),SILVERTHORNE,{115.0},1,1.075405,Eagle,Colorado
POINT (-106.164 39.4819),FRISCO,{115.0},2,1.06138,Summit,Colorado
POINT (-106.0773 37.4908),MONTE VISTA,{115.0},3,1.060027,Rio Grande,Colorado
POINT (-106.0571 37.3622),LA JARA,{115.0},1,1.062137,Conejos,Colorado
POINT (-106.04 37.8213),CENTER,{115.0},1,1.064126,Saguache,Colorado
POINT (-106.0942 38.5118),SALIDA,{115.0},3,1.062147,Chaffee,Colorado
POINT (-105.992 39.425),BRECKENRIDGE,{115.0},2,1.05216,Summit,Colorado
POINT (-105.9873 39.3205),FAIRPLAY,{115.0},3,1.055149,Park,Colorado
POINT (-105.9093 40.097),GRANBY,{115.0},2,1.052154,Grand,Colorado
POINT (-105.9847 39.6328),DILLON 1,{115.0},2,1.065863,Summit,Colorado
POINT (-105.8156 39.9165),FRASER,"{1.0, 115.0, 22.0}",4,1.056268,Grand,Colorado
POINT (-105.8984 37.3994),ALAMOSA 1,{115.0},1,1.056444,Alamosa,Colorado
POINT (-105.7305 37.208),SANFORD,{115.0},1,1.060681,Costilla,Colorado
POINT (-105.8049 40.2506),GRAND LAKE,{115.0},2,1.053178,Grand,Colorado
POINT (-105.7377 39.6612),IDAHO SPRINGS,{115.0},2,1.061893,Clear Creek,Colorado
POINT (-105.595 38.2957),COTOPAXI,{115.0},2,1.072632,Fremont,Colorado
POINT (-105.6084 40.4821),ESTES PARK 1,{115.0},1,1.056153,Larimer,Colorado
POINT (-105.5432 40.6437),BELLVUE,{115.0},3,1.063608,Larimer,Colorado
POINT (-105.5102 39.9342),BLACK HAWK,{115.0},3,1.056656,Boulder,Colorado
POINT (-105.4131 39.3892),BAILEY,{115.0},2,1.069062,Park,Colorado
POINT (-105.421 39.6225),EVERGREEN,{115.0},1,1.057448,Clear Creek,Colorado
POINT (-105.4055 38.1541),WESTCLIFFE,{115.0},3,1.072195,Custer,Colorado
POINT (-105.3635 37.0155),SAN LUIS 3,{115.0},1,1.063996,Costilla,Colorado
POINT (-105.3405 38.4964),CANON CITY 1,{115.0},2,1.073945,Fremont,Colorado
POINT (-105.4454 38.6001),CANON CITY 2,"{115.0, 230.0}",2,1.07863,Fremont,Colorado
POINT (-105.3633 39.9878),BOULDER 1,{115.0},2,1.053761,Boulder,Colorado
POINT (-105.4346 39.9744),BOULDER 2,{115.0},1,1.055421,Boulder,Colorado
POINT (-105.4402 40.84),LIVERMORE 7,{115.0},1,1.074176,Larimer,Colorado
POINT (-105.36 40.2982),LYONS 2,"{1.0, 18.0, 115.0}",6,1.047667,Larimer,Colorado
POINT (-105.367 39.4322),PINE 2,{115.0},2,1.076384,Jefferson,Colorado
POINT (-105.3904 38.8132),FLORISSANT,{115.0},1,1.079711,Park,Colorado
POINT (-105.2818 39.8859),GOLDEN 1,{115.0},2,1.055753,Jefferson,Colorado
POINT (-105.292 40.0408),BOULDER 3,{115.0},2,1.059343,Boulder,Colorado
POINT (-105.3317 39.991),BOULDER 4,{115.0},1,1.05436,Boulder,Colorado
POINT (-105.2251 40.0352),BOULDER 5,{115.0},2,1.06225,Boulder,Colorado
POINT (-105.2505 39.4031),CONIFER,{115.0},2,1.066276,Jefferson,Colorado
POINT (-105.2205 39.8794),BOULDER 6,{115.0},2,1.059302,Jefferson,Colorado
POINT (-105.2207 39.6501),GOLDEN 2,"{115.0, 230.0}",2,1.058615,Jefferson,Colorado
POINT (-105.1789 39.678),GOLDEN 3,{115.0},1,1.067701,Jefferson,Colorado
POINT (-105.1783 40.2314),LONGMONT 1,{115.0},2,1.051726,Boulder,Colorado
POINT (-105.2172 40.1444),LONGMONT 2,{115.0},1,1.057442,Boulder,Colorado
POINT (-105.2659 39.9045),BOULDER 7,{115.0},2,1.050397,Jefferson,Colorado
POINT (-105.2972 39.6994),MORRISON,{115.0},2,1.063559,Jefferson,Colorado
POINT (-105.1487 40.0354),BOULDER 8,{115.0},1,1.057016,Boulder,Colorado
POINT (-105.2098 39.8173),ARVADA 1,{115.0},1,1.059648,Jefferson,Colorado
POINT (-105.1882 38.8916),DIVIDE,{115.0},3,1.08935,Teller,Colorado
POINT (-105.1536 40.7915),LAPORTE,{115.0},1,1.087734,Larimer,Colorado
POINT (-105.1101 40.3189),LOVELAND 1,{115.0},1,1.048182,Larimer,Colorado
POINT (-105.1096 40.3992),LOVELAND 2,{115.0},1,1.061301,Larimer,Colorado
POINT (-105.2104 39.6472),DENVER 1,{115.0},1,1.083172,Jefferson,Colorado
POINT (-105.1125 39.7734),DENVER 2,{115.0},1,1.056577,Jefferson,Colorado
POINT (-105.1741 39.4318),LITTLETON 1,{115.0},3,1.065755,Jefferson,Colorado
POINT (-105.186 39.5019),LITTLETON 2,{115.0},3,1.071883,Jefferson,Colorado
POINT (-105.2151 40.0108),LOUISVILLE,{115.0},3,1.062908,Boulder,Colorado
POINT (-105.1235 39.2311),SEDALIA,{115.0},3,1.039194,Douglas,Colorado
POINT (-105.1967 38.7675),CRIPPLE CREEK,{115.0},1,1.083419,Teller,Colorado
POINT (-105.2233 40.4218),FORT COLLINS 1,{115.0},1,1.047778,Larimer,Colorado
POINT (-105.0749 40.4763),FORT COLLINS 2,{115.0},1,1.052791,Larimer,Colorado
POINT (-105.0502 38.3155),FLORENCE 4,{115.0},2,1.075058,Fremont,Colorado
POINT (-105.0647 39.9086),ARVADA 2,{115.0},2,1.061931,Broomfield,Colorado
POINT (-105.1463 39.8663),ARVADA 3,{115.0},3,1.058987,Jefferson,Colorado
POINT (-105.1921 40.6037),FORT COLLINS 3,{115.0},2,1.036869,Larimer,Colorado
POINT (-105.2088 40.5927),FORT COLLINS 4,{115.0},1,1.036459,Larimer,Colorado
POINT (-105.082 39.8457),ARVADA 4,{115.0},1,1.063653,Jefferson,Colorado
POINT (-105.1429 39.8824),ARVADA 5,{115.0},2,1.058776,Jefferson,Colorado
POINT (-105.1914 39.8058),DENVER 3,{115.0},1,1.058086,Jefferson,Colorado
POINT (-105.0526 39.8067),BROOMFIELD 1,{115.0},3,1.059197,Adams,Colorado
POINT (-105.1274 39.7915),BROOMFIELD 2,{115.0},2,1.059699,Jefferson,Colorado
POINT (-105.1065 38.9958),WOODLAND PARK,{115.0},1,1.094717,Teller,Colorado
POINT (-105.0277 37.543),LA VETA,{115.0},3,1.07981,Huerfano,Colorado
POINT (-105.0936 39.777),ARVADA 6,{115.0},4,1.057001,Jefferson,Colorado
POINT (-105.0203 40.2879),BERTHOUD,{115.0},1,1.058871,Weld,Colorado
POINT (-105.132 40.1513),LONGMONT 3,{115.0},2,1.055977,Boulder,Colorado
POINT (-105.1273 40.2598),LONGMONT 4,{115.0},1,1.053129,Boulder,Colorado
POINT (-105.0535 39.6973),WHEAT RIDGE,{115.0},1,1.048518,Jefferson,Colorado
POINT (-105.0786 39.9285),LAFAYETTE 2,{115.0},3,1.060129,Broomfield,Colorado
POINT (-105.1948 39.9409),LAFAYETTE 3,{115.0},1,1.054832,Boulder,Colorado
POINT (-105.1482 39.7414),DENVER 4,{115.0},2,1.05616,Jefferson,Colorado
POINT (-105.048 39.6222),DENVER 5,{115.0},1,1.061591,Arapahoe,Colorado
POINT (-105.0118 39.5941),DENVER 6,{115.0},1,1.053643,Arapahoe,Colorado
POINT (-105.0934 39.7428),DENVER 7,{115.0},1,1.054138,Jefferson,Colorado
POINT (-105.1816 39.731),DENVER 8,{115.0},1,1.059655,Jefferson,Colorado
POINT (-105.1379 39.558),DENVER 9,{115.0},3,1.07141,Jefferson,Colorado
POINT (-105.0829 39.5227),LITTLETON 3,"{1.0, 115.0, 13.8, 230.0}",4,1.042018,Jefferson,Colorado
POINT (-105.0919 39.5135),LITTLETON 4,{115.0},2,1.042257,Jefferson,Colorado
POINT (-105.0397 39.8604),BROOMFIELD 3,{115.0},1,1.065235,Adams,Colorado
POINT (-105.1627 39.9669),BROOMFIELD 4,{115.0},1,1.056989,Boulder,Colorado
POINT (-105.012 39.6397),LITTLETON 5,{115.0},1,1.060375,Arapahoe,Colorado
POINT (-105.0897 39.6068),LITTLETON 6,{115.0},1,1.067133,Jefferson,Colorado
POINT (-105.0982 39.7988),DENVER 10,"{1.0, 115.0, 13.8, 230.0}",5,1.058753,Jefferson,Colorado
POINT (-105.0248 39.8996),ARVADA 7,{115.0},2,1.06125,Adams,Colorado
POINT (-105.0545 39.751),ARVADA 8,{115.0},3,1.05382,Jefferson,Colorado
POINT (-105.0376 39.4916),LITTLETON 7,{115.0},2,1.042892,Douglas,Colorado
POINT (-105.1134 40.4265),LOVELAND 3,{115.0},1,1.062394,Larimer,Colorado
POINT (-105.0856 40.4244),LOVELAND 4,"{115.0, 230.0}",3,1.06085,Larimer,Colorado
POINT (-105.1211 40.8866),WELLINGTON 3,{115.0},2,1.093069,Larimer,Colorado
POINT (-105.0998 39.74),DENVER 11,{115.0},1,1.053944,Jefferson,Colorado
POINT (-105.0194 39.6978),DENVER 12,{115.0},2,1.054825,Denver,Colorado
POINT (-104.9971 39.9674),WESTMINSTER 4,{115.0},1,1.074832,Adams,Colorado
POINT (-105.072 39.7934),WESTMINSTER 5,{115.0},2,1.058665,Jefferson,Colorado
POINT (-105.0627 39.8797),WESTMINSTER 6,{115.0},3,1.065292,Jefferson,Colorado
POINT (-104.9411 40.5899),FORT COLLINS 5,"{1.0, 230.0, 138.0, 13.8, 115.0}",5,1.066855,Weld,Colorado
POINT (-105.1177 40.5142),FORT COLLINS 6,{115.0},1,1.047228,Larimer,Colorado
POINT (-105.0506 39.7549),DENVER 13,"{115.0, 230.0}",2,1.05386,Denver,Colorado
POINT (-104.9983 39.7709),DENVER 14,{115.0},1,1.051602,Denver,Colorado
POINT (-104.9584 38.4146),PENROSE,{115.0},1,1.08151,Fremont,Colorado
POINT (-104.9324 40.2036),LONGMONT 5,{115.0},1,1.062344,Weld,Colorado
POINT (-104.9859 40.1338),LONGMONT 6,{115.0},1,1.057335,Weld,Colorado
POINT (-104.9952 40.7325),FORT COLLINS 7,{115.0},2,1.073838,Larimer,Colorado
POINT (-104.9943 40.7031),FORT COLLINS 8,{115.0},1,1.068057,Larimer,Colorado
POINT (-105.0397 40.018),ERIE,{115.0},3,1.066501,Weld,Colorado
POINT (-105.0119 39.6702),DENVER 15,{115.0},1,1.066035,Arapahoe,Colorado
POINT (-105.0449 39.6467),DENVER 16,{115.0},4,1.060417,Denver,Colorado
POINT (-104.9491 39.7922),DENVER 17,{115.0},2,1.054715,Denver,Colorado
POINT (-105.1058 39.7819),DENVER 18,{115.0},1,1.056482,Jefferson,Colorado
POINT (-105.012 39.654),LITTLETON 8,{115.0},1,1.062716,Arapahoe,Colorado
POINT (-105.0815 39.6583),LITTLETON 9,{115.0},1,1.057116,Jefferson,Colorado
POINT (-105.0283 39.5762),ENGLEWOOD 1,{115.0},1,1.059913,Arapahoe,Colorado
POINT (-105.0895 39.7935),DENVER 19,{115.0},1,1.057682,Jefferson,Colorado
POINT (-104.9807 39.8053),DENVER 20,{115.0},2,1.055375,Adams,Colorado
POINT (-105.0207 39.4589),LITTLETON 10,{115.0},1,1.035476,Douglas,Colorado
POINT (-104.9859 39.5535),LITTLETON 11,{115.0},2,1.0426,Douglas,Colorado
POINT (-104.9856 39.9256),BROOMFIELD 5,{115.0},1,1.067968,Adams,Colorado
POINT (-105.0475 39.8781),DENVER 21,"{115.0, 230.0}",2,1.057115,Adams,Colorado
POINT (-104.9744 39.7747),DENVER 22,{115.0},2,1.051883,Denver,Colorado
POINT (-104.9215 40.4443),FORT COLLINS 9,{115.0},1,1.053,Weld,Colorado
POINT (-105.0948 39.6689),DENVER 23,{115.0},1,1.058398,Jefferson,Colorado
POINT (-104.9136 39.8226),DENVER 24,{115.0},1,1.057808,Adams,Colorado
POINT (-104.9408 39.8715),DENVER 25,{115.0},3,1.057785,Adams,Colorado
POINT (-105.0572 39.8215),DENVER 26,{115.0},1,1.060786,Jefferson,Colorado
POINT (-104.9717 39.7992),DENVER 27,{115.0},4,1.055143,Adams,Colorado
POINT (-104.958 39.6884),DENVER 28,{115.0},2,1.046419,Denver,Colorado
POINT (-104.8782 39.6983),DENVER 29,"{115.0, 230.0}",3,1.052206,Denver,Colorado
POINT (-104.9524 39.6438),ENGLEWOOD 2,{115.0},3,1.057979,Arapahoe,Colorado
POINT (-104.9471 39.7047),DENVER 30,{115.0},2,1.047965,Denver,Colorado
POINT (-105.053 39.619),DENVER 31,{115.0},1,1.060763,Arapahoe,Colorado
POINT (-105.0075 39.7304),DENVER 32,{115.0},2,1.053059,Denver,Colorado
POINT (-104.9873 39.5462),LITTLETON 12,{115.0},1,1.043607,Douglas,Colorado
POINT (-104.8651 39.5973),LITTLETON 13,{115.0},3,1.0432,Arapahoe,Colorado
POINT (-104.9845 39.7288),DENVER 33,{115.0},1,1.052254,Denver,Colorado
POINT (-104.8721 39.8234),DENVER 34,"{115.0, 230.0}",2,1.058896,Adams,Colorado
POINT (-104.9572 39.8597),DENVER 35,{115.0},1,1.055531,Adams,Colorado
POINT (-105.0499 40.0581),DACONO,{115.0},1,1.066398,Weld,Colorado
POINT (-104.9638 39.6293),LITTLETON 14,{115.0},3,1.056382,Arapahoe,Colorado
POINT (-105.0479 39.5405),LITTLETON 15,{115.0},1,1.064155,Douglas,Colorado
POINT (-104.9979 39.832),THORNTON 1,{115.0},2,1.059025,Adams,Colorado
POINT (-104.9711 40.0151),THORNTON 2,{115.0},2,1.07031,Broomfield,Colorado
POINT (-104.9018 39.5391),LITTLETON 16,{115.0},1,1.048745,Douglas,Colorado
POINT (-104.8732 39.6954),DENVER 36,{115.0},2,1.046558,Arapahoe,Colorado
POINT (-104.9462 39.948),DENVER 37,"{115.0, 230.0}",3,1.059485,Adams,Colorado
POINT (-104.935 39.87),DENVER 38,{115.0},1,1.057776,Adams,Colorado
POINT (-105.0349 40.3339),JOHNSTOWN,{115.0},1,1.046455,Weld,Colorado
POINT (-105.0129 39.6274),DENVER 39,{115.0},1,1.057659,Arapahoe,Colorado
POINT (-104.8731 39.6892),DENVER 40,{115.0},1,1.046178,Arapahoe,Colorado
POINT (-104.838 39.4833),LITTLETON 17,{115.0},1,1.045707,Douglas,Colorado
POINT (-104.9534 39.6227),LITTLETON 18,{115.0},1,1.05795,Arapahoe,Colorado
POINT (-104.862 39.8276),DENVER 41,{115.0},2,1.061469,Adams,Colorado
POINT (-104.8393 39.6414),DENVER 42,{115.0},1,1.04443,Arapahoe,Colorado
POINT (-104.8755 39.6705),DENVER 43,{115.0},2,1.046595,Denver,Colorado
POINT (-104.9472 39.8881),BRIGHTON 1,{115.0},3,1.059676,Adams,Colorado
POINT (-104.883 40.0001),BRIGHTON 2,{115.0},1,1.0625,Adams,Colorado
POINT (-104.938 39.6888),DENVER 44,{115.0},2,1.046157,Denver,Colorado
POINT (-104.8347 39.0203),COLORADO SPRINGS 1,{115.0},2,1.093888,El Paso,Colorado
POINT (-104.983 39.1971),LARKSPUR,{115.0},1,1.047306,Douglas,Colorado
POINT (-105.0027 37.9221),RYE,{115.0},1,1.077086,Pueblo,Colorado
POINT (-104.8913 39.722),DENVER 45,{115.0},2,1.048735,Denver,Colorado
POINT (-104.9858 39.4267),CASTLE ROCK 2,{115.0},1,1.031709,Douglas,Colorado
POINT (-104.9161 40.5348),WINDSOR 3,{115.0},2,1.058778,Weld,Colorado
POINT (-104.9599 39.4684),LONE TREE,{115.0},1,1.032636,Douglas,Colorado
POINT (-104.919 39.7875),DENVER 46,{115.0},2,1.054823,Adams,Colorado
POINT (-104.8711 39.5929),DENVER 47,{115.0},1,1.044391,Arapahoe,Colorado
POINT (-104.8092 39.5905),DENVER 48,{115.0},1,1.045655,Arapahoe,Colorado
POINT (-104.9197 39.9737),HENDERSON 16,{115.0},1,1.07764,Adams,Colorado
POINT (-104.8622 39.7906),DENVER 49,{115.0},1,1.059915,Denver,Colorado
POINT (-104.8199 39.7294),DENVER 50,{115.0},1,1.054006,Arapahoe,Colorado
POINT (-104.7892 39.7954),DENVER 51,{115.0},1,1.055542,Denver,Colorado
POINT (-104.9024 38.7371),COLORADO SPRINGS 2,{115.0},1,1.072176,El Paso,Colorado
POINT (-104.9016 38.8186),COLORADO SPRINGS 3,{115.0},1,1.084635,El Paso,Colorado
POINT (-104.8085 39.6044),ENGLEWOOD 3,{115.0},1,1.045086,Arapahoe,Colorado
POINT (-104.9264 39.5389),ENGLEWOOD 4,{115.0},1,1.046435,Douglas,Colorado
POINT (-104.8164 38.7821),COLORADO SPRINGS 4,{115.0},3,1.077426,El Paso,Colorado
POINT (-104.9418 39.8332),AURORA 2,{115.0},1,1.054577,Adams,Colorado
POINT (-104.8182 39.7909),AURORA 3,{115.0},1,1.055269,Denver,Colorado
POINT (-104.8095 39.0553),U S A F ACADEMY,{115.0},1,1.093136,El Paso,Colorado
POINT (-104.8921 39.5714),ENGLEWOOD 5,{115.0},1,1.043395,Arapahoe,Colorado
POINT (-104.9159 39.4883),ENGLEWOOD 6,{115.0},5,1.038217,Douglas,Colorado
POINT (-104.7604 39.364),CASTLE ROCK 3,"{115.0, 230.0}",2,1.073699,Douglas,Colorado
POINT (-104.8659 38.8286),COLORADO SPRINGS 5,{115.0},2,1.084976,El Paso,Colorado
POINT (-104.879 38.8943),COLORADO SPRINGS 6,"{1.0, 115.0, 13.8}",5,1.080325,El Paso,Colorado
POINT (-104.8345 40.3352),MILLIKEN,{115.0},1,1.054432,Weld,Colorado
POINT (-104.8247 39.079),MONUMENT,{115.0},1,1.090075,El Paso,Colorado
POINT (-104.8949 39.8563),DENVER 52,{115.0},2,1.061792,Adams,Colorado
POINT (-104.8911 39.8185),DENVER 53,{115.0},1,1.059222,Adams,Colorado
POINT (-104.7597 38.7479),COLORADO SPRINGS 7,{115.0},2,1.070797,El Paso,Colorado
POINT (-104.776 39.6834),AURORA 4,{115.0},1,1.045617,Arapahoe,Colorado
POINT (-104.8377 39.6374),AURORA 5,{115.0},1,1.043497,Arapahoe,Colorado
POINT (-104.888 39.6387),AURORA 6,{115.0},1,1.047742,Denver,Colorado
POINT (-104.9203 39.6729),AURORA 7,{115.0},1,1.044976,Arapahoe,Colorado
POINT (-104.9063 39.3117),CASTLE ROCK 4,{115.0},1,1.053668,Douglas,Colorado
POINT (-104.764 39.1964),CASTLE ROCK 5,"{1.0, 115.0, 22.0}",4,1.051043,Douglas,Colorado
POINT (-104.7653 38.9512),COLORADO SPRINGS 8,{115.0},1,1.086167,El Paso,Colorado
POINT (-104.8823 38.9067),COLORADO SPRINGS 9,{115.0},2,1.08054,El Paso,Colorado
POINT (-104.7244 38.9042),COLORADO SPRINGS 10,{115.0},1,1.083304,El Paso,Colorado
POINT (-104.7415 38.1375),PUEBLO 1,{115.0},1,1.086047,Pueblo,Colorado
POINT (-104.8713 38.1639),PUEBLO 2,{115.0},1,1.078051,Pueblo,Colorado
POINT (-104.9087 40.3053),PLATTEVILLE 1,{115.0},1,1.050447,Weld,Colorado
POINT (-104.8697 38.7232),COLORADO SPRINGS 11,{115.0},1,1.073928,El Paso,Colorado
POINT (-104.7421 40.0551),BRIGHTON 3,{115.0},1,1.068869,Weld,Colorado
POINT (-104.7776 39.9395),BRIGHTON 4,"{1.0, 115.0, 13.8}",4,1.05993,Adams,Colorado
POINT (-104.8276 40.1958),FORT LUPTON 1,{115.0},1,1.066621,Weld,Colorado
POINT (-104.7652 39.7835),COMMERCE CITY 1,{115.0},1,1.057102,Denver,Colorado
POINT (-104.7854 39.8826),COMMERCE CITY 2,{115.0},2,1.064445,Adams,Colorado
POINT (-104.7312 40.4026),GREELEY 1,{115.0},1,1.047587,Weld,Colorado
POINT (-104.8023 40.3452),GREELEY 2,"{115.0, 230.0}",2,1.059416,Weld,Colorado
POINT (-104.7157 39.604),AURORA 8,{115.0},2,1.059056,Arapahoe,Colorado
POINT (-104.7006 39.648),AURORA 9,{115.0},1,1.060779,Arapahoe,Colorado
POINT (-104.7974 39.7532),AURORA 10,{115.0},1,1.056548,Adams,Colorado
POINT (-104.7986 39.7158),AURORA 11,{115.0},1,1.054147,Arapahoe,Colorado
POINT (-104.8103 38.988),COLORADO SPRINGS 12,"{115.0, 230.0}",2,1.072062,El Paso,Colorado
POINT (-104.8464 38.9682),COLORADO SPRINGS 13,{115.0},3,1.09087,El Paso,Colorado
POINT (-104.7168 39.5718),AURORA 12,{115.0},1,1.061666,Arapahoe,Colorado
POINT (-104.773 39.6515),AURORA 13,{115.0},1,1.063674,Arapahoe,Colorado
POINT (-104.8388 39.5536),PARKER 2,{115.0},2,1.044653,Douglas,Colorado
POINT (-104.8363 39.5522),PARKER 3,"{115.0, 230.0}",2,1.053511,Douglas,Colorado
POINT (-104.8205 38.755),COLORADO SPRINGS 14,{115.0},1,1.076879,El Paso,Colorado
POINT (-104.8436 38.7846),COLORADO SPRINGS 15,{115.0},1,1.078026,El Paso,Colorado
POINT (-104.8017 38.7993),COLORADO SPRINGS 16,{115.0},2,1.077014,El Paso,Colorado
POINT (-104.8635 38.7817),COLORADO SPRINGS 17,{115.0},1,1.076407,El Paso,Colorado
POINT (-104.724 38.4573),PUEBLO 3,{115.0},1,1.086937,Pueblo,Colorado
POINT (-104.7767 38.4547),PUEBLO 4,{115.0},1,1.087114,Pueblo,Colorado
POINT (-104.6921 39.048),COLORADO SPRINGS 18,{115.0},1,1.081202,El Paso,Colorado
POINT (-104.8417 38.8988),COLORADO SPRINGS 19,{115.0},2,1.082252,El Paso,Colorado
POINT (-104.7967 39.6127),AURORA 14,"{1.0, 18.0, 115.0, 230.0}",4,1.051627,Arapahoe,Colorado
POINT (-104.7563 39.6146),AURORA 15,{115.0},1,1.057424,Arapahoe,Colorado
POINT (-104.652 38.9526),COLORADO SPRINGS 20,{115.0},1,1.080052,El Paso,Colorado
POINT (-104.8432 38.7878),COLORADO SPRINGS 21,{115.0},2,1.078771,El Paso,Colorado
POINT (-104.6424 37.5838),WALSENBURG,{115.0},1,1.082353,Huerfano,Colorado
POINT (-104.6716 39.936),BRIGHTON 5,{115.0},2,1.057941,Adams,Colorado
POINT (-104.7951 38.6897),COLORADO SPRINGS 22,{115.0},1,1.074833,El Paso,Colorado
POINT (-104.7622 38.7754),COLORADO SPRINGS 23,{115.0},1,1.071969,El Paso,Colorado
POINT (-104.8021 40.3386),EVANS,{115.0},1,1.057386,Weld,Colorado
POINT (-104.7618 38.9383),COLORADO SPRINGS 24,{115.0},1,1.084757,El Paso,Colorado
POINT (-104.756 39.016),COLORADO SPRINGS 25,{115.0},2,1.088122,El Paso,Colorado
POINT (-104.6554 38.9857),COLORADO SPRINGS 26,{115.0},1,1.080934,El Paso,Colorado
POINT (-104.7674 37.9998),PUEBLO 5,{115.0},2,1.076371,Pueblo,Colorado
POINT (-104.67 38.1063),PUEBLO 6,{115.0},2,1.078694,Pueblo,Colorado
POINT (-104.6632 39.3138),FRANKTOWN,{115.0},3,1.058312,Douglas,Colorado
POINT (-104.7316 38.8897),COLORADO SPRINGS 27,{115.0},1,1.083228,El Paso,Colorado
POINT (-104.6129 38.8018),COLORADO SPRINGS 28,{115.0},1,1.073912,El Paso,Colorado
POINT (-104.6101 39.699),AURORA 16,"{1.0, 115.0, 13.8}",5,1.055775,Arapahoe,Colorado
POINT (-104.7294 39.5174),AURORA 17,{115.0},1,1.056671,Douglas,Colorado
POINT (-104.6864 38.9547),COLORADO SPRINGS 29,{115.0},2,1.088014,El Paso,Colorado
POINT (-104.7146 38.9595),COLORADO SPRINGS 30,{115.0},1,1.084749,El Paso,Colorado
POINT (-104.6527 39.9264),DENVER 54,{115.0},2,1.05927,Adams,Colorado
POINT (-104.7344 38.983),COLORADO SPRINGS 31,{115.0},1,1.083694,El Paso,Colorado
POINT (-104.6804 39.6669),AURORA 18,{115.0},1,1.062244,Arapahoe,Colorado
POINT (-104.7365 38.7107),FOUNTAIN 1,{115.0},1,1.072576,El Paso,Colorado
POINT (-104.6625 38.5843),FOUNTAIN 2,{115.0},1,1.081741,El Paso,Colorado
POINT (-104.5963 40.3615),GREELEY 3,{115.0},1,1.055823,Weld,Colorado
POINT (-104.584 40.3829),GREELEY 4,"{138.0, 115.0, 230.0}",4,1.063625,Weld,Colorado
POINT (-104.5923 39.5636),PARKER 4,{115.0},1,1.060416,Elbert,Colorado
POINT (-104.769 39.57),PARKER 5,{115.0},2,1.050444,Arapahoe,Colorado
POINT (-104.6262 40.411),LA SALLE,{115.0},1,1.05801,Weld,Colorado
POINT (-104.6039 38.7142),COLORADO SPRINGS 32,{115.0},2,1.077287,El Paso,Colorado
POINT (-104.6829 40.4608),EATON,{115.0},3,1.05896,Weld,Colorado
POINT (-104.6535 38.2001),PUEBLO 7,{115.0},1,1.088875,Pueblo,Colorado
POINT (-104.5821 38.4127),PUEBLO 8,{115.0},1,1.090416,Pueblo,Colorado
POINT (-104.5395 40.0578),HUDSON,{115.0},1,1.055668,Weld,Colorado
POINT (-104.511 40.7366),AULT,{115.0},4,1.05972,Weld,Colorado
POINT (-104.4985 39.3694),ELIZABETH,{115.0},1,1.068233,Elbert,Colorado
POINT (-104.5671 38.2628),PUEBLO 9,{115.0},2,1.092753,Pueblo,Colorado
POINT (-104.5836 38.3872),PUEBLO 10,{115.0},1,1.088479,Pueblo,Colorado
POINT (-104.4703 37.2339),TRINIDAD,{115.0},2,1.080511,Las Animas,Colorado
POINT (-104.5322 39.2814),ELBERT,{115.0},1,1.062927,Elbert,Colorado
POINT (-104.4724 38.3265),PUEBLO 11,{115.0},3,1.095798,Pueblo,Colorado
POINT (-104.4509 39.074),PEYTON,{115.0},1,1.079491,El Paso,Colorado
POINT (-104.4686 40.1987),KEENESBURG 1,{115.0},2,1.055788,Weld,Colorado
POINT (-104.4758 40.3542),KERSEY,{115.0},1,1.056596,Weld,Colorado
POINT (-104.5379 39.6976),BENNETT,{115.0},1,1.061349,Arapahoe,Colorado
POINT (-104.3501 39.4489),KIOWA,{115.0},1,1.078347,Elbert,Colorado
POINT (-104.3498 39.0549),CALHAN,{115.0},1,1.085823,El Paso,Colorado
POINT (-104.3423 39.7604),STRASBURG,{115.0},1,1.060892,Adams,Colorado
POINT (-104.1746 38.6015),YODER,{115.0},2,1.07881,El Paso,Colorado
POINT (-104.1574 39.7813),BYERS,{115.0},1,1.073501,Adams,Colorado
POINT (-104.1088 37.8648),FOWLER,{115.0},1,1.093861,Pueblo,Colorado
POINT (-104.1016 40.2362),WIGGINS,{115.0},1,1.067819,Morgan,Colorado
POINT (-103.8683 38.2922),OLNEY SPRINGS,{115.0},1,1.07155,Crowley,Colorado
POINT (-103.7485 40.1619),FORT MORGAN,{115.0},1,1.075782,Morgan,Colorado
POINT (-103.7602 37.9366),ROCKY FORD,{115.0},1,1.051772,Otero,Colorado
POINT (-103.7774 38.3358),ORDWAY,{115.0},1,1.067467,Crowley,Colorado
POINT (-103.6675 39.3749),LIMON 1,{115.0},2,1.09072,Lincoln,Colorado
POINT (-103.6075 40.1357),BRUSH 1,{115.0},2,1.073677,Morgan,Colorado
POINT (-103.5003 37.8559),LA JUNTA,{115.0},1,1.054877,Otero,Colorado
POINT (-103.2824 40.5609),STERLING,{115.0},1,1.059618,Logan,Colorado
POINT (-103.2804 40.0619),AKRON,{115.0},2,1.078128,Washington,Colorado
POINT (-103.2375 37.9816),LAS ANIMAS,{115.0},2,1.056713,Bent,Colorado
POINT (-103.0328 39.4341),FLAGLER,{115.0},1,1.09582,Kit Carson,Colorado
POINT (-102.7234 37.4353),SPRINGFIELD 6,{115.0},2,1.063527,Baca,Colorado
POINT (-102.6853 40.1309),YUMA 9,{115.0},2,1.078099,Yuma,Colorado
POINT (-102.6698 37.9959),LAMAR 1,{115.0},1,1.063463,Prowers,Colorado
POINT (-102.5866 40.63),HAXTUN,{115.0},1,1.080128,Phillips,Colorado
POINT (-102.4558 38.7976),CHEYENNE WELLS,{115.0},2,1.083231,Cheyenne,Colorado
POINT (-102.2828 40.4935),HOLYOKE,{115.0},2,1.078824,Phillips,Colorado
POINT (-102.2338 39.3125),BURLINGTON 3,{115.0},1,1.061615,Kit Carson,Colorado
POINT (-102.1537 37.2613),WALSH,{115.0},1,1.065763,Baca,Colorado
POINT (-102.2625 40.0964),WRAY,{115.0},1,1.077418,Yuma,Colorado
POINT (-102.2659 40.8328),JULESBURG,{115.0},1,1.082692,Sedgwick,Colorado
POINT (-102.0758 38.1543),HOLLY,{115.0},1,1.068868,Prowers,Colorado
POINT (-103.259 40.941),PEETZ 1,"{18.0, 115.0, 500.0, 230.0}",5,1.065338,Logan,Colorado
POINT (-102.8969 40.9881),PEETZ 2,"{115.0, 500.0, 230.0}",3,1.072681,Logan,Colorado
POINT (-104.6875 38.5569),FOUNTAIN 3,"{1.0, 230.0, 13.8, 115.0, 500.0}",6,1.079079,El Paso,Colorado
POINT (-104.0206 40.8944),GROVER,"{1.0, 230.0, 138.0, 13.8, 115.0, 500.0}",8,1.068738,Weld,Colorado
POINT (-103.6781 39.4218),LIMON 2,"{24.0, 115.0, 500.0, 230.0}",5,1.085846,Lincoln,Colorado
POINT (-103.436 40.986),PEETZ 3,"{115.0, 500.0, 13.8, 230.0}",4,1.067356,Logan,Colorado
POINT (-104.5747 38.2081),PUEBLO 12,"{1.0, 230.0, 13.8, 115.0, 500.0, 22.0}",8,1.058982,Pueblo,Colorado
POINT (-103.5732 39.381),LIMON 3,"{18.0, 115.0, 500.0, 230.0}",5,1.083126,Lincoln,Colorado
POINT (-104.7736 40.0986),FORT LUPTON 2,"{115.0, 500.0, 230.0}",4,1.068175,Weld,Colorado
POINT (-105.202 40.0195),BOULDER 9,"{115.0, 500.0, 13.8, 230.0}",5,1.051907,Boulder,Colorado
POINT (-102.2431 39.3561),BURLINGTON 4,"{115.0, 500.0, 230.0}",3,1.086809,Kit Carson,Colorado
POINT (-104.8742 40.2461),PLATTEVILLE 2,"{230.0, 13.8, 18.0, 115.0, 500.0, 20.0, 24.0, 345.0}",12,1.050443,Weld,Colorado
POINT (-105.8947 37.4594),ALAMOSA 2,"{115.0, 230.0}",2,1.059872,Alamosa,Colorado
POINT (-102.5379 38.0333),LAMAR 2,{115.0},1,1.070992,Prowers,Colorado
POINT (-102.8622 37.6735),LAMAR 3,"{1.0, 115.0, 13.8, 230.0}",7,1.060446,Bent,Colorado
POINT (-107.185 40.4856),HAYDEN 2,"{115.0, 500.0, 13.8, 230.0}",5,1.049513,Routt,Colorado
POINT (-103.7839 40.9475),NEW RAYMER,"{115.0, 500.0, 20.0, 230.0}",4,1.061668,Weld,Colorado
POINT (-104.6814 39.7479),AURORA 19,"{230.0, 18.0, 115.0, 500.0, 22.0}",6,1.071482,Adams,Colorado
POINT (-103.4742 39.3533),VONA,"{115.0, 13.8, 230.0}",3,1.09485,Lincoln,Colorado
POINT (-105.3251 40.3651),LOVELAND 5,{115.0},2,1.051951,Larimer,Colorado
POINT (-104.9645 39.8073),DENVER 55,"{230.0, 13.8, 18.0, 115.0, 500.0}",7,1.067167,Adams,Colorado
POINT (-103.631 40.2415),BRUSH 2,"{115.0, 230.0}",3,1.079872,Morgan,Colorado
POINT (-108.5069 38.2383),NUCLA,"{161.0, 115.0, 500.0, 230.0}",4,1.073989,Montrose,Colorado
POINT (-105.7088 39.6551),GEORGETOWN,"{1.0, 230.0, 13.8, 18.0, 115.0, 500.0}",10,1.06157,Clear Creek,Colorado
POINT (-103.6803 40.2217),BRUSH 3,"{115.0, 500.0, 20.0, 230.0}",4,1.072258,Morgan,Colorado
POINT (-104.682 39.9411),COMMERCE CITY 3,"{1.0, 230.0, 18.0, 115.0, 500.0}",5,1.060768,Adams,Colorado
POINT (-102.6231 37.7033),LAMAR 4,"{18.0, 115.0, 500.0, 230.0}",5,1.050382,Prowers,Colorado
POINT (-104.8169 38.8814),COLORADO SPRINGS 33,"{115.0, 13.2, 22.0}",3,1.084468,El Paso,Colorado
POINT (-107.6253 38.5106),MONTROSE 3,{115.0},1,1.04081,Montrose,Colorado
POINT (-103.7005 39.2038),LIMON 4,"{1.0, 230.0, 18.0, 115.0, 500.0}",7,1.089453,Lincoln,Colorado
POINT (-105.226 39.8575),ARVADA 9,{115.0},1,1.062431,Jefferson,Colorado
POINT (-104.7058 38.6335),FOUNTAIN 4,"{18.0, 115.0, 13.8}",4,1.092432,El Paso,Colorado
POINT (-103.5811 39.3414),LIMON 5,"{24.0, 115.0, 230.0}",5,1.092318,Lincoln,Colorado
POINT (-105.236 40.365),LYONS 3,"{115.0, 230.0}",2,1.056493,Larimer,Colorado
POINT (-104.5264 38.3208),PUEBLO 13,"{1.0, 230.0, 13.8, 18.0, 115.0, 500.0, 20.0, 24.0}",12,1.056889,Pueblo,Colorado
POINT (-106.3327 39.8788),KREMMLING 2,"{115.0, 13.8}",4,1.085224,Summit,Colorado
POINT (-105.9276 37.6945),MOSCA,"{115.0, 500.0, 230.0}",3,1.058766,Alamosa,Colorado
POINT (-107.5393 38.4518),MONTROSE 4,"{115.0, 500.0, 13.8, 230.0}",6,1.044496,Montrose,Colorado
POINT (-105.017 39.7373),DENVER 56,{115.0},1,1.054004,Denver,Colorado
POINT (-107.3375 38.4532),MONTROSE 5,{115.0},2,1.018457,Gunnison,Colorado
POINT (-103.685 40.2171),BRUSH 4,"{115.0, 13.8}",3,1.080602,Morgan,Colorado
POINT (-102.7431 40.7569),FLEMING,"{1.0, 115.0, 13.8, 230.0}",6,1.07764,Logan,Colorado
POINT (-102.3533 39.3383),BURLINGTON 5,{115.0},3,1.095598,Kit Carson,Colorado
POINT (-105.2009 40.0205),BOULDER 10,{115.0},2,1.064058,Boulder,Colorado
POINT (-106.3523 39.0942),LEADVILLE 2,"{115.0, 500.0, 230.0}",3,1.07527,Lake,Colorado
POINT (-104.5953 40.0908),KEENESBURG 2,"{230.0, 13.2, 13.8, 115.0, 500.0}",6,1.069216,Weld,Colorado
POINT (-105.0018 39.6692),DENVER 57,"{230.0, 13.8, 13.2, 115.0, 500.0, 22.0}",8,1.062782,Denver,Colorado
POINT (-104.796 40.0922),FORT LUPTON 3,{115.0},3,1.077212,Weld,Colorado
POINT (-107.7299 39.5173),RIFLE 2,"{115.0, 500.0, 230.0}",3,1.056624,Garfield,Colorado
POINT (-105.2256 39.8586),ARVADA 10,"{115.0, 230.0}",2,1.057091,Jefferson,Colorado
POINT (-104.8333 38.8244),COLORADO SPRINGS 34,"{115.0, 500.0, 230.0}",3,1.06482,El Paso,Colorado
POINT (-105.5097 40.3768),ESTES PARK 2,"{115.0, 13.8}",3,1.021971,Larimer,Colorado
POINT (-104.8878 40.0922),FREDERICK,"{230.0, 13.8, 115.0, 500.0, 24.0}",7,1.059323,Weld,Colorado
POINT (-102.9647 40.983),PEETZ 4,{115.0},2,1.076366,Logan,Colorado
POINT (-107.5912 40.4627),CRAIG 2,"{1.0, 230.0, 13.8, 18.0, 115.0, 500.0}",8,1.041616,Moffat,Colorado
POINT (-103.0772 40.9642),PEETZ 5,{115.0},1,1.079476,Logan,Colorado
POINT (-104.7069 38.6281),FOUNTAIN 5,"{1.0, 230.0, 13.8, 18.0, 115.0, 500.0}",8,1.065244,El Paso,Colorado
POINT (-105.0212 40.8609),WELLINGTON 4,"{1.0, 230.0, 138.0, 13.8, 18.0, 115.0, 500.0, 345.0}",13,1.060761,Larimer,Colorado
POINT (-111.0349 43.4846),WILSON,{138.0},1,1.018239,Teton,Wyoming
POINT (-110.9579 43.0422),THAYNE,{138.0},1,1.043705,Lincoln,Wyoming
POINT (-110.8814 42.7542),AFTON,{138.0},2,1.056088,Lincoln,Wyoming
POINT (-110.7271 43.0111),ALPINE 3,{138.0},2,1.04886,Lincoln,Wyoming
POINT (-110.5426 43.333),JACKSON 3,{138.0},1,1.048541,Teton,Wyoming
POINT (-110.6045 41.9253),KEMMERER 1,{138.0},1,1.088244,Lincoln,Wyoming
POINT (-110.295 41.3542),LYMAN,{138.0},1,1.075322,Uinta,Wyoming
POINT (-110.2074 42.4673),BIG PINEY,{138.0},1,1.085072,Sublette,Wyoming
POINT (-109.7056 42.8567),PINEDALE,{138.0},1,1.080213,Sublette,Wyoming
POINT (-109.7465 43.551),DUBOIS,{138.0},2,1.069871,Fremont,Wyoming
POINT (-109.7572 41.7556),GREEN RIVER 2,{138.0},2,1.07042,Sweetwater,Wyoming
POINT (-109.5888 44.3983),CODY,{138.0},2,1.055786,Park,Wyoming
POINT (-109.0459 41.461),ROCK SPRINGS 1,{138.0},1,1.062938,Sweetwater,Wyoming
POINT (-108.976 41.4317),ROCK SPRINGS 2,{138.0},3,1.061192,Sweetwater,Wyoming
POINT (-108.9817 42.949),FORT WASHAKIE,{138.0},3,1.08996,Fremont,Wyoming
POINT (-108.8437 44.8865),POWELL,{138.0},2,1.067987,Park,Wyoming
POINT (-108.5352 42.755),LANDER,{138.0},1,1.088671,Fremont,Wyoming
POINT (-108.4414 43.6889),THERMOPOLIS,{138.0},3,1.087739,Hot Springs,Wyoming
POINT (-108.2158 42.9856),RIVERTON 3,{138.0},1,1.097208,Fremont,Wyoming
POINT (-108.1368 44.8457),LOVELL,{138.0},2,1.079316,Big Horn,Wyoming
POINT (-108.1332 43.9228),WORLAND,{138.0},1,1.080855,Washakie,Wyoming
POINT (-108.1335 44.2931),BASIN,{138.0},1,1.085957,Big Horn,Wyoming
POINT (-107.6642 44.498),GREYBULL,{138.0},2,1.085167,Big Horn,Wyoming
POINT (-107.4981 41.8154),RAWLINS,{138.0},1,1.064047,Carbon,Wyoming
POINT (-107.2316 44.9294),RANCHESTER,{138.0},2,1.083882,Sheridan,Wyoming
POINT (-106.9101 44.4944),STORY,{138.0},2,1.08183,Johnson,Wyoming
POINT (-106.7836 41.3388),SARATOGA 3,{138.0},2,1.075004,Carbon,Wyoming
POINT (-106.8389 42.7644),CASPER 1,{138.0},2,1.082314,Natrona,Wyoming
POINT (-106.8132 42.8821),CASPER 2,{138.0},1,1.073345,Natrona,Wyoming
POINT (-106.6545 44.1688),BUFFALO,{138.0},2,1.076798,Johnson,Wyoming
POINT (-106.4152 43.0532),CASPER 3,{138.0},3,1.072639,Natrona,Wyoming
POINT (-106.3699 42.9899),CASPER 4,{138.0},1,1.07303,Natrona,Wyoming
POINT (-106.1006 42.7117),CASPER 5,"{1.0, 138.0, 18.0}",5,1.078857,Natrona,Wyoming
POINT (-106.1274 42.853),EVANSVILLE,{138.0},1,1.08361,Natrona,Wyoming
POINT (-105.7973 42.7658),GLENROCK 1,{138.0},2,1.087828,Converse,Wyoming
POINT (-105.8946 41.2003),LARAMIE 1,{138.0},1,1.057898,Albany,Wyoming
POINT (-105.7279 44.4174),GILLETTE 1,{138.0},3,1.091375,Campbell,Wyoming
POINT (-105.7087 43.9675),GILLETTE 2,{138.0},1,1.088608,Campbell,Wyoming
POINT (-105.5353 43.7864),WRIGHT 1,{138.0},1,1.094067,Campbell,Wyoming
POINT (-105.5534 41.4919),LARAMIE 2,{138.0},1,1.074084,Albany,Wyoming
POINT (-105.3242 43.0083),DOUGLAS 3,{138.0},1,1.086824,Converse,Wyoming
POINT (-105.0547 41.9347),WHEATLAND 1,{138.0},2,1.070826,Platte,Wyoming
POINT (-105.0082 41.0597),CHEYENNE 1,"{1.0, 138.0, 115.0, 13.8}",4,1.080386,Laramie,Wyoming
POINT (-105.0158 41.0637),CHEYENNE 2,"{138.0, 115.0}",2,1.064837,Laramie,Wyoming
POINT (-104.86 44.4114),MOORCROFT,{138.0},1,1.096516,Crook,Wyoming
POINT (-104.9451 41.361),CHEYENNE 3,{138.0},4,1.063054,Laramie,Wyoming
POINT (-104.7564 41.4537),CHEYENNE 4,{138.0},1,1.061578,Laramie,Wyoming
POINT (-104.7631 42.1626),GUERNSEY,{138.0},1,1.07021,Platte,Wyoming
POINT (-104.7762 41.1436),CHEYENNE 5,"{138.0, 115.0}",4,1.065376,Laramie,Wyoming
POINT (-104.6167 43.9535),UPTON,{138.0},2,1.099411,Weston,Wyoming
POINT (-104.3616 44.4068),SUNDANCE,{138.0},2,1.099986,Crook,Wyoming
POINT (-104.3569 41.226),BURNS 2,{138.0},1,1.062593,Laramie,Wyoming
POINT (-104.3897 42.9605),LUSK,{138.0},1,1.086201,Niobrara,Wyoming
POINT (-104.1333 42.2294),TORRINGTON,{138.0},1,1.065855,Goshen,Wyoming
POINT (-105.7769 42.8378),GLENROCK 2,"{138.0, 13.8, 18.0, 24.0, 345.0}",8,1.092299,Converse,Wyoming
POINT (-105.7872 42.9258),GLENROCK 3,"{138.0, 13.8}",2,1.067051,Converse,Wyoming
POINT (-105.3833 44.2858),GILLETTE 3,{138.0},2,1.09487,Campbell,Wyoming
POINT (-105.024 41.1297),CHEYENNE 6,{138.0},3,1.063106,Laramie,Wyoming
POINT (-105.3833 44.2856),GILLETTE 4,{138.0},1,1.094872,Campbell,Wyoming
POINT (-106.7959 42.4766),ALCOVA 1,{138.0},1,1.099349,Natrona,Wyoming
POINT (-106.0111 41.6751),ROCK RIVER 1,"{345.0, 138.0, 13.8}",5,1.072966,Albany,Wyoming
POINT (-105.4608 44.3889),WRIGHT 2,"{345.0, 138.0, 18.0, 1.0}",5,1.097983,Campbell,Wyoming
POINT (-110.5983 41.7581),KEMMERER 2,"{345.0, 138.0, 161.0, 13.8}",6,1.080073,Lincoln,Wyoming
POINT (-106.1805 41.6744),ROCK RIVER 2,{138.0},2,1.085964,Carbon,Wyoming
POINT (-110.4807 41.2881),MOUNTAIN VIEW 6,"{138.0, 13.8}",2,1.069234,Uinta,Wyoming
POINT (-105.3815 44.2901),GILLETTE 5,"{345.0, 138.0, 13.8}",3,1.078139,Campbell,Wyoming
POINT (-104.72 41.1236),CHEYENNE 7,"{1.0, 230.0, 138.0, 13.8, 115.0, 345.0}",10,1.062056,Laramie,Wyoming
POINT (-106.1603 42.0436),MEDICINE BOW 1,"{138.0, 13.8}",2,1.095146,Carbon,Wyoming
POINT (-109.8119 41.6217),GREEN RIVER 3,{138.0},1,1.073268,Sweetwater,Wyoming
POINT (-105.999 43.0145),GLENROCK 4,"{138.0, 18.0, 13.8}",3,1.081693,Converse,Wyoming
POINT (-108.7875 41.7378),POINT OF ROCKS,"{345.0, 138.0, 18.0, 13.8}",8,1.077432,Sweetwater,Wyoming
POINT (-105.8543 43.0572),GLENROCK 5,"{138.0, 13.8}",2,1.09348,Converse,Wyoming
POINT (-106.7175 42.5484),ALCOVA 2,"{345.0, 138.0, 18.0, 13.8}",6,1.090492,Natrona,Wyoming
POINT (-105.3786 44.285),GILLETTE 6,{138.0},1,1.094958,Campbell,Wyoming
POINT (-110.5444 41.2639),MOUNTAIN VIEW 7,{138.0},2,1.077132,Uinta,Wyoming
POINT (-104.8825 42.1089),WHEATLAND 2,"{138.0, 13.8, 18.0, 20.0, 345.0}",5,1.01139,Platte,Wyoming
POINT (-105.3806 44.2919),GILLETTE 7,"{138.0, 13.8}",2,1.091181,Campbell,Wyoming
POINT (-106.3758 41.9203),MEDICINE BOW 2,{138.0},2,1.091904,Carbon,Wyoming
POINT (-105.8353 43.0181),GLENROCK 6,"{138.0, 13.8}",3,1.09076,Converse,Wyoming
POINT (-106.9085 42.1561),SINCLAIR,{138.0},1,1.1,Carbon,Wyoming
POINT (-105.3811 44.2919),GILLETTE 8,"{138.0, 13.8}",4,1.094889,Campbell,Wyoming
POINT (-110.0904 41.8805),KEMMERER 3,"{138.0, 18.0, 13.8}",4,1.075449,Lincoln,Wyoming
POINT (-117.3972 43.5821),NYSSA,{138.0},1,1.081833,Malheur,Oregon
POINT (-116.9082 43.5232),HOMEDALE,{138.0},1,1.071208,Owyhee,Idaho
POINT (-116.9373 47.7573),POST FALLS 1,{138.0},1,1.078871,Kootenai,Idaho
POINT (-116.9654 47.6912),POST FALLS 2,{138.0},1,1.072803,Kootenai,Idaho
POINT (-117.0262 44.2989),WEISER,{138.0},2,1.076872,Washington,Idaho
POINT (-116.9983 47.9247),RATHDRUM 1,{138.0},2,1.069522,Kootenai,Idaho
POINT (-116.9398 46.7133),MOSCOW 1,{138.0},2,1.075129,Latah,Idaho
POINT (-117.0145 46.7824),MOSCOW 2,{138.0},2,1.077299,Latah,Idaho
POINT (-116.9712 43.8032),PARMA,{138.0},1,1.06436,Canyon,Idaho
POINT (-116.9737 46.1263),LEWISTON 2,{138.0},1,1.087187,Asotin,Washington
POINT (-116.8574 46.236),LEWISTON 3,{138.0},2,1.08295,Nez Perce,Idaho
POINT (-116.9896 47.3541),PLUMMER,{138.0},1,1.078279,Benewah,Idaho
POINT (-116.8204 43.963),FRUITLAND 3,{138.0},1,1.074542,Payette,Idaho
POINT (-117.0001 48.2769),PRIEST RIVER,{138.0},1,1.072964,Bonner,Idaho
POINT (-116.9698 43.567),WILDER,{138.0},1,1.069153,Owyhee,Idaho
POINT (-116.9729 48.0347),SPIRIT LAKE,{138.0},2,1.060533,Bonner,Idaho
POINT (-116.9254 47.04),POTLATCH,{138.0},2,1.082257,Latah,Idaho
POINT (-116.7471 47.7211),COEUR D ALENE 1,{138.0},1,1.06892,Kootenai,Idaho
POINT (-116.8653 47.6416),COEUR D ALENE 2,{138.0},1,1.076289,Kootenai,Idaho
POINT (-116.7051 43.6831),CALDWELL 1,{138.0},1,1.056132,Canyon,Idaho
POINT (-116.7641 46.7543),TROY 1,{138.0},2,1.069744,Latah,Idaho
POINT (-116.774 43.9935),PAYETTE,{138.0},1,1.07435,Payette,Idaho
POINT (-116.5842 48.0276),ATHOL,{138.0},3,1.068138,Bonner,Idaho
POINT (-116.7195 47.7226),HAYDEN 3,{138.0},1,1.070565,Kootenai,Idaho
POINT (-116.7354 43.6829),CALDWELL 2,{138.0},1,1.056407,Canyon,Idaho
POINT (-116.6353 43.5664),CALDWELL 3,{138.0},1,1.065001,Canyon,Idaho
POINT (-116.6651 47.5984),COEUR D ALENE 3,"{1.0, 138.0, 18.0}",6,1.072698,Kootenai,Idaho
POINT (-116.6339 43.6247),NAMPA 1,{138.0},2,1.062686,Canyon,Idaho
POINT (-116.5955 43.539),NAMPA 2,{138.0},2,1.067956,Canyon,Idaho
POINT (-116.6083 43.5309),NAMPA 3,"{345.0, 138.0}",3,1.068642,Canyon,Idaho
POINT (-116.6514 43.4053),NAMPA 4,{138.0},1,1.067078,Canyon,Idaho
POINT (-116.5218 43.8313),MIDDLETON,{138.0},2,1.069074,Gem,Idaho
POINT (-116.5247 48.8429),BONNERS FERRY,{138.0},2,1.089798,Boundary,Idaho
POINT (-116.6062 47.3158),SAINT MARIES,{138.0},2,1.082918,Benewah,Idaho
POINT (-116.531 48.1641),SAGLE,{138.0},2,1.073812,Bonner,Idaho
POINT (-116.6005 43.6137),NAMPA 5,{138.0},1,1.062445,Canyon,Idaho
POINT (-116.4501 43.6545),NAMPA 6,{138.0},4,1.063737,Ada,Idaho
POINT (-116.5768 48.3608),SANDPOINT,{138.0},1,1.07888,Bonner,Idaho
POINT (-116.4151 43.9263),EMMETT,{138.0},2,1.071135,Gem,Idaho
POINT (-116.456 43.8189),STAR,{138.0},1,1.068723,Gem,Idaho
POINT (-116.3797 43.5542),MERIDIAN 1,{138.0},2,1.064367,Ada,Idaho
POINT (-116.3962 43.5789),MERIDIAN 2,{138.0},1,1.065085,Ada,Idaho
POINT (-116.4383 43.5173),MERIDIAN 3,{138.0},1,1.063822,Ada,Idaho
POINT (-116.3391 43.6606),MERIDIAN 4,{138.0},1,1.062942,Ada,Idaho
POINT (-116.4367 43.7999),EAGLE 2,"{345.0, 138.0}",3,1.069067,Ada,Idaho
POINT (-116.3578 43.5581),BOISE 1,{138.0},2,1.064697,Ada,Idaho
POINT (-116.2676 43.6151),BOISE 2,{138.0},2,1.061076,Ada,Idaho
POINT (-116.2644 43.4444),KUNA 1,{138.0},4,1.062323,Ada,Idaho
POINT (-116.3525 43.5436),BOISE 3,"{345.0, 138.0}",2,1.067066,Ada,Idaho
POINT (-116.219 43.5529),BOISE 4,{138.0},2,1.061704,Ada,Idaho
POINT (-116.3729 43.759),GARDEN CITY 2,{138.0},1,1.066347,Ada,Idaho
POINT (-116.282 43.5285),BOISE 5,{138.0},1,1.064169,Ada,Idaho
POINT (-116.2294 43.5517),BOISE 6,{138.0},2,1.062441,Ada,Idaho
POINT (-116.2933 43.7017),BOISE 7,{138.0},3,1.064618,Ada,Idaho
POINT (-116.2192 43.6148),BOISE 8,"{1.0, 138.0, 18.0}",8,1.058572,Ada,Idaho
POINT (-116.1847 43.4997),BOISE 9,{138.0},1,1.062441,Ada,Idaho
POINT (-116.1147 43.5891),BOISE 10,{138.0},1,1.063276,Ada,Idaho
POINT (-116.136 41.9964),OWYHEE,{138.0},1,1.073276,Elko,Nevada
POINT (-116.1904 43.7341),BOISE 11,{138.0},1,1.062573,Ada,Idaho
POINT (-116.2166 46.5082),OROFINO,{138.0},1,1.093634,Clearwater,Idaho
POINT (-116.0595 44.0017),HORSESHOE BEND,{138.0},4,1.069983,Boise,Idaho
POINT (-116.0552 47.5428),KELLOGG,{138.0},1,1.084431,Shoshone,Idaho
POINT (-116.1348 43.6242),BOISE 12,{138.0},1,1.064071,Ada,Idaho
POINT (-116.1826 45.8513),GRANGEVILLE,{138.0},1,1.092528,Idaho,Idaho
POINT (-116.1033 44.6507),DONNELLY,{138.0},1,1.088307,Valley,Idaho
POINT (-115.9413 46.3069),KAMIAH,{138.0},1,1.093372,Clearwater,Idaho
POINT (-115.9086 45.0469),MCCALL,{138.0},1,1.09579,Valley,Idaho
POINT (-115.951 43.5022),BOISE 13,{138.0},2,1.063206,Elmore,Idaho
POINT (-115.6105 43.3434),MOUNTAIN HOME 1,{138.0},2,1.061636,Elmore,Idaho
POINT (-115.3791 44.7551),CASCADE 1,{138.0},1,1.094887,Valley,Idaho
POINT (-115.0284 46.124),KOOSKIA,{138.0},1,1.077209,Idaho,Idaho
POINT (-114.9647 42.6956),BUHL,{138.0},1,1.090488,Twin Falls,Idaho
POINT (-114.6431 42.7329),WENDELL,{138.0},1,1.075329,Gooding,Idaho
POINT (-114.7521 43.0224),GOODING,{138.0},1,1.081925,Gooding,Idaho
POINT (-114.6916 43.6743),KETCHUM,{138.0},2,1.070571,Camas,Idaho
POINT (-114.6946 42.5657),FILER,{138.0},1,1.082594,Twin Falls,Idaho
POINT (-114.4854 42.4834),TWIN FALLS 1,{138.0},1,1.056369,Twin Falls,Idaho
POINT (-114.4583 42.4652),TWIN FALLS 2,"{345.0, 138.0}",2,1.045894,Twin Falls,Idaho
POINT (-114.4186 46.7133),LOLO,{138.0},1,1.085643,Missoula,Montana
POINT (-114.4923 42.6936),JEROME,{138.0},2,1.073862,Jerome,Idaho
POINT (-114.3933 43.0293),SHOSHONE,{138.0},2,1.07892,Lincoln,Idaho
POINT (-114.3101 42.3756),KIMBERLY 1,{138.0},1,1.056285,Twin Falls,Idaho
POINT (-114.3052 44.6377),CHALLIS,{138.0},1,1.082372,Custer,Idaho
POINT (-114.2785 43.6472),HAILEY,{138.0},1,1.077394,Blaine,Idaho
POINT (-114.1791 43.2982),BELLEVUE 8,{138.0},2,1.077587,Blaine,Idaho
POINT (-114.1476 42.5206),HAZELTON,{138.0},4,1.03772,Jerome,Idaho
POINT (-113.84 45.0692),SALMON,{138.0},1,1.081528,Lemhi,Idaho
POINT (-113.9017 42.6048),HEYBURN,{138.0},3,1.037499,Minidoka,Idaho
POINT (-113.7595 42.5019),BURLEY 1,{138.0},1,1.034467,Cassia,Idaho
POINT (-113.7828 42.6652),PAUL,{138.0},2,1.037979,Minidoka,Idaho
POINT (-113.5755 42.6767),RUPERT 1,{138.0},1,1.050516,Minidoka,Idaho
POINT (-113.4328 42.4475),DECLO,{138.0},1,1.065887,Cassia,Idaho
POINT (-113.2025 43.5699),ARCO,{138.0},1,1.062442,Butte,Idaho
POINT (-112.988 42.6449),AMERICAN FALLS 1,{138.0},2,1.047729,Power,Idaho
POINT (-112.8169 43.0069),ABERDEEN 3,{138.0},2,1.048142,Bingham,Idaho
POINT (-112.6688 42.8562),POCATELLO 1,{138.0},1,1.047423,Power,Idaho
POINT (-112.4972 43.2608),BLACKFOOT 1,{138.0},1,1.048743,Bingham,Idaho
POINT (-112.5141 43.2519),BLACKFOOT 2,{138.0},1,1.047053,Bingham,Idaho
POINT (-112.4255 42.2443),MALAD CITY,{138.0},1,1.067246,Oneida,Idaho
POINT (-112.353 42.9969),POCATELLO 2,{138.0},1,1.047426,Bannock,Idaho
POINT (-112.3657 42.8643),POCATELLO 3,{138.0},1,1.047071,Bannock,Idaho
POINT (-112.1144 42.783),INKOM,{138.0},1,1.046077,Caribou,Idaho
POINT (-112.2475 42.9122),POCATELLO 4,"{345.0, 138.0, 161.0}",3,1.025873,Bannock,Idaho
POINT (-112.1723 43.6107),IDAHO FALLS 1,{138.0},1,1.023024,Bonneville,Idaho
POINT (-112.1815 43.48),IDAHO FALLS 2,{138.0},1,1.032012,Bonneville,Idaho
POINT (-112.1976 43.4466),SHELLEY,{138.0},1,1.033008,Bonneville,Idaho
POINT (-112.0007 43.4132),IDAHO FALLS 3,{138.0},1,1.029459,Bonneville,Idaho
POINT (-111.8344 43.6902),RIGBY,{138.0},2,1.024904,Jefferson,Idaho
POINT (-111.9554 43.6197),IDAHO FALLS 4,{138.0},1,1.027892,Bonneville,Idaho
POINT (-111.9392 43.5253),IDAHO FALLS 5,{138.0},1,1.034923,Bonneville,Idaho
POINT (-111.9138 43.1423),FIRTH,{138.0},1,1.045043,Bingham,Idaho
POINT (-111.7244 43.8042),REXBURG 1,{138.0},2,1.021949,Madison,Idaho
POINT (-111.844 43.7976),REXBURG 2,{138.0},1,1.023005,Madison,Idaho
POINT (-111.8505 43.4531),IDAHO FALLS 6,{138.0},1,1.03784,Bonneville,Idaho
POINT (-111.7964 43.8878),SAINT ANTHONY,{138.0},3,1.021309,Madison,Idaho
POINT (-111.8496 42.5884),GRACE 1,{138.0},1,1.048646,Caribou,Idaho
POINT (-111.7499 42.0861),PRESTON 1,{138.0},1,1.064773,Franklin,Idaho
POINT (-111.4918 42.7162),SODA SPRINGS,{138.0},1,1.061582,Caribou,Idaho
POINT (-111.4369 44.0744),ASHTON,{138.0},1,1.029714,Fremont,Idaho
POINT (-111.1735 42.381),MONTPELIER,{138.0},1,1.082922,Bear Lake,Idaho
POINT (-111.1732 43.615),VICTOR 1,{138.0},1,1.028802,Teton,Idaho
POINT (-111.2058 43.3348),IRWIN,"{1.0, 138.0, 13.8, 18.0, 345.0}",7,1.004031,Bonneville,Idaho
POINT (-114.9036 42.8416),HAGERMAN 1,"{1.0, 138.0, 13.8}",4,1.095327,Gooding,Idaho
POINT (-115.6666 43.1472),MOUNTAIN HOME 2,"{138.0, 18.0, 13.8}",4,1.069809,Elmore,Idaho
POINT (-116.9203 47.7858),RATHDRUM 2,"{345.0, 138.0, 13.8, 1.0}",6,1.085328,Kootenai,Idaho
POINT (-116.9764 46.4231),LEWISTON 4,"{345.0, 138.0, 13.8, 1.0}",5,1.086061,Nez Perce,Idaho
POINT (-116.0583 43.528),BOISE 14,"{345.0, 138.0, 13.8}",5,1.043575,Ada,Idaho
POINT (-115.7343 43.1792),MOUNTAIN HOME 3,"{345.0, 138.0}",2,1.062538,Elmore,Idaho
POINT (-111.8294 43.4195),IDAHO FALLS 7,{138.0},1,1.036755,Bonneville,Idaho
POINT (-115.0172 42.8744),HAGERMAN 2,{138.0},2,1.096517,Twin Falls,Idaho
POINT (-116.3791 43.2435),KUNA 2,{138.0},1,1.06707,Ada,Idaho
POINT (-114.9886 42.7708),HAGERMAN 3,"{1.0, 138.0, 13.8}",5,1.055883,Twin Falls,Idaho
POINT (-116.0531 48.0844),CLARK FORK,"{138.0, 13.8, 13.2, 20.0, 345.0}",6,1.081736,Bonner,Idaho
POINT (-116.8673 47.8043),RATHDRUM 3,{138.0},4,1.086903,Kootenai,Idaho
POINT (-113.4832 42.6699),RUPERT 2,"{1.0, 138.0, 13.8}",6,1.05213,Minidoka,Idaho
POINT (-116.8975 44.8367),CAMBRIDGE,"{345.0, 138.0, 18.0, 13.8}",7,1.09288,Washington,Idaho
POINT (-115.0108 42.8253),HAGERMAN 4,"{345.0, 138.0, 13.8, 22.0}",4,1.057875,Twin Falls,Idaho
POINT (-115.071 42.9138),BLISS,{138.0},1,1.096441,Gooding,Idaho
POINT (-112.9019 42.6747),AMERICAN FALLS 2,"{138.0, 18.0}",2,1.048209,Power,Idaho
POINT (-116.5574 48.9595),PONDERAY,"{138.0, 18.0, 13.8}",4,1.09109,Boundary,Idaho
POINT (-112.0625 43.4687),IDAHO FALLS 8,{138.0},2,1.03277,Bonneville,Idaho
POINT (-115.4005 43.0281),GLENNS FERRY 1,{138.0},1,1.08695,Elmore,Idaho
POINT (-111.7264 43.3864),IONA 1,{138.0},1,1.038645,Bonneville,Idaho
POINT (-116.2977 46.5143),AHSAHKA,"{345.0, 138.0, 13.8, 1.0}",7,1.094884,Clearwater,Idaho
POINT (-111.8039 43.5244),IDAHO FALLS 9,"{138.0, 18.0}",2,1.012835,Bonneville,Idaho
POINT (-115.452 43.0566),GLENNS FERRY 2,"{138.0, 13.8}",3,1.088314,Elmore,Idaho
POINT (-111.7485 42.2678),PRESTON 2,{138.0},3,1.07038,Franklin,Idaho
POINT (-114.9897 42.8406),HAGERMAN 5,"{1.0, 138.0, 13.8, 18.0, 20.0}",8,1.096457,Twin Falls,Idaho
POINT (-115.4826 43.0338),GLENNS FERRY 3,"{345.0, 138.0}",2,1.070114,Elmore,Idaho
POINT (-115.4515 43.3571),MOUNTAIN HOME 4,"{138.0, 13.8}",3,1.059624,Elmore,Idaho
POINT (-116.9986 48.1802),OLDTOWN,"{138.0, 13.2, 13.8}",3,1.056054,Bonner,Idaho
POINT (-112.7486 42.7389),AMERICAN FALLS 3,{138.0},1,1.048278,Power,Idaho
POINT (-113.3825 42.0994),MALTA 1,"{138.0, 13.8}",3,1.056461,Cassia,Idaho
POINT (-115.9779 42.9449),BRUNEAU,{138.0},1,1.075024,Owyhee,Idaho
POINT (-111.8364 43.4671),IONA 2,"{345.0, 138.0, 13.8}",3,1.006241,Bonneville,Idaho
POINT (-112.8764 42.7778),AMERICAN FALLS 4,"{345.0, 138.0, 13.8, 1.0}",6,1.044408,Power,Idaho
POINT (-111.794 42.5367),GRACE 2,"{345.0, 138.0, 161.0}",4,1.039697,Caribou,Idaho
POINT (-114.3553 42.5892),KIMBERLY 2,"{138.0, 13.8}",2,1.037701,Twin Falls,Idaho
POINT (-114.0369 42.5268),MURTAUGH,"{345.0, 138.0}",3,1.024138,Twin Falls,Idaho
POINT (-116.8197 43.9044),NEW PLYMOUTH,"{345.0, 138.0, 13.8}",5,1.076082,Payette,Idaho
POINT (-114.9247 42.7674),HAGERMAN 6,"{138.0, 18.0, 22.0}",3,1.058127,Twin Falls,Idaho
POINT (-115.0367 42.88),HAGERMAN 7,{138.0},1,1.096472,Twin Falls,Idaho
POINT (-113.9266 42.4903),BURLEY 2,{138.0},2,1.038061,Cassia,Idaho
POINT (-106.7278 45.598),LAME DEER,{138.0},1,1.081673,Rosebud,Montana
POINT (-106.5958 46.3057),FORSYTH,{138.0},1,1.091705,Rosebud,Montana
POINT (-106.8562 44.9288),SHERIDAN 2,{138.0},2,1.080706,Sheridan,Wyoming
POINT (-106.8886 48.0622),GLASGOW 1,{138.0},1,1.091139,Valley,Montana
POINT (-107.2277 45.5219),CROW AGENCY,{138.0},2,1.086235,Big Horn,Montana
POINT (-107.6171 45.2771),LODGE GRASS,{138.0},1,1.085091,Big Horn,Montana
POINT (-107.6519 45.6754),HARDIN 1,{138.0},1,1.08285,Big Horn,Montana
POINT (-107.7554 48.052),MALTA 2,{138.0},1,1.1,Phillips,Montana
POINT (-108.1206 46.0377),WORDEN,{138.0},1,1.077165,Yellowstone,Montana
POINT (-108.3736 46.1321),SHEPHERD,{138.0},3,1.075775,Yellowstone,Montana
POINT (-108.339 45.7018),BILLINGS 1,{138.0},1,1.082766,Yellowstone,Montana
POINT (-108.2967 45.5942),BILLINGS 2,{138.0},3,1.080052,Yellowstone,Montana
POINT (-108.4453 45.9747),BILLINGS 3,{138.0},2,1.074926,Yellowstone,Montana
POINT (-108.4442 45.9355),BILLINGS 4,{138.0},1,1.08477,Yellowstone,Montana
POINT (-108.5684 46.4834),ROUNDUP,{138.0},1,1.095175,Musselshell,Montana
POINT (-108.5614 45.8161),BILLINGS 5,{138.0},1,1.084403,Yellowstone,Montana
POINT (-108.641 45.7965),BILLINGS 6,{138.0},1,1.082911,Yellowstone,Montana
POINT (-108.6601 45.9055),BILLINGS 7,{138.0},1,1.077646,Yellowstone,Montana
POINT (-108.7884 48.504),HARLEM,{138.0},1,1.086409,Blaine,Montana
POINT (-108.6286 45.591),LAUREL,{138.0},2,1.084351,Yellowstone,Montana
POINT (-108.7094 48.0697),HAYS,{138.0},1,1.091829,Blaine,Montana
POINT (-108.7681 45.1576),BRIDGER,{138.0},1,1.07952,Carbon,Montana
POINT (-109.0387 45.7488),PARK CITY 3,{138.0},1,1.086586,Stillwater,Montana
POINT (-108.899 45.5029),JOLIET,{138.0},1,1.082973,Carbon,Montana
POINT (-109.199 45.6608),COLUMBUS 2,{138.0},1,1.087754,Stillwater,Montana
POINT (-109.2882 48.5202),CHINOOK,{138.0},1,1.08164,Blaine,Montana
POINT (-109.3896 47.1501),LEWISTOWN,{138.0},2,1.087984,Fergus,Montana
POINT (-109.4161 45.0254),RED LODGE,{138.0},3,1.070519,Carbon,Montana
POINT (-109.441 45.6043),ABSAROKEE,{138.0},1,1.083767,Stillwater,Montana
POINT (-109.7901 48.5999),HAVRE,{138.0},2,1.072824,Hill,Montana
POINT (-109.8642 48.2948),BOX ELDER,{138.0},1,1.072239,Chouteau,Montana
POINT (-109.8747 46.549),HARLOWTON,{138.0},1,1.077887,Wheatland,Montana
POINT (-109.8875 45.8849),BIG TIMBER,{138.0},2,1.099985,Sweet Grass,Montana
POINT (-110.4483 45.0628),GARDINER,{138.0},2,1.099993,Park,Montana
POINT (-110.6642 45.555),LIVINGSTON 2,{138.0},1,1.084149,Park,Montana
POINT (-110.6272 47.9809),FORT BENTON,{138.0},1,1.071212,Chouteau,Montana
POINT (-110.8768 47.3014),BELT,{138.0},1,1.05779,Cascade,Montana
POINT (-110.826 45.8284),BOZEMAN 1,"{345.0, 138.0}",3,1.092894,Gallatin,Montana
POINT (-110.9073 45.8708),BOZEMAN 2,{138.0},2,1.08604,Gallatin,Montana
POINT (-111.0891 48.603),CHESTER,{138.0},1,1.068555,Liberty,Montana
POINT (-111.1389 46.6534),WHITE SULPHUR SPRINGS,{138.0},1,1.035674,Meagher,Montana
POINT (-111.0975 45.6639),BOZEMAN 3,{138.0},2,1.081959,Gallatin,Montana
POINT (-111.1527 45.5053),BOZEMAN 4,{138.0},3,1.081329,Gallatin,Montana
POINT (-111.0315 46.0721),BELGRADE,{138.0},1,1.073551,Gallatin,Montana
POINT (-111.0904 45.3432),GALLATIN GATEWAY,{138.0},1,1.088869,Gallatin,Montana
POINT (-111.2683 44.7624),WEST YELLOWSTONE,{138.0},2,1.080616,Gallatin,Montana
POINT (-111.2278 47.5036),GREAT FALLS 1,{138.0},2,1.06031,Cascade,Montana
POINT (-111.2194 47.2238),GREAT FALLS 2,{138.0},1,1.057643,Cascade,Montana
POINT (-111.2721 47.345),GREAT FALLS 3,{138.0},2,1.055618,Cascade,Montana
POINT (-111.3148 47.662),GREAT FALLS 4,"{1.0, 138.0, 13.8}",5,1.059869,Cascade,Montana
POINT (-111.3315 47.5522),GREAT FALLS 5,{138.0},1,1.057565,Cascade,Montana
POINT (-111.4615 45.829),MANHATTAN,{138.0},2,1.081597,Gallatin,Montana
POINT (-111.5086 46.5),TOWNSEND,{138.0},3,1.03764,Broadwater,Montana
POINT (-111.4784 45.9546),THREE FORKS,{138.0},1,1.083791,Broadwater,Montana
POINT (-111.6873 47.5955),VAUGHN,{138.0},3,1.062776,Cascade,Montana
POINT (-111.624 45.2176),ENNIS,"{1.0, 138.0, 18.0}",6,1.080321,Madison,Montana
POINT (-111.6711 48.5213),SHELBY,{138.0},2,1.066364,Toole,Montana
POINT (-111.7972 47.1731),CASCADE 2,{138.0},4,1.054379,Cascade,Montana
POINT (-111.7635 46.6125),EAST HELENA,{138.0},1,1.055471,Lewis and Clark,Montana
POINT (-111.9195 48.207),CONRAD,{138.0},1,1.067007,Pondera,Montana
POINT (-111.8307 46.6663),HELENA 1,{138.0},1,1.052167,Lewis and Clark,Montana
POINT (-111.9266 46.3901),CLANCY,{138.0},2,1.040836,Jefferson,Montana
POINT (-112.1685 45.3671),SHERIDAN 3,{138.0},2,1.074,Madison,Montana
POINT (-112.2116 45.8125),WHITEHALL,{138.0},3,1.054337,Jefferson,Montana
POINT (-112.2416 46.5927),HELENA 2,{138.0},1,1.044972,Lewis and Clark,Montana
POINT (-112.1806 46.5927),HELENA 3,{138.0},2,1.045018,Lewis and Clark,Montana
POINT (-112.3163 48.2422),VALIER,{138.0},1,1.066996,Pondera,Montana
POINT (-112.3905 47.8808),CHOTEAU,{138.0},1,1.067098,Teton,Montana
POINT (-112.5064 46.0684),BUTTE 1,{138.0},1,1.050769,Silver Bow,Montana
POINT (-112.4063 45.9898),BUTTE 2,{138.0},1,1.050092,Jefferson,Montana
POINT (-112.5317 48.7221),CUT BANK,{138.0},2,1.056657,Glacier,Montana
POINT (-112.6401 47.0344),LINCOLN 4,{138.0},1,1.058107,Lewis and Clark,Montana
POINT (-112.7548 46.3299),DEER LODGE,{138.0},1,1.055068,Powell,Montana
POINT (-112.7679 45.0416),DILLON 2,{138.0},1,1.07793,Beaverhead,Montana
POINT (-113.0935 48.6049),BROWNING,{138.0},1,1.065148,Glacier,Montana
POINT (-113.1587 46.0671),ANACONDA 1,{138.0},1,1.063569,Deer Lodge,Montana
POINT (-113.4037 46.1965),PHILIPSBURG,{138.0},2,1.070295,Granite,Montana
POINT (-113.5636 47.2969),SEELEY LAKE,{138.0},1,1.077051,Missoula,Montana
POINT (-113.7728 46.632),CLINTON 2,{138.0},1,1.09258,Granite,Montana
POINT (-113.6531 47.656),BIGFORK,{138.0},2,1.074157,Lake,Montana
POINT (-113.8779 46.9033),MISSOULA 1,{138.0},4,1.084183,Missoula,Montana
POINT (-114.0497 46.7477),MISSOULA 2,"{345.0, 138.0}",2,1.069709,Missoula,Montana
POINT (-113.9249 46.2678),CORVALLIS 4,{138.0},2,1.066846,Ravalli,Montana
POINT (-113.9475 47.3103),SAINT IGNATIUS,{138.0},3,1.076331,Lake,Montana
POINT (-114.1067 46.9164),MISSOULA 3,{138.0},1,1.085642,Missoula,Montana
POINT (-113.998 46.9543),MISSOULA 4,{138.0},1,1.079867,Missoula,Montana
POINT (-114.0999 46.6544),FLORENCE 5,{138.0},2,1.089383,Ravalli,Montana
POINT (-113.9858 46.573),STEVENSVILLE,{138.0},1,1.080314,Ravalli,Montana
POINT (-114.0542 47.2176),ARLEE,{138.0},2,1.078291,Lake,Montana
POINT (-114.0437 47.0581),MISSOULA 5,{138.0},1,1.080634,Missoula,Montana
POINT (-114.022 47.4459),RONAN,{138.0},2,1.077328,Lake,Montana
POINT (-114.2182 48.3117),COLUMBIA FALLS,{138.0},2,1.03711,Flathead,Montana
POINT (-114.1002 47.7396),POLSON 1,{138.0},2,1.077096,Lake,Montana
POINT (-114.216 47.9247),LAKESIDE 4,{138.0},1,1.078864,Lake,Montana
POINT (-114.1713 46.2422),HAMILTON,{138.0},2,1.061521,Ravalli,Montana
POINT (-114.2801 47.1474),FRENCHTOWN,{138.0},1,1.080542,Sanders,Montana
POINT (-114.3315 46.8482),MISSOULA 6,{138.0},2,1.083804,Missoula,Montana
POINT (-114.3884 45.6991),DARBY,{138.0},1,1.078873,Ravalli,Montana
POINT (-114.2632 46.4865),VICTOR 2,{138.0},3,1.075062,Ravalli,Montana
POINT (-114.4826 48.2683),KALISPELL 1,{138.0},1,1.033346,Flathead,Montana
POINT (-114.2957 48.3177),KALISPELL 2,{138.0},2,1.037168,Flathead,Montana
POINT (-114.5225 47.0719),HUSON,{138.0},1,1.080567,Missoula,Montana
POINT (-114.5488 48.4913),WHITEFISH,{138.0},1,1.058656,Flathead,Montana
POINT (-114.6137 47.9835),KILA,{138.0},1,1.083837,Flathead,Montana
POINT (-114.8292 47.5645),PLAINS,{138.0},2,1.062726,Sanders,Montana
POINT (-114.9596 48.9903),EUREKA 5,{138.0},3,1.084239,Lincoln,Montana
POINT (-114.8877 47.0781),SUPERIOR 2,{138.0},4,1.08387,Mineral,Montana
POINT (-115.3579 47.6498),THOMPSON FALLS 1,{138.0},1,1.078398,Sanders,Montana
POINT (-115.3282 48.3163),LIBBY 1,{138.0},2,1.080806,Lincoln,Montana
POINT (-115.582 47.8675),TROUT CREEK,{138.0},2,1.096129,Sanders,Montana
POINT (-115.7388 48.5885),TROY 2,{138.0},1,1.085902,Lincoln,Montana
POINT (-115.3143 48.4098),LIBBY 2,"{138.0, 13.8, 13.2, 20.0, 24.0, 345.0}",8,1.063981,Lincoln,Montana
POINT (-112.8766 46.1047),ANACONDA 2,"{345.0, 138.0, 18.0, 13.8}",5,1.050581,Deer Lodge,Montana
POINT (-106.6547 45.9752),COLSTRIP 1,"{138.0, 13.8}",2,1.085268,Rosebud,Montana
POINT (-111.2614 47.5213),GREAT FALLS 6,{138.0},2,1.058364,Cascade,Montana
POINT (-112.1097 48.51),FAIRFIELD 5,"{345.0, 138.0, 18.0}",4,1.045332,Toole,Montana
POINT (-110.0872 46.4494),TWO DOT,"{138.0, 13.8}",3,1.066734,Wheatland,Montana
POINT (-108.481 45.7756),BILLINGS 8,"{1.0, 138.0, 13.8, 18.0, 345.0}",5,1.079831,Yellowstone,Montana
POINT (-107.9575 45.3074),HARDIN 2,"{345.0, 138.0, 18.0, 13.8}",7,1.077028,Big Horn,Montana
POINT (-114.0144 48.3415),HUNGRY HORSE,"{345.0, 138.0, 18.0, 13.8}",7,1.048357,Flathead,Montana
POINT (-111.7279 46.649),HELENA 4,"{345.0, 138.0}",3,1.068489,Lewis and Clark,Montana
POINT (-111.9653 47.7233),FAIRFIELD 6,{138.0},1,1.064391,Teton,Montana
POINT (-114.2339 47.6777),POLSON 2,"{1.0, 138.0, 13.8, 18.0, 22.0, 345.0}",7,1.067467,Lake,Montana
POINT (-106.4123 48.0122),GLASGOW 2,"{1.0, 138.0, 18.0, 13.8}",8,1.08085,McCone,Montana
POINT (-108.4278 45.8117),BILLINGS 9,"{138.0, 13.2}",2,1.081441,Yellowstone,Montana
POINT (-109.4828 46.2753),SHAWMUT,"{138.0, 13.8}",3,1.074942,Wheatland,Montana
POINT (-115.3582 47.5932),THOMPSON FALLS 2,"{345.0, 138.0}",2,1.078579,Sanders,Montana
POINT (-106.614 45.8831),COLSTRIP 2,"{1.0, 138.0, 13.8, 18.0, 345.0}",9,1.063493,Rosebud,Montana
POINT (-112.5194 45.9293),BUTTE 3,"{345.0, 138.0, 13.8, 1.0}",4,1.043296,Silver Bow,Montana
POINT (-111.2045 47.5344),GREAT FALLS 7,{138.0},1,1.061681,Cascade,Montana
POINT (-111.195 47.5375),GREAT FALLS 8,"{345.0, 138.0}",2,1.068354,Cascade,Montana
POINT (-112.0047 46.9915),WOLF CREEK,{138.0},2,1.049141,Lewis and Clark,Montana
POINT (-115.7336 47.9539),NOXON,"{345.0, 138.0, 13.8}",7,1.076813,Sanders,Montana
POINT (-112.1847 48.5333),FAIRFIELD 7,"{138.0, 13.8}",3,1.040918,Glacier,Montana
POINT (-107.6 45.7578),HARDIN 3,"{1.0, 138.0, 13.2, 13.8, 345.0}",5,1.080787,Big Horn,Montana
POINT (-112.1033 48.8203),KEVIN,"{345.0, 138.0, 18.0}",3,1.037226,Toole,Montana
POINT (-111.0344 47.5517),GREAT FALLS 9,{138.0},1,1.059786,Cascade,Montana
POINT (-111.1225 47.5699),GREAT FALLS 10,{138.0},3,1.060217,Cascade,Montana
POINT (-111.0609 47.5817),GREAT FALLS 11,{138.0},2,1.06017,Cascade,Montana
POINT (-106.7032 31.8555),EL PASO 1,{115.0},3,1.085325,Doña Ana,New Mexico
POINT (-106.5695 32.0315),ANTHONY 2,{115.0},1,1.082699,Doña Ana,New Mexico
POINT (-106.6729 31.8681),CANUTILLO,{115.0},1,1.088146,Doña Ana,New Mexico
POINT (-106.5033 31.7583),EL PASO 2,{115.0},1,1.086502,El Paso,Texas
POINT (-106.4897 31.8761),EL PASO 3,"{115.0, 230.0}",2,1.080865,El Paso,Texas
POINT (-106.4894 31.8278),EL PASO 4,{115.0},2,1.089184,El Paso,Texas
POINT (-106.538 31.8145),EL PASO 5,{115.0},1,1.09249,El Paso,Texas
POINT (-106.472 31.8815),EL PASO 6,{115.0},1,1.092957,El Paso,Texas
POINT (-106.5563 31.894),EL PASO 7,{115.0},1,1.091943,El Paso,Texas
POINT (-106.5801 31.8528),EL PASO 8,{115.0},1,1.090262,El Paso,Texas
POINT (-106.3483 31.694),EL PASO 9,{115.0},3,1.072757,,
POINT (-106.3896 31.9314),EL PASO 10,{115.0},1,1.073156,El Paso,Texas
POINT (-106.4043 31.8558),EL PASO 11,{115.0},2,1.075576,El Paso,Texas
POINT (-106.3667 31.7276),EL PASO 12,{115.0},1,1.080701,El Paso,Texas
POINT (-106.5157 32.0251),EL PASO 13,{115.0},1,1.085268,Doña Ana,New Mexico
POINT (-106.3721 31.8066),EL PASO 14,{115.0},2,1.079582,El Paso,Texas
POINT (-106.347 31.691),EL PASO 15,{115.0},1,1.072427,,
POINT (-106.4979 31.8549),FORT BLISS,{115.0},1,1.093379,El Paso,Texas
POINT (-106.4055 31.9214),EL PASO 16,{115.0},2,1.071758,El Paso,Texas
POINT (-106.3877 31.9767),EL PASO 17,{115.0},2,1.069492,El Paso,Texas
POINT (-106.409 31.7472),EL PASO 18,{115.0},2,1.086329,,
POINT (-106.4533 31.8056),EL PASO 19,{115.0},1,1.085694,El Paso,Texas
POINT (-106.3232 31.768),EL PASO 20,{115.0},2,1.078587,El Paso,Texas
POINT (-106.3015 31.7237),EL PASO 21,{115.0},1,1.084991,El Paso,Texas
POINT (-106.4066 31.8524),EL PASO 22,{115.0},1,1.075992,El Paso,Texas
POINT (-106.3541 31.8863),EL PASO 23,{115.0},1,1.073124,El Paso,Texas
POINT (-106.2575 31.7876),EL PASO 24,{115.0},5,1.09131,El Paso,Texas
POINT (-106.3043 31.6764),EL PASO 25,{115.0},1,1.072084,El Paso,Texas
POINT (-106.299 31.6101),EL PASO 26,{115.0},1,1.077918,El Paso,Texas
POINT (-106.2606 31.8189),EL PASO 27,"{115.0, 230.0}",2,1.078193,El Paso,Texas
POINT (-106.2163 31.7623),EL PASO 28,{115.0},1,1.079948,El Paso,Texas
POINT (-106.355 31.8035),EL PASO 29,"{1.0, 230.0, 13.8, 115.0, 500.0}",5,1.074632,El Paso,Texas
POINT (-106.3348 31.6911),EL PASO 30,"{1.0, 115.0, 13.8, 230.0}",5,1.075592,El Paso,Texas
POINT (-106.3194 31.6442),EL PASO 31,{115.0},2,1.073034,El Paso,Texas
POINT (-106.2358 31.6185),SAN ELIZARIO,{115.0},5,1.072777,El Paso,Texas
POINT (-106.2013 31.4862),CLINT,{115.0},2,1.064005,El Paso,Texas
POINT (-106.1496 31.545),FABENS,{115.0},1,1.066429,El Paso,Texas
POINT (-106.1391 31.5519),EL PASO 32,"{115.0, 230.0}",4,1.067521,El Paso,Texas
POINT (-106.1913 31.5773),EL PASO 33,{115.0},1,1.065905,El Paso,Texas
POINT (-105.9816 31.4312),TORNILLO,{115.0},1,1.075629,El Paso,Texas
POINT (-105.9377 31.9179),EL PASO 34,{115.0},2,1.057915,Hudspeth,Texas
POINT (-105.991 31.9174),EL PASO 35,"{1.0, 115.0, 13.8, 230.0}",5,1.059233,Hudspeth,Texas
POINT (-105.9744 31.4009),FORT HANCOCK,{115.0},2,1.074709,Hudspeth,Texas
POINT (-105.2336 31.2709),SIERRA BLANCA,{115.0},2,1.081761,Hudspeth,Texas
POINT (-106.375 31.7569),EL PASO 36,{115.0},1,1.077739,El Paso,Texas
POINT (-106.4318 31.9836),EL PASO 37,"{1.0, 230.0, 13.8, 115.0, 500.0, 22.0, 24.0}",14,1.067642,El Paso,Texas
POINT (-106.4275 31.9783),EL PASO 38,{115.0},1,1.072869,El Paso,Texas
