coordinates,Power generated,Power capacity,Remaining Capacity,KVlevels,color,generation name,number of buses,generation type,county,state
POINT (-119.908 46.6451),463.52000499999997,463.52,4.9999999873762135e-06,"{138.0, 13.8, 13.2, 18.0, 20.0, 24.0, 345.0, 765.0}",blue,MATTAWA 2,10,hydro,Grant,Washington
POINT (-120.3475 45.8131),59.720001,59.72,1.00000000458067e-06,"{138.0, 13.8}",green,ROOSEVELT 1,3,wind,Klickitat,Washington
POINT (-122.1097 46.4661),48.570002,48.57,2.0000000020559128e-06,"{1.0, 138.0, 13.2}",blue,RANDLE,4,hydro,Lewis,Washington
POINT (-120.6872 47.1356),79.420001,79.42,9.999999974752427e-07,"{345.0, 138.0, 13.8}",green,CLE ELUM 2,5,wind,Kittitas,Washington
POINT (-120.8072 45.8797),136.300001,136.3,9.999999974752427e-07,"{138.0, 18.0}",green,GOLDENDALE 2,5,wind,Klickitat,Washington
POINT (-120.2953 47.5336),858.580009,858.5799999999999,9.000000090964022e-06,"{138.0, 13.8, 18.0, 345.0, 765.0}",blue,WENATCHEE 3,10,hydro,Chelan,Washington
POINT (-120.0917 47.3461),329.520004,329.52,3.999999989900971e-06,"{1.0, 138.0, 13.8, 18.0, 20.0, 22.0, 345.0, 765.0}",blue,WENATCHEE 4,11,hydro,Douglas,Washington
POINT (-121.8144 47.9084),44.270002,44.269999999999996,2.0000000020559128e-06,"{345.0, 138.0}",blue,SULTAN 2,2,hydro,Snohomish,Washington
POINT (-123.1603 47.3698),9.830001,9.83,9.999999992515995e-07,"{345.0, 138.0, 13.8, 1.0}",blue,SHELTON 3,4,hydro,Mason,Washington
POINT (-122.3657 47.0861),318.300001,318.3,9.999999974752427e-07,"{138.0, 13.8, 24.0, 345.0, 765.0}",orange,TACOMA 19,5,ng,Pierce,Washington
POINT (-122.2017 46.0608),144.230002,144.23000000000002,1.9999999949504854e-06,"{138.0, 13.8, 20.0, 22.0, 345.0, 765.0}",blue,COUGAR 1,6,hydro,Skamania,Washington
POINT (-120.1819 46.9547),66.350001,66.35,1.0000000116860974e-06,"{138.0, 18.0}",green,ELLENSBURG 3,2,wind,Kittitas,Washington
POINT (-119.6404 47.9951),1359.450013,1359.45,1.2999999853491317e-05,"{138.0, 13.8, 22.0, 345.0, 765.0}",blue,BRIDGEPORT,9,hydro,Douglas,Washington
POINT (-122.5885 46.5035),109.94000299999999,109.94,2.999999992425728e-06,"{345.0, 138.0}",blue,SILVER CREEK 1,2,hydro,Lewis,Washington
POINT (-121.7407 48.5478),55.600001,55.6,9.999999974752427e-07,"{345.0, 138.0}",blue,CONCRETE 1,2,hydro,Skagit,Washington
POINT (-122.4056 45.5847),0.0,0.0,0.0,"{345.0, 138.0}",yellow,CAMAS 3,6,solar,Clark,Washington
POINT (-118.0269 46.4211),212.510002,212.51,1.9999999949504854e-06,"{345.0, 138.0, 13.8}",green,DAYTON 2,3,wind,Columbia,Washington
POINT (-121.2086 48.6981),134.82000299999999,134.82,2.999999992425728e-06,"{345.0, 138.0, 18.0, 13.8}",blue,ROCKPORT 1,6,hydro,Whatcom,Washington
POINT (-122.4331 48.4481),14.320001,14.32,9.999999992515995e-07,"{138.0, 18.0}",yellow,MOUNT VERNON 4,3,solar,Skagit,Washington
POINT (-117.4206 47.6536),22.830002,22.83,2.0000000020559128e-06,{138.0},blue,SPOKANE 20,3,hydro,Spokane,Washington
POINT (-122.9184 46.1039),41.320003,41.32,2.9999999995311555e-06,"{138.0, 18.0, 13.8}",yellow,LONGVIEW 3,3,solar,Cowlitz,Washington
POINT (-122.486 48.746),130.520004,130.51999999999998,4.00000001832268e-06,"{345.0, 138.0}",yellow,BELLINGHAM 7,5,solar,Whatcom,Washington
POINT (-117.3644 47.1558),58.200001,58.2,9.999999974752427e-07,"{345.0, 138.0, 20.0}",green,ROSALIA,5,wind,Whitman,Washington
POINT (-122.56 48.4708),125.10000000000001,125.10000000000001,0.0,"{138.0, 13.8, 18.0, 22.0, 345.0}",orange,ANACORTES 2,6,ng,Skagit,Washington
POINT (-120.5212 45.7818),82.340001,82.34,9.999999974752427e-07,{138.0},green,GOLDENDALE 3,1,wind,Klickitat,Washington
POINT (-121.6878 47.4446),22.220002,22.22,2.0000000020559128e-06,"{1.0, 138.0, 13.8}",blue,KIRKLAND 5,4,hydro,King,Washington
POINT (-121.1317 48.7139),107.970003,107.97000000000001,2.999999992425728e-06,"{138.0, 13.8}",blue,ROCKPORT 2,3,hydro,Whatcom,Washington
POINT (-119.3339 46.4711),1200.000012,1200.0,1.1999999969702912e-05,"{345.0, 138.0, 13.8, 765.0}",red,RICHLAND 4,5,nuclear,Benton,Washington
POINT (-122.3355 45.9628),56.320001,56.32,9.999999974752427e-07,"{345.0, 138.0, 22.0, 1.0}",blue,AMBOY,4,hydro,Clark,Washington
POINT (-118.1111 48.6203),50.700001,50.7,9.999999974752427e-07,"{345.0, 138.0}",yellow,KETTLE FALLS 2,3,solar,Stevens,Washington
POINT (-120.2355 45.9215),0.0,0.0,0.0,"{138.0, 13.8}",green,BICKLETON 1,4,wind,Klickitat,Washington
POINT (-117.4294 46.6595),615.120006,615.12,5.999999984851456e-06,"{1.0, 138.0, 13.8, 18.0, 20.0, 22.0, 24.0, 345.0, 765.0}",blue,POMEROY 1,12,hydro,Whitman,Washington
POINT (-122.365 47.0797),177.8,177.8,0.0,{138.0},orange,TACOMA 20,2,ng,Pierce,Washington
POINT (-122.4283 47.2661),45.580001,45.58,1.00000000458067e-06,"{345.0, 138.0, 18.0, 1.0}",yellow,TACOMA 21,4,solar,Pierce,Washington
POINT (-122.3196 46.8328),38.660004,38.66,4.0000000041118255e-06,"{345.0, 138.0}",blue,LAKEBAY 2,2,hydro,Pierce,Washington
POINT (-118.8798 46.2498),529.130006,529.13,5.999999984851456e-06,"{138.0, 13.8, 18.0, 24.0, 345.0, 765.0}",blue,BURBANK 2,12,hydro,Walla Walla,Washington
POINT (-122.8598 46.7559),312.19,729.9,417.71,"{345.0, 138.0, 13.8, 765.0}",gray,CENTRALIA 2,6,coal,Lewis,Washington
POINT (-122.4247 46.5347),214.570002,214.57,1.9999999949504854e-06,"{345.0, 138.0, 18.0, 13.8}",blue,SILVER CREEK 2,4,hydro,Lewis,Washington
POINT (-121.7819 47.4193),22.510002,22.509999999999998,2.0000000020559128e-06,"{138.0, 18.0}",blue,NORTH BEND 2,2,hydro,King,Washington
POINT (-117.5372 47.7697),10.000001,10.0,9.999999992515995e-07,"{138.0, 22.0}",blue,NINE MILE FALLS 2,2,hydro,Spokane,Washington
POINT (-117.3705 47.7351),61.8,61.8,0.0,"{345.0, 138.0, 13.8}",orange,SPOKANE 21,3,ng,Spokane,Washington
POINT (-120.0133 47.8347),21.910001,21.91,1.0000000010279564e-06,{138.0},blue,WENATCHEE 5,1,hydro,Chelan,Washington
POINT (-118.0273 46.5838),370.940004,370.94,3.999999989900971e-06,"{1.0, 138.0, 13.8, 18.0, 22.0, 345.0, 765.0}",blue,DAYTON 3,13,hydro,Columbia,Washington
POINT (-122.2733 48.9905),87.8,87.8,0.0,"{345.0, 138.0, 18.0, 13.8}",orange,SUMAS,5,ng,Whatcom,Washington
POINT (-122.4358 48.4558),376.0,376.0,0.0,"{138.0, 13.2, 13.8, 18.0, 345.0, 765.0}",orange,BURLINGTON 2,7,ng,Skagit,Washington
POINT (-119.2917 47.5025),36.210001,36.21,9.999999974752427e-07,"{345.0, 138.0, 13.8}",blue,COULEE CITY 1,4,hydro,Grant,Washington
POINT (-120.3039 45.9192),37.130001,37.13,9.999999974752427e-07,"{138.0, 13.8}",green,BICKLETON 2,2,wind,Klickitat,Washington
POINT (-119.9703 46.8731),338.560004,338.56,3.999999989900971e-06,"{138.0, 13.2, 13.8, 18.0, 24.0, 345.0, 765.0}",blue,BEVERLY,11,hydro,Kittitas,Washington
POINT (-121.0679 48.7326),206.29000200000002,206.29000000000002,1.9999999949504854e-06,"{138.0, 13.8, 18.0, 22.0, 345.0, 765.0}",blue,ROCKPORT 3,7,hydro,Whatcom,Washington
POINT (-122.6861 48.8288),169.200001,169.2,9.999999974752427e-07,{138.0},orange,BLAINE 2,1,ng,Whatcom,Washington
POINT (-121.7833 47.6992),23.320002000000002,23.32,2.0000000020559128e-06,"{138.0, 18.0}",blue,NORTH BEND 3,4,hydro,King,Washington
POINT (-122.9131 46.6225),567.889,698.01,130.12099999999998,"{345.0, 138.0, 13.8}",orange,CHEHALIS 2,5,ng,Lewis,Washington
POINT (-120.7836 45.7442),50.000001,50.0,9.999999974752427e-07,{138.0},green,GOLDENDALE 4,1,wind,Klickitat,Washington
POINT (-122.2594 46.0594),72.000002,72.0,1.9999999949504854e-06,{138.0},blue,COUGAR 2,3,hydro,Cowlitz,Washington
POINT (-123.7739 46.9728),29.840003000000003,29.84,3.000000003083869e-06,"{138.0, 18.0, 13.8}",yellow,ABERDEEN 2,4,solar,Grays Harbor,Washington
POINT (-118.5397 46.5635),576.580005,576.58,4.9999999873762135e-06,"{138.0, 13.8, 18.0, 24.0, 345.0, 765.0}",blue,KAHLOTUS,9,hydro,Franklin,Washington
POINT (-121.8414 47.5445),0.0,0.0,0.0,"{138.0, 18.0}",blue,FALL CITY 2,3,hydro,King,Washington
POINT (-122.5544 45.9567),49.150002,49.15,2.0000000020559128e-06,"{345.0, 138.0, 13.8}",blue,ARIEL,4,hydro,Clark,Washington
POINT (-120.8339 45.7269),221.290002,221.29,1.9999999949504854e-06,"{345.0, 138.0, 20.0}",green,CENTERVILLE 1,4,wind,Klickitat,Washington
POINT (-117.8217 46.5242),0.0,0.0,0.0,"{1.0, 138.0, 13.8, 18.0, 345.0}",green,POMEROY 2,5,wind,Garfield,Washington
POINT (-121.5694 46.5958),25.400002,25.400000000000002,1.999999998503199e-06,{138.0},blue,PACKWOOD,2,hydro,Lewis,Washington
POINT (-117.5042 47.6263),0.0,0.0,0.0,"{138.0, 13.8}",orange,SPOKANE 22,2,ng,Spokane,Washington
POINT (-117.8361 47.8344),48.160003,48.16,3.000000006636583e-06,"{345.0, 138.0, 18.0}",blue,FORD 1,4,hydro,Lincoln,Washington
POINT (-119.0964 46.0958),95.900001,95.9,9.999999974752427e-07,"{345.0, 138.0, 13.8, 1.0}",green,KENNEWICK 6,5,wind,Benton,Washington
POINT (-120.2065 47.0363),189.610002,189.61,1.9999999949504854e-06,"{345.0, 138.0, 13.8, 22.0}",green,ELLENSBURG 4,4,wind,Kittitas,Washington
POINT (-120.2896 45.8877),199.000002,199.0,1.9999999949504854e-06,"{345.0, 138.0, 13.8}",green,BICKLETON 3,3,wind,Klickitat,Washington
POINT (-123.48 46.9692),650.009996,650.01,3.999999989900971e-06,"{138.0, 18.0, 20.0, 22.0, 345.0, 765.0}",orange,ELMA 2,6,ng,Grays Harbor,Washington
POINT (-117.4183 48.7809),20.620001,20.62,9.999999974752427e-07,"{138.0, 18.0, 13.8}",blue,IONE 1,5,hydro,Pend Oreille,Washington
POINT (-122.3102 46.8016),41.510002,41.510000000000005,1.9999999949504854e-06,"{138.0, 18.0}",blue,LAKEBAY 3,3,hydro,Thurston,Washington
POINT (-120.833 45.8114),284.300002,284.3,1.9999999949504854e-06,"{1.0, 138.0, 13.8, 20.0, 345.0, 765.0}",orange,GOLDENDALE 5,7,ng,Klickitat,Washington
POINT (-123.2252 47.4181),43.870003,43.870000000000005,2.999999992425728e-06,"{24.0, 138.0, 18.0}",blue,SHELTON 4,4,hydro,Mason,Washington
POINT (-118.9773 47.9575),3695.4400389999996,3695.44,3.899999956047395e-05,"{138.0, 13.8, 18.0, 20.0, 22.0, 345.0, 765.0}",blue,GRAND COULEE,16,hydro,Okanogan,Washington
POINT (-122.6867 48.8288),285.51,285.51,0.0,"{1.0, 138.0, 13.8, 13.2, 18.0, 24.0, 345.0}",orange,FERNDALE 2,8,ng,Whatcom,Washington
POINT (-122.9728 46.1236),22.560002,22.56,2.0000000020559128e-06,{138.0},yellow,LONGVIEW 4,2,solar,Cowlitz,Washington
POINT (-121.6907 48.649),47.450002000000005,47.449999999999996,2.00000000916134e-06,{138.0},blue,CONCRETE 2,1,hydro,Whatcom,Washington
POINT (-117.3478 48.9871),261.220002,261.22,1.9999999949504854e-06,"{138.0, 13.8, 18.0, 22.0, 345.0, 765.0}",blue,METALINE FALLS,9,hydro,Pend Oreille,Washington
POINT (-119.2992 47.6164),22.810001,22.81,1.0000000010279564e-06,{138.0},blue,COULEE CITY 2,1,hydro,Grant,Washington
POINT (-122.7256 45.6497),248.000002,248.0,1.9999999949504854e-06,"{345.0, 138.0, 13.8}",orange,VANCOUVER 18,3,ng,Clark,Washington
POINT (-117.8331 46.4211),96.250002,96.25,1.9999999949504854e-06,"{138.0, 18.0, 20.0}",green,DAYTON 4,3,wind,Columbia,Washington
POINT (-117.9167 47.8217),18.740002999999998,18.740000000000002,2.999999995978442e-06,{138.0},blue,FORD 2,2,hydro,Lincoln,Washington
POINT (-117.7772 46.3747),210.600002,210.6,1.9999999949504854e-06,"{1.0, 138.0, 13.8, 18.0, 345.0}",green,DAYTON 5,6,wind,Columbia,Washington
POINT (-119.1139 46.3069),11.400001,11.4,9.999999992515995e-07,{138.0},orange,PASCO 3,1,ng,Franklin,Washington
POINT (-118.917 46.06),130.660001,130.66,9.999999974752427e-07,"{345.0, 138.0, 13.8}",green,TOUCHET,4,wind,Walla Walla,Washington
POINT (-120.3419 45.8155),204.000002,204.0,1.9999999949504854e-06,"{345.0, 138.0, 13.8}",green,ROOSEVELT 2,3,wind,Klickitat,Washington
POINT (-122.9855 46.1388),319.000002,319.0,1.9999999949504854e-06,"{345.0, 138.0, 18.0, 13.8}",orange,LONGVIEW 5,4,ng,Cowlitz,Washington
POINT (-119.8653 47.9469),390.600004,390.6,3.999999989900971e-06,"{138.0, 13.8, 24.0, 345.0, 765.0}",blue,PATEROS,9,hydro,Chelan,Washington
POINT (-122.0414 44.286),102.380003,102.38,3.000000006636583e-06,"{345.0, 138.0, 13.8, 1.0}",blue,BLUE RIVER,5,hydro,Linn,Oregon
POINT (-120.125 45.7119),98.700001,98.7,9.999999974752427e-07,{138.0},green,ARLINGTON 3,1,wind,Gilliam,Oregon
POINT (-122.0703 42.0936),94.520003,94.52000000000001,2.999999992425728e-06,"{345.0, 138.0}",blue,KENO,3,hydro,Klamath,Oregon
POINT (-123.1719 46.1789),137.88,137.88,0.0,{138.0},orange,CLATSKANIE 2,2,ng,Columbia,Oregon
POINT (-118.8162 46.0128),86.500001,86.5,9.999999974752427e-07,"{345.0, 138.0, 13.8}",green,HELIX 1,3,wind,Walla Walla,Washington
POINT (-120.2098 45.6525),100.500001,100.5,9.999999974752427e-07,"{138.0, 18.0}",green,ARLINGTON 4,3,wind,Gilliam,Oregon
POINT (-119.2988 45.9402),697.2700050000001,697.27,5.000000101063051e-06,"{1.0, 138.0, 13.8, 18.0, 345.0, 765.0}",blue,UMATILLA 2,11,hydro,Benton,Washington
POINT (-117.8163 45.0852),0.0,0.0,0.0,"{345.0, 138.0, 20.0}",green,UNION 2,3,wind,Union,Oregon
POINT (-120.5042 45.5836),297.500002,297.5,1.9999999949504854e-06,"{24.0, 345.0, 138.0, 13.8}",green,WASCO 1,4,wind,Sherman,Oregon
POINT (-122.2511 44.7224),37.310001,37.31,9.999999974752427e-07,"{345.0, 138.0}",blue,LOWELL 1,4,hydro,Marion,Oregon
POINT (-122.9627 45.2879),43.900002,43.9,2.0000000020559128e-06,"{1.0, 138.0, 13.8}",yellow,NEWBERG 3,4,solar,Yamhill,Oregon
POINT (-120.6941 45.7164),1372.160013,1372.16,1.2999999853491317e-05,"{138.0, 13.8, 13.2, 18.0, 345.0, 765.0}",blue,THE DALLES 2,10,hydro,Klickitat,Washington
POINT (-119.3133 45.794),689.4000020000001,689.4000000000001,1.9999999949504854e-06,"{138.0, 13.8, 18.0, 345.0, 765.0}",orange,HERMISTON 3,6,ng,Umatilla,Oregon
POINT (-123.4066 46.154),29.350001,29.35,9.999999974752427e-07,{138.0},yellow,CLATSKANIE 3,1,solar,Clatsop,Oregon
POINT (-122.4238 43.7107),19.110002,19.11,2.0000000020559128e-06,{138.0},blue,LOWELL 2,1,hydro,Lane,Oregon
POINT (-120.2794 45.2766),44.140002,44.14,2.0000000020559128e-06,"{138.0, 13.8}",green,CONDON,2,wind,Gilliam,Oregon
POINT (-120.6034 45.6537),409.580004,409.58,3.999999989900971e-06,"{345.0, 138.0, 18.0, 13.8}",green,WASCO 2,6,wind,Sherman,Oregon
POINT (-121.8144 42.1727),58.8,58.8,0.0,{138.0},orange,KLAMATH FALLS 4,1,ng,Klamath,Oregon
POINT (-121.2773 44.6058),192.240002,192.24,1.9999999949504854e-06,"{138.0, 13.8, 18.0, 345.0, 765.0}",blue,MADRAS 2,6,hydro,Jefferson,Oregon
POINT (-120.5744 45.52),60.820001,60.82,9.999999974752427e-07,"{138.0, 18.0}",green,MORO,3,wind,Sherman,Oregon
POINT (-122.2439 44.1307),22.900002,22.9,2.0000000020559128e-06,"{1.0, 138.0, 13.8}",blue,LOWELL 3,5,hydro,Lane,Oregon
POINT (-119.37 45.8042),621.200002,621.2,1.9999999949504854e-06,"{345.0, 138.0, 18.0, 13.8}",orange,HERMISTON 4,6,ng,Umatilla,Oregon
POINT (-116.835 44.9716),80.510002,80.50999999999999,2.00000000916134e-06,"{345.0, 138.0, 18.0, 1.0}",blue,OXBOW 1,5,hydro,Baker,Oregon
POINT (-123.4156 43.0895),31.920005,31.92,4.9999999980343546e-06,"{345.0, 138.0}",yellow,DEXTER 2,2,solar,Douglas,Oregon
POINT (-119.6739 45.848),266.300001,266.3,9.999999974752427e-07,"{138.0, 13.8}",orange,BOARDMAN 2,4,ng,Morrow,Oregon
POINT (-121.8106 42.1739),334.340002,334.34,2.0000000517939043e-06,"{1.0, 138.0, 13.8, 18.0, 22.0, 345.0, 765.0}",orange,KLAMATH FALLS 5,8,ng,Klamath,Oregon
POINT (-122.9555 44.0569),37.290003,37.290000000000006,2.999999992425728e-06,"{1.0, 138.0, 13.8, 13.2, 345.0}",yellow,SPRINGFIELD 5,7,solar,Lane,Oregon
POINT (-120.3183 45.6758),69.480001,69.48,9.999999974752427e-07,"{138.0, 20.0}",green,ARLINGTON 5,2,wind,Gilliam,Oregon
POINT (-123.9319 44.6119),18.650001,18.65,1.0000000010279564e-06,"{345.0, 138.0}",yellow,TOLEDO 2,2,solar,Lincoln,Oregon
POINT (-118.66 45.9362),18.440001,18.44,9.999999974752427e-07,{138.0},green,HELIX 2,1,wind,Umatilla,Oregon
POINT (-119.9914 45.6533),72.000001,72.0,9.999999974752427e-07,{138.0},green,IONE 2,2,wind,Morrow,Oregon
POINT (-122.0699 45.122),55.590002999999996,55.589999999999996,2.9999999995311555e-06,"{138.0, 13.8}",blue,ESTACADA 2,4,hydro,Clackamas,Oregon
POINT (-122.7531 43.9153),90.500006,90.5,5.999999999062311e-06,"{138.0, 13.8, 18.0, 24.0, 345.0, 765.0}",blue,LOWELL 4,9,hydro,Lane,Oregon
POINT (-120.2008 45.7167),103.000001,103.0,9.999999974752427e-07,"{138.0, 13.8}",green,ARLINGTON 6,3,wind,Gilliam,Oregon
POINT (-122.28 45.2433),14.620001,14.62,1.0000000010279564e-06,"{345.0, 138.0}",blue,ESTACADA 3,2,hydro,Clackamas,Oregon
POINT (-116.7008 45.2439),203.70000199999998,203.7,1.9999999949504854e-06,"{138.0, 13.2, 18.0, 345.0, 765.0}",blue,OXBOW 2,6,hydro,Wallowa,Oregon
POINT (-122.4728 43.2939),23.860002,23.86,2.0000000020559128e-06,{138.0},blue,IDLEYLD PARK 1,1,hydro,Douglas,Oregon
POINT (-122.4098 43.2669),12.170001,12.17,9.999999992515995e-07,"{1.0, 138.0, 13.8}",blue,IDLEYLD PARK 2,4,hydro,Douglas,Oregon
POINT (-118.5914 45.8992),65.410001,65.41,9.999999974752427e-07,"{138.0, 13.8}",green,ATHENA,6,wind,Umatilla,Oregon
POINT (-122.514 42.7312),21.260002,21.259999999999998,2.0000000020559128e-06,"{138.0, 13.8}",blue,PROSPECT,3,hydro,Jackson,Oregon
POINT (-119.4181 45.7286),7.520001,7.52,1.000000000139778e-06,{138.0},green,ECHO,2,wind,Umatilla,Oregon
POINT (-120.2598 45.651),171.490002,171.49,1.9999999949504854e-06,"{345.0, 138.0, 13.8}",green,ARLINGTON 7,4,wind,Gilliam,Oregon
POINT (-121.1346 45.614),779.600007,779.5999999999999,7.000000096013537e-06,"{1.0, 138.0, 13.8, 22.0, 24.0, 345.0, 765.0}",blue,THE DALLES 3,12,hydro,Klickitat,Washington
POINT (-122.85 42.4361),20.330002,20.33,2.0000000020559128e-06,{138.0},yellow,WHITE CITY 2,1,solar,Jackson,Oregon
POINT (-122.2494 43.3558),32.000001,32.0,9.999999974752427e-07,{138.0},blue,IDLEYLD PARK 3,1,hydro,Douglas,Oregon
POINT (-120.48 45.51),94.340001,94.34,9.999999974752427e-07,{138.0},green,WASCO 3,3,wind,Sherman,Oregon
POINT (-118.591 45.943),84.100002,84.1,2.00000000916134e-06,"{1.0, 138.0, 13.8, 22.0, 345.0}",green,MILTON FREEWATER 2,8,wind,Umatilla,Oregon
POINT (-123.1739 46.1724),537.0,537.0,0.0,"{345.0, 138.0, 765.0}",orange,CLATSKANIE 4,5,ng,Columbia,Oregon
POINT (-122.5494 44.4494),86.250004,86.25,4.0000000041118255e-06,"{345.0, 138.0, 13.8, 1.0}",blue,LOWELL 5,5,hydro,Linn,Oregon
POINT (-122.6772 42.6717),43.760002,43.760000000000005,1.9999999949504854e-06,{138.0},blue,TRAIL,1,hydro,Jackson,Oregon
POINT (-122.4475 43.2727),31.220003,31.22,2.9999999995311555e-06,"{345.0, 138.0, 13.8, 13.2}",blue,IDLEYLD PARK 4,4,hydro,Douglas,Oregon
POINT (-120.593 45.571),71.640002,71.64,1.9999999949504854e-06,"{138.0, 18.0, 13.8}",green,WASCO 4,3,wind,Sherman,Oregon
POINT (-121.2314 44.6944),57.750001999999995,57.75,1.9999999949504854e-06,{138.0},blue,MADRAS 3,1,hydro,Jefferson,Oregon
POINT (-122.0832 45.4817),13.790001,13.79,1.0000000010279564e-06,"{138.0, 22.0}",blue,SANDY 2,2,hydro,Multnomah,Oregon
POINT (-121.941 45.6441),513.7700050000001,513.77,5.000000101063051e-06,"{138.0, 13.8, 18.0, 24.0, 345.0, 765.0}",blue,CASCADE LOCKS,9,hydro,Multnomah,Oregon
POINT (-119.674 45.848),143.5,143.5,0.0,"{345.0, 138.0, 18.0, 13.8}",orange,BOARDMAN 3,4,ng,Morrow,Oregon
POINT (-122.4025 43.2806),38.500001,38.5,9.999999974752427e-07,"{138.0, 13.8}",blue,IDLEYLD PARK 5,2,hydro,Douglas,Oregon
POINT (-120.1739 45.2881),459.240005,459.24,4.9999999873762135e-06,"{138.0, 13.8, 18.0, 22.0, 345.0, 765.0}",green,ARLINGTON 8,6,wind,Gilliam,Oregon
POINT (-117.4681 44.0231),33.720003999999996,33.72,3.999999997006398e-06,{138.0},yellow,VALE 2,2,solar,Malheur,Oregon
POINT (-123.172 46.1789),483.0,483.0,0.0,"{1.0, 138.0, 13.8, 18.0, 345.0}",orange,CLATSKANIE 5,6,ng,Columbia,Oregon
POINT (-119.8088 45.6932),642.200004,642.2,3.999999989900971e-06,"{345.0, 138.0, 13.8, 765.0}",gray,BOARDMAN 4,5,coal,Morrow,Oregon
POINT (-120.3245 38.9827),72.700002,72.7,1.9999999949504854e-06,"{345.0, 138.0, 13.8, 1.0}",blue,POLLOCK PINES 2,5,hydro,El Dorado,California
POINT (-121.3933 38.6527),77.0,77.0,0.0,"{345.0, 138.0}",orange,MCCLELLAN,3,ng,Sacramento,California
POINT (-121.8036 40.8981),42.410001,42.41,1.00000000458067e-06,"{345.0, 138.0, 20.0}",green,BURNEY 1,3,wind,Shasta,California
POINT (-121.2494 40.0074),85.300001,85.3,9.999999974752427e-07,"{138.0, 13.8}",blue,BELDEN,2,hydro,Plumas,California
POINT (-122.27 39.3661),741.010002,741.01,1.9999999949504854e-06,"{138.0, 13.8, 18.0, 22.0, 24.0, 345.0, 765.0}",orange,MAXWELL,8,ng,Colusa,California
POINT (-122.7195 38.752),0.0,0.0,0.0,{138.0},yellow,MIDDLETOWN 1,1,solar,Sonoma,California
POINT (-122.7677 38.8348),63.540003,63.54,2.9999999995311555e-06,"{138.0, 13.8}",yellow,COBB,3,solar,Lake,California
POINT (-120.7874 38.7653),124.750002,124.75,1.9999999949504854e-06,"{1.0, 138.0, 13.8, 13.2, 22.0, 345.0, 765.0}",blue,CAMINO,8,hydro,El Dorado,California
POINT (-121.9752 40.9923),124.73000199999998,124.72999999999999,1.9999999949504854e-06,"{138.0, 13.2, 20.0, 345.0, 765.0}",blue,MONTGOMERY CREEK 1,7,hydro,Shasta,California
POINT (-121.7481 40.9974),33.870002,33.87,2.0000000020559128e-06,{138.0},blue,BURNEY 2,1,hydro,Shasta,California
POINT (-121.3452 39.9052),125.300002,125.3,2.00000000916134e-06,"{1.0, 138.0, 13.8, 18.0, 345.0}",blue,STRAWBERRY VALLEY 1,6,hydro,Plumas,California
POINT (-121.4097 39.8259),68.800003,68.80000000000001,2.999999992425728e-06,{138.0},blue,STRAWBERRY VALLEY 2,1,hydro,Butte,California
POINT (-121.6961 39.0529),66.0,66.0,0.0,"{138.0, 18.0}",orange,YUBA CITY 5,4,ng,Sutter,California
POINT (-120.5371 38.8288),159.22000400000002,159.22,4.00000001832268e-06,"{345.0, 138.0, 13.8, 1.0}",blue,POLLOCK PINES 3,4,hydro,El Dorado,California
POINT (-121.3811 38.7928),164.010001,164.01,9.999999974752427e-07,"{345.0, 138.0, 13.8, 1.0}",orange,ROSEVILLE 7,4,ng,Placer,California
POINT (-121.0985 38.8899),23.220002,23.22,2.0000000020559128e-06,"{138.0, 20.0, 13.8}",blue,AUBURN 9,4,hydro,Placer,California
POINT (-120.4443 38.8643),32.690001,32.69,1.00000000458067e-06,{138.0},blue,POLLOCK PINES 4,1,hydro,El Dorado,California
POINT (-122.2792 40.4283),48.140003,48.14,2.9999999995311555e-06,"{138.0, 13.8}",yellow,ANDERSON 2,3,solar,Shasta,California
POINT (-122.7626 40.7973),64.430001,64.43,9.999999974752427e-07,"{345.0, 138.0}",blue,REDDING 7,2,hydro,Trinity,California
POINT (-121.8494 40.9864),79.870002,79.87,1.9999999949504854e-06,{138.0},blue,BIG BEND 1,2,hydro,Shasta,California
POINT (-121.4624 38.4457),125.5,125.5,0.0,"{345.0, 138.0}",orange,ELK GROVE 7,2,ng,Sacramento,California
POINT (-121.3277 39.9106),72.600003,72.6,3.000000006636583e-06,{138.0},blue,STRAWBERRY VALLEY 3,1,hydro,Plumas,California
POINT (-120.2648 40.3683),0.0,0.0,0.0,"{138.0, 18.0}",yellow,WENDEL,3,solar,Lassen,California
POINT (-121.85 38.12),0.0,0.0,0.0,"{345.0, 138.0, 13.8}",green,RIO VISTA 2,4,wind,Solano,California
POINT (-121.9908 40.8475),113.24000600000001,113.24000000000001,5.999999999062311e-06,"{138.0, 13.8, 18.0, 20.0, 345.0}",blue,MONTGOMERY CREEK 2,7,hydro,Shasta,California
POINT (-121.2704 39.239),50.620003,50.62,2.9999999995311555e-06,{138.0},blue,BROWNS VALLEY,2,hydro,Yuba,California
POINT (-121.1494 40.086),58.950001,58.95,9.999999974752427e-07,"{345.0, 138.0, 18.0, 13.8}",blue,MEADOW VALLEY 1,5,hydro,Plumas,California
POINT (-121.4698 39.7229),115.840002,115.84,1.9999999949504854e-06,"{345.0, 138.0}",blue,STRAWBERRY VALLEY 4,3,hydro,Butte,California
POINT (-121.2041 39.5538),63.800002,63.8,2.0000000020559128e-06,"{138.0, 18.0, 13.8}",blue,FORBESTOWN 1,3,hydro,Butte,California
POINT (-121.1482 40.0855),39.750002,39.75,2.0000000020559128e-06,{138.0},blue,MEADOW VALLEY 2,2,hydro,Plumas,California
POINT (-122.4223 40.7175),352.610004,352.61,3.999999989900971e-06,"{138.0, 13.8, 24.0, 345.0, 765.0}",blue,REDDING 8,9,hydro,Shasta,California
POINT (-121.1584 38.7067),175.57000499999998,175.57,4.9999999873762135e-06,"{345.0, 138.0, 13.8, 1.0}",blue,FOLSOM 3,4,hydro,Sacramento,California
POINT (-121.7371 38.6905),0.0,0.0,0.0,"{345.0, 138.0, 22.0, 1.0}",yellow,WOODLAND 5,5,solar,Yolo,California
POINT (-120.3783 38.8965),30.440002,30.439999999999998,2.0000000020559128e-06,"{1.0, 138.0, 13.8}",blue,POLLOCK PINES 5,5,hydro,El Dorado,California
POINT (-120.767 39.2574),12.780002,12.780000000000001,1.999999998503199e-06,"{345.0, 138.0, 20.0, 1.0}",blue,ALTA 1,5,hydro,Placer,California
POINT (-122.3581 41.9757),52.90000499999999,52.9,4.999999994481641e-06,"{345.0, 138.0}",blue,HORNBROOK,3,hydro,Siskiyou,California
POINT (-120.5964 39.0248),105.500002,105.5,1.9999999949504854e-06,"{345.0, 138.0, 18.0, 1.0}",blue,FORESTHILL 2,5,hydro,Placer,California
POINT (-121.6959 39.0531),424.000002,424.0,1.9999999949504854e-06,"{1.0, 138.0, 13.8, 345.0, 765.0}",orange,YUBA CITY 6,9,ng,Sutter,California
POINT (-124.1949 40.8054),58.640004999999995,58.64,4.999999994481641e-06,{138.0},yellow,SAMOA,2,solar,Humboldt,California
POINT (-120.8352 39.2184),12.950001,12.95,1.0000000010279564e-06,"{138.0, 13.8}",blue,DUTCH FLAT,2,hydro,Nevada,California
POINT (-121.4922 39.543),298.850004,298.85,3.999999989900971e-06,"{138.0, 13.8, 18.0, 345.0, 765.0}",blue,OROVILLE 5,10,hydro,Butte,California
POINT (-122.7117 38.7492),106.050003,106.04999999999998,3.0000000208474376e-06,"{138.0, 18.0, 13.8}",yellow,MIDDLETOWN 2,4,solar,Sonoma,California
POINT (-122.7219 38.7881),0.0,0.0,0.0,{138.0},yellow,MIDDLETOWN 3,2,solar,Lake,California
POINT (-121.6397 39.1365),49.5,49.5,0.0,"{345.0, 138.0}",orange,YUBA CITY 7,2,ng,Sutter,California
POINT (-120.7251 39.001),53.930001,53.93,9.999999974752427e-07,{138.0},blue,FORESTHILL 3,1,hydro,Placer,California
POINT (-121.6093 39.1093),47.0,47.0,0.0,"{138.0, 18.0}",orange,YUBA CITY 8,4,ng,Sutter,California
POINT (-121.6387 39.1392),47.3,47.3,0.0,"{138.0, 13.8}",orange,YUBA CITY 9,3,ng,Sutter,California
POINT (-122.4464 40.6119),59.390002,59.39,2.0000000020559128e-06,{138.0},blue,REDDING 9,1,hydro,Shasta,California
POINT (-122.7434 38.7879),116.51000200000001,116.51,2.00000000916134e-06,{138.0},yellow,MIDDLETOWN 4,2,solar,Lake,California
POINT (-121.124 38.3385),530.01,530.01,0.0,"{138.0, 13.8, 18.0, 22.0, 345.0, 765.0}",orange,HERALD,6,ng,Sacramento,California
POINT (-121.6398 39.1367),49.000001,49.0,9.999999974752427e-07,{138.0},orange,YUBA CITY 10,1,ng,Sutter,California
POINT (-121.1907 40.1757),40.000001,40.0,9.999999974752427e-07,{138.0},blue,MEADOW VALLEY 3,1,hydro,Plumas,California
POINT (-122.7559 38.7903),78.000001,78.0,9.999999974752427e-07,"{138.0, 13.8}",yellow,MIDDLETOWN 5,2,solar,Sonoma,California
POINT (-121.7203 40.8797),53.990003,53.99,2.9999999995311555e-06,{138.0},yellow,BURNEY 3,1,solar,Shasta,California
POINT (-122.4675 40.6281),53.690001,53.69,1.00000000458067e-06,"{345.0, 138.0, 13.8}",blue,REDDING 10,4,hydro,Shasta,California
POINT (-122.627 40.6469),130.420002,130.42000000000002,1.9999999949504854e-06,"{24.0, 345.0, 138.0, 13.8}",blue,REDDING 11,4,hydro,Shasta,California
POINT (-122.745 38.777),733.7100069999999,733.7099999999999,6.999999982326699e-06,"{138.0, 13.8, 18.0, 345.0, 765.0}",yellow,MIDDLETOWN 6,10,solar,Sonoma,California
POINT (-121.9929 40.9226),76.290002,76.28999999999999,2.00000000916134e-06,{138.0},blue,MONTGOMERY CREEK 3,2,hydro,Shasta,California
POINT (-120.9092 39.9412),38.440003999999995,38.440000000000005,3.999999989900971e-06,{138.0},yellow,QUINCY 3,1,solar,Plumas,California
POINT (-122.4233 40.5073),122.059999,122.06,9.999999974752427e-07,"{1.0, 138.0, 13.8, 18.0, 345.0}",orange,REDDING 12,7,ng,Shasta,California
POINT (-120.8909 39.1779),47.390001999999996,47.39,1.9999999949504854e-06,"{1.0, 138.0, 13.8}",blue,COLFAX 3,4,hydro,Nevada,California
POINT (-121.4001 38.5309),99.6,99.6,0.0,"{1.0, 138.0, 13.8, 345.0, 765.0}",orange,SACRAMENTO 36,6,ng,Sacramento,California
POINT (-121.3097 38.9032),51.910004,51.91,4.0000000041118255e-06,"{138.0, 18.0, 13.8}",yellow,LINCOLN 3,5,solar,Placer,California
POINT (-121.6301 39.5149),47.910002000000006,47.91,2.00000000916134e-06,{138.0},blue,OROVILLE 6,1,hydro,Butte,California
POINT (-121.2788 39.551),0.0,0.0,0.0,"{138.0, 13.8}",blue,FORBESTOWN 2,3,hydro,Butte,California
POINT (-121.4735 38.511),173.9,173.9,0.0,{138.0},orange,SACRAMENTO 37,2,ng,Sacramento,California
POINT (-121.4982 40.9908),64.880004,64.88000000000001,3.999999989900971e-06,"{345.0, 138.0}",blue,BURNEY 4,3,hydro,Shasta,California
POINT (-122.2014 40.1519),23.19,23.19,0.0,{138.0},orange,RED BLUFF 3,2,ng,Tehama,California
POINT (-124.2103 40.7415),139.14999999999998,139.14999999999998,0.0,"{345.0, 138.0, 765.0}",orange,EUREKA 3,4,ng,Humboldt,California
POINT (-120.7674 39.2569),22.640002000000003,22.64,2.0000000020559128e-06,{138.0},blue,ALTA 2,1,hydro,Placer,California
POINT (-121.9776 40.9862),101.84000400000001,101.84,4.0000000041118255e-06,"{138.0, 13.8}",blue,BIG BEND 2,4,hydro,Shasta,California
POINT (-120.5318 38.834),121.94000199999999,121.94,1.9999999949504854e-06,"{138.0, 13.8, 22.0}",blue,POLLOCK PINES 6,3,hydro,El Dorado,California
POINT (-121.1917 39.3308),124.180001,124.18,9.999999974752427e-07,"{345.0, 138.0, 18.0, 13.8}",blue,DOBBINS,4,hydro,Yuba,California
POINT (-121.765 38.0169),827.999991,828.0,8.999999977277184e-06,"{138.0, 13.8, 13.2, 18.0, 345.0, 765.0}",orange,ANTIOCH 5,7,ng,Contra Costa,California
POINT (-121.769 38.1164),168.610004,168.61,3.999999989900971e-06,"{138.0, 13.8, 18.0, 20.0, 345.0}",green,BIRDS LANDING 1,7,wind,Solano,California
POINT (-121.8439 38.0169),707.639997,707.64,2.999999992425728e-06,"{1.0, 138.0, 13.8, 18.0, 345.0}",orange,PITTSBURG 4,8,ng,Contra Costa,California
POINT (-121.6516 37.7341),338.790007,338.78999999999996,7.000000039170118e-06,"{345.0, 138.0, 18.0, 13.8}",green,LIVERMORE 5,6,wind,Alameda,California
POINT (-121.7587 38.0175),619.710002,619.71,1.9999999949504854e-06,"{345.0, 138.0, 13.8}",orange,ANTIOCH 6,6,ng,Contra Costa,California
POINT (-121.9508 37.3767),167.489999,167.49,9.999999974752427e-07,"{345.0, 138.0}",orange,SANTA CLARA 6,3,ng,Santa Clara,California
POINT (-121.7963 37.2444),55.299999,55.3,9.999999974752427e-07,"{138.0, 13.8}",gray,SAN JOSE 45,2,coal,Santa Clara,California
POINT (-122.1763 37.4298),52.800000999999995,52.8,9.999999974752427e-07,"{1.0, 138.0, 13.8, 18.0, 345.0}",orange,STANFORD 2,7,ng,Santa Clara,California
POINT (-121.5367 37.0001),64.999999,65.0,9.999999974752427e-07,{138.0},orange,GILROY 3,2,ng,Santa Clara,California
POINT (-121.8945 38.0392),666.482475,935.94,269.45752500000003,"{1.0, 138.0, 13.8, 345.0, 765.0}",orange,PITTSBURG 5,8,ng,Contra Costa,California
POINT (-121.873 38.0301),678.300003,678.3,2.999999992425728e-06,"{345.0, 138.0, 13.8, 22.0}",orange,PITTSBURG 6,5,ng,Contra Costa,California
POINT (-122.2344 38.0181),0.0,0.0,0.0,{138.0},yellow,RODEO 1,1,solar,Contra Costa,California
POINT (-121.8433 38.2268),141.0,141.0,0.0,"{345.0, 138.0}",orange,SUISUN CITY 3,5,ng,Solano,California
POINT (-121.6019 37.7892),149.7,149.7,0.0,"{345.0, 138.0, 13.8}",orange,BYRON,4,ng,Alameda,California
POINT (-122.2819 37.7968),149.000001,149.0,9.999999974752427e-07,"{1.0, 138.0, 13.8, 18.0, 345.0}",gray,OAKLAND 19,9,coal,Alameda,California
POINT (-121.924 38.3989),60.5,60.5,0.0,{138.0},orange,VACAVILLE 5,2,ng,Solano,California
POINT (-121.7907 38.0144),47.0,47.0,0.0,{138.0},orange,ANTIOCH 7,1,ng,Contra Costa,California
POINT (-121.8053 38.1381),185.440003,185.44,2.999999992425728e-06,"{345.0, 138.0}",green,BIRDS LANDING 2,3,wind,Solano,California
POINT (-121.8461 38.1711),110.830001,110.83,9.999999974752427e-07,"{345.0, 138.0, 13.8}",green,BIRDS LANDING 3,5,wind,Solano,California
POINT (-121.7457 37.2207),635.0100010000001,635.01,1.0000001111620804e-06,"{1.0, 138.0, 13.8, 18.0, 345.0, 765.0}",orange,COYOTE,8,ng,Santa Clara,California
POINT (-121.8469 38.1694),0.0,0.0,0.0,"{138.0, 13.8}",green,BIRDS LANDING 4,2,wind,Solano,California
POINT (-122.1411 38.0736),98.0,98.0,0.0,{138.0},orange,BENICIA 3,4,ng,Solano,California
POINT (-122.0589 38.0244),113.49,113.49,0.0,"{345.0, 138.0}",orange,MARTINEZ 3,2,ng,Contra Costa,California
POINT (-121.4906 37.7107),336.09000100000003,336.09000000000003,9.999999974752427e-07,"{345.0, 138.0, 13.8}",orange,TRACY 4,5,ng,San Joaquin,California
POINT (-122.2889 37.7886),54.8,54.8,0.0,"{1.0, 138.0, 18.0, 13.8}",orange,ALAMEDA 4,11,ng,Alameda,California
POINT (-121.8219 38.1167),52.680001,52.68,9.999999974752427e-07,{138.0},green,BIRDS LANDING 5,1,wind,Solano,California
POINT (-122.1117 38.0169),99.99,99.99,0.0,"{138.0, 18.0, 13.8}",orange,MARTINEZ 4,3,ng,Contra Costa,California
POINT (-121.9436 37.3617),35.720000999999996,35.72,9.999999974752427e-07,{138.0},gray,SANTA CLARA 7,2,coal,Santa Clara,California
POINT (-122.2161 38.0569),247.400001,247.4,9.999999974752427e-07,"{1.0, 138.0, 13.8, 24.0, 345.0}",orange,CROCKETT,5,ng,Contra Costa,California
POINT (-122.1338 37.6347),654.990004,654.99,3.999999989900971e-06,"{138.0, 13.8, 18.0, 345.0, 765.0}",orange,HAYWARD 8,6,ng,Alameda,California
POINT (-121.9319 37.425),183.66,183.66,0.0,"{24.0, 345.0, 138.0, 13.8}",orange,SAN JOSE 46,9,ng,Santa Clara,California
POINT (-121.7181 37.7908),106.890002,106.89,1.9999999949504854e-06,"{345.0, 138.0}",green,LIVERMORE 6,2,wind,Contra Costa,California
POINT (-121.5363 36.999),135.0,135.0,0.0,"{1.0, 138.0, 13.8, 18.0, 345.0}",orange,GILROY 4,9,ng,Santa Clara,California
POINT (-122.3909 37.9418),155.6,155.6,0.0,"{345.0, 138.0}",orange,EL SOBRANTE 2,2,ng,Contra Costa,California
POINT (-122.2583 38.0417),18.3,18.3,0.0,"{24.0, 138.0, 13.8}",orange,RODEO 2,3,ng,Contra Costa,California
POINT (-121.9687 37.401),64.6,64.6,0.0,{138.0},orange,SANTA CLARA 8,1,ng,Santa Clara,California
POINT (-121.8553 38.1375),70.010001,70.01,9.999999974752427e-07,"{138.0, 18.0}",green,BIRDS LANDING 6,2,wind,Solano,California
POINT (-119.9044 36.2397),97.999999,98.0,9.999999974752427e-07,"{345.0, 138.0, 13.8, 1.0}",orange,LEMOORE 3,5,ng,Kings,California
POINT (-121.3869 38.0881),77.4,77.4,0.0,{138.0},orange,LODI 4,2,ng,San Joaquin,California
POINT (-120.0341 38.2467),77.64000300000001,77.64,3.000000006636583e-06,"{345.0, 138.0, 13.8, 1.0}",blue,PINECREST,5,hydro,Tuolumne,California
POINT (-120.6699 38.331),14.910002,14.91,2.000000000279556e-06,"{345.0, 138.0}",blue,JACKSON 2,4,hydro,Amador,California
POINT (-120.2993 37.8094),42.090001,42.09,9.999999974752427e-07,{138.0},blue,MERCED 6,1,hydro,Tuolumne,California
POINT (-119.8339 36.2478),50.25000299999999,50.25,2.999999992425728e-06,{138.0},yellow,LEMOORE 4,2,solar,Kings,California
POINT (-120.5833 36.6514),431.999998,432.0,1.9999999949504854e-06,"{138.0, 13.8, 20.0, 22.0, 345.0, 765.0}",orange,SAN JOAQUIN 1,7,ng,Fresno,California
POINT (-119.558 37.0718),147.88000499999998,147.88,4.9999999873762135e-06,"{345.0, 138.0, 18.0, 13.8}",blue,AUBERRY 1,7,hydro,Fresno,California
POINT (-117.7917 36.0192),78.42000300000001,78.42,3.000000006636583e-06,{138.0},yellow,INYOKERN 1,2,solar,Inyo,California
POINT (-119.4353 35.8983),101.910004,101.91,4.0000000041118255e-06,"{345.0, 138.0, 18.0, 13.8}",yellow,ALPAUGH,6,solar,Tulare,California
POINT (-119.4898 37.139),70.020002,70.02,2.00000000916134e-06,{138.0},blue,NORTH FORK 1,1,hydro,Madera,California
POINT (-119.1588 36.8882),15.370001,15.37,1.0000000010279564e-06,{138.0},blue,FRESNO 22,2,hydro,Fresno,California
POINT (-120.985 37.5744),223.479999,223.48,9.999999974752427e-07,"{345.0, 138.0}",orange,MODESTO 10,2,ng,Stanislaus,California
POINT (-119.3866 37.1485),93.380003,93.38,3.000000006636583e-06,{138.0},blue,AUBERRY 2,1,hydro,Fresno,California
POINT (-120.1103 35.9831),25.880002,25.88,2.0000000020559128e-06,"{138.0, 18.0}",yellow,AVENAL 2,3,solar,Kings,California
POINT (-120.8408 35.9359),38.2,38.2,0.0,{138.0},orange,SAN ARDO 1,3,ng,Monterey,California
POINT (-121.3238 38.8107),54.8,54.8,0.0,{138.0},orange,LODI 5,1,ng,Placer,California
POINT (-119.0203 36.9274),67.500001,67.5,9.999999974752427e-07,{138.0},blue,FRESNO 23,1,hydro,Fresno,California
POINT (-119.2396 37.2042),85.060005,85.06,5.000000001587068e-06,"{1.0, 138.0, 13.8, 20.0, 24.0}",blue,BIG CREEK 1,9,hydro,Fresno,California
POINT (-121.1278 36.225),133.2,133.2,0.0,"{345.0, 138.0}",orange,KING CITY 2,2,ng,Monterey,California
POINT (-117.7981 36.0372),24.870001,24.87,9.999999974752427e-07,"{345.0, 138.0, 18.0, 13.8}",yellow,INYOKERN 2,5,solar,Inyo,California
POINT (-118.5692 37.51),27.450001,27.45,1.0000000010279564e-06,"{24.0, 138.0}",blue,BISHOP 2,2,hydro,Mono,California
POINT (-119.9675 37.8966),60.590001,60.59,9.999999974752427e-07,"{345.0, 138.0}",blue,GROVELAND 1,2,hydro,Tuolumne,California
POINT (-121.116 37.7315),60.5,60.5,0.0,"{345.0, 138.0, 13.8, 1.0}",orange,RIPON 2,5,ng,San Joaquin,California
POINT (-119.5522 36.6842),85.2,85.2,0.0,"{345.0, 138.0}",orange,SANGER 3,2,ng,Fresno,California
POINT (-119.9532 37.8777),98.27000299999999,98.27,2.999999992425728e-06,{138.0},blue,GROVELAND 2,1,hydro,Tuolumne,California
POINT (-120.9314 37.6294),142.399999,142.4,9.999999974752427e-07,{138.0},gray,MODESTO 11,2,coal,Stanislaus,California
POINT (-120.9044 37.4903),73.8,73.8,0.0,"{138.0, 13.8}",orange,TURLOCK 4,3,ng,Stanislaus,California
POINT (-119.3289 37.2096),33.780001,33.78,9.999999974752427e-07,{138.0},blue,BIG CREEK 2,1,hydro,Fresno,California
POINT (-121.0772 37.0692),70.670001,70.67,9.999999974752427e-07,"{345.0, 138.0, 13.8, 1.0}",blue,GUSTINE,5,hydro,Merced,California
POINT (-119.5733 36.1383),29.660002,29.659999999999997,2.0000000020559128e-06,"{138.0, 18.0, 13.8}",yellow,CORCORAN 2,4,solar,Kings,California
POINT (-118.557 37.4379),28.550001,28.55,1.0000000010279564e-06,{138.0},blue,BISHOP 3,2,hydro,Inyo,California
POINT (-120.2908 36.6175),32.790002,32.79,2.0000000020559128e-06,"{345.0, 138.0, 13.8, 1.0}",yellow,TRANQUILLITY,5,solar,Fresno,California
POINT (-120.4926 38.4493),0.0,0.0,0.0,{138.0},blue,PIONEER 2,2,hydro,Amador,California
POINT (-119.3068 37.2001),92.86000200000001,92.86,2.00000000916134e-06,{138.0},blue,BIG CREEK 3,2,hydro,Fresno,California
POINT (-121.7822 36.8048),1647.1121259999998,2100.0,452.88787400000024,"{138.0, 13.8, 18.0, 22.0, 345.0, 765.0}",orange,MOSS LANDING,11,ng,Monterey,California
POINT (-117.7886 36.0019),78.370003,78.37,2.999999992425728e-06,{138.0},yellow,INYOKERN 3,1,solar,Inyo,California
POINT (-120.5783 36.6535),49.9,49.9,0.0,{138.0},orange,FIREBAUGH 2,3,ng,Fresno,California
POINT (-121.3304 37.9436),46.590003,46.59,2.9999999995311555e-06,"{345.0, 138.0}",yellow,STOCKTON 15,2,solar,San Joaquin,California
POINT (-118.59 37.546),32.640001,32.64,9.999999974752427e-07,"{345.0, 138.0, 22.0}",blue,BISHOP 4,4,hydro,Mono,California
POINT (-115.3503 35.7931),0.0,0.0,0.0,"{138.0, 13.8}",yellow,JEAN 1,3,solar,Clark,Nevada
POINT (-120.0998 36.617),82.59,82.59,0.0,"{24.0, 138.0, 13.8}",orange,SAN JOAQUIN 2,4,ng,Fresno,California
POINT (-121.2771 37.8062),46.0,46.0,0.0,"{138.0, 13.8}",orange,LATHROP 2,3,ng,San Joaquin,California
POINT (-121.1246 36.2248),47.299999,47.3,9.999999974752427e-07,{138.0},orange,KING CITY 3,1,ng,Monterey,California
POINT (-119.7404 36.6697),121.000001,121.0,9.999999974752427e-07,"{345.0, 138.0}",orange,FRESNO 24,3,ng,Fresno,California
POINT (-119.2567 37.1479),150.670001,150.67,1.0000000258969521e-06,"{345.0, 138.0, 13.8}",blue,SHAVER LAKE 1,3,hydro,Fresno,California
POINT (-118.9683 37.0293),989.110009,989.11,8.999999977277184e-06,"{1.0, 138.0, 13.8, 18.0, 24.0, 345.0, 765.0}",blue,SHAVER LAKE 2,9,hydro,Fresno,California
POINT (-121.116 37.7325),49.5,49.5,0.0,{138.0},orange,RIPON 3,1,ng,San Joaquin,California
POINT (-120.3885 36.1807),38.4,38.4,0.0,{138.0},orange,COALINGA 2,1,ng,Fresno,California
POINT (-120.3703 38.139),81.900001,81.9,9.999999974752427e-07,{138.0},blue,VALLECITO,2,hydro,Tuolumne,California
POINT (-119.6481 36.2701),92.2,92.2,0.0,"{345.0, 138.0, 22.0, 1.0}",orange,HANFORD 3,6,ng,Kings,California
POINT (-121.3875 38.0881),288.900001,288.9,9.999999974752427e-07,"{138.0, 13.8, 18.0, 345.0, 765.0}",orange,LODI 6,5,ng,San Joaquin,California
POINT (-119.327 36.8326),84.770002,84.77,2.00000000916134e-06,"{345.0, 138.0}",blue,FRESNO 25,2,hydro,Fresno,California
POINT (-120.0758 36.1381),62.220005,62.22,5.000000001587068e-06,{138.0},yellow,HURON,3,solar,Fresno,California
POINT (-120.3654 36.7559),8.830001,8.83,9.999999992515995e-07,{138.0},yellow,MENDOTA 2,1,solar,Fresno,California
POINT (-120.8956 37.4878),300.6,300.6,0.0,"{345.0, 138.0, 13.8, 765.0}",orange,TURLOCK 5,7,ng,Stanislaus,California
POINT (-120.5806 36.6529),60.5,60.5,0.0,{138.0},orange,FIREBAUGH 3,1,ng,Fresno,California
POINT (-120.5282 37.9469),241.62000499999996,241.61999999999998,4.9999999873762135e-06,"{138.0, 13.8, 18.0, 345.0, 765.0}",blue,TRACY 8,8,hydro,Calaveras,California
POINT (-119.3069 37.2),37.130003,37.13,2.9999999995311555e-06,"{1.0, 138.0, 18.0, 13.8}",blue,BIG CREEK 4,11,hydro,Fresno,California
POINT (-120.2686 37.5843),0.0,0.0,0.0,{138.0},blue,SNELLING,1,hydro,Mariposa,California
POINT (-120.8679 35.9515),38.9,38.9,0.0,"{138.0, 13.8}",orange,SAN ARDO 2,3,ng,Monterey,California
POINT (-121.0204 37.6526),157.0,157.0,0.0,"{1.0, 138.0, 13.8, 18.0, 345.0}",orange,MODESTO 12,9,ng,Stanislaus,California
POINT (-119.0876 36.9089),105.39000300000001,105.39,3.000000006636583e-06,"{1.0, 138.0, 13.8, 20.0, 345.0}",blue,FRESNO 26,7,hydro,Fresno,California
POINT (-120.2181 38.4979),33.810002,33.81,1.9999999949504854e-06,"{1.0, 138.0, 13.8}",blue,PIONEER 3,4,hydro,Amador,California
POINT (-119.338 37.2203),190.000002,190.0,1.9999999949504854e-06,"{345.0, 138.0}",blue,NORTH FORK 2,2,hydro,Madera,California
POINT (-120.2485 37.1073),8.270001,8.27,1.0000000010279564e-06,{138.0},orange,CHOWCHILLA 2,4,ng,Madera,California
POINT (-120.5797 36.6541),139.799999,139.8,9.999999974752427e-07,{138.0},orange,FIREBAUGH 4,1,ng,Fresno,California
POINT (-120.4202 37.696),92.270003,92.27,3.000000006636583e-06,"{345.0, 138.0, 13.8, 1.0}",blue,LA GRANGE,5,hydro,Tuolumne,California
POINT (-115.3561 35.6139),572.110006,688.41,116.29999399999997,"{1.0, 138.0, 13.8, 18.0, 345.0, 765.0}",orange,JEAN 2,11,ng,Clark,Nevada
POINT (-119.1689 34.1292),835.000006,835.0,5.999999984851456e-06,"{1.0, 138.0, 13.2, 13.8, 345.0, 765.0}",orange,OXNARD 9,8,ng,Ventura,California
POINT (-118.4612 34.9349),136.120001,136.12,9.999999974752427e-07,"{345.0, 138.0, 13.8}",green,ROSAMOND 2,3,wind,Kern,California
POINT (-118.2924 35.0609),60.000001,60.0,9.999999974752427e-07,{138.0},green,MOJAVE 1,1,wind,Kern,California
POINT (-118.2491 33.8759),27.9,27.9,0.0,"{138.0, 13.8}",orange,CARSON 5,3,ng,Los Angeles,California
POINT (-118.8519 35.3),0.0,0.0,0.0,{138.0},yellow,BAKERSFIELD 21,1,solar,Kern,California
POINT (-119.1667 34.196),68.700001,68.7,9.999999974752427e-07,{138.0},orange,OXNARD 10,3,ng,Ventura,California
POINT (-119.9166 35.3237),129.51000299999998,129.51,2.999999992425728e-06,"{345.0, 138.0, 18.0, 1.0}",yellow,SANTA MARGARITA 1,7,solar,San Luis Obispo,California
POINT (-118.4325 34.8914),103.160001,103.16,9.999999974752427e-07,"{345.0, 138.0, 13.8}",green,ROSAMOND 3,3,wind,Kern,California
POINT (-118.2282 33.777),31.900001,31.9,1.0000000010279564e-06,"{1.0, 138.0, 13.8}",yellow,CARSON 6,4,solar,Los Angeles,California
POINT (-118.2141 33.7684),57.4,57.4,0.0,{138.0},orange,LONG BEACH 24,2,ng,Los Angeles,California
POINT (-118.1754 35.248),0.0,0.0,0.0,"{1.0, 138.0, 13.8, 18.0, 345.0}",green,CANTIL,5,wind,Kern,California
POINT (-118.2953 35.0239),230.800002,230.8,1.9999999949504854e-06,"{138.0, 13.8, 18.0, 345.0, 765.0}",green,MOJAVE 2,5,wind,Kern,California
POINT (-117.5557 35.0122),71.970003,71.97,3.000000006636583e-06,"{345.0, 138.0, 13.8, 1.0}",yellow,BORON 1,5,solar,San Bernardino,California
POINT (-118.2448 33.8166),337.499999,337.5,9.999999974752427e-07,"{345.0, 138.0}",orange,CARSON 7,2,ng,Los Angeles,California
POINT (-117.9449 34.0089),500.0,500.0,0.0,"{345.0, 138.0, 765.0}",orange,LA PUENTE 5,4,ng,Los Angeles,California
POINT (-119.9001 34.4314),58.0,58.0,0.0,"{138.0, 20.0}",orange,GOLETA 3,4,ng,Santa Barbara,California
POINT (-118.4244 34.7803),0.0,0.0,0.0,"{345.0, 138.0, 13.8, 765.0}",yellow,LANCASTER 7,4,solar,Los Angeles,California
POINT (-118.148 34.1254),75.0,75.0,0.0,"{138.0, 13.8}",orange,PASADENA 7,2,ng,Los Angeles,California
POINT (-119.0062 35.5763),30.830001,30.83,1.0000000010279564e-06,{138.0},yellow,BAKERSFIELD 22,1,solar,Kern,California
POINT (-119.2469 34.2056),49.8,49.8,0.0,"{138.0, 13.8}",orange,OXNARD 11,3,ng,Ventura,California
POINT (-118.3345 34.9383),0.0,0.0,0.0,"{345.0, 138.0, 18.0}",yellow,ROSAMOND 4,5,solar,Kern,California
POINT (-118.2469 35.2608),74.430002,74.42999999999999,2.00000000916134e-06,{138.0},green,TEHACHAPI 3,1,wind,Kern,California
POINT (-118.2383 34.9003),15.990001,15.99,9.999999992515995e-07,{138.0},yellow,ROSAMOND 5,1,solar,Kern,California
POINT (-118.844 34.9556),778.999999,779.0,9.999999974752427e-07,"{138.0, 13.8, 24.0, 345.0, 765.0}",orange,LEBEC 1,9,ng,Kern,California
POINT (-119.0512 35.7415),0.0,0.0,0.0,"{138.0, 13.8}",gray,BAKERSFIELD 23,3,coal,Kern,California
POINT (-119.7375 35.4791),46.6,46.6,0.0,"{138.0, 18.0}",orange,TUPMAN 1,2,ng,Kern,California
POINT (-118.9617 35.4406),69.340002,69.34,1.9999999949504854e-06,{138.0},orange,BAKERSFIELD 24,1,ng,Kern,California
POINT (-118.3147 34.1772),60.5,60.5,0.0,{138.0},orange,BURBANK 8,1,ng,Los Angeles,California
POINT (-118.3167 35.0697),23.840001,23.84,1.0000000010279564e-06,{138.0},green,MOJAVE 3,1,wind,Kern,California
POINT (-118.9544 35.1028),21.870002,21.87,1.999999998503199e-06,{138.0},yellow,BAKERSFIELD 25,1,solar,Kern,California
POINT (-118.425 33.9106),537.400002,537.4,1.9999999949504854e-06,"{1.0, 138.0, 13.8, 18.0, 345.0}",orange,EL SEGUNDO 1,8,ng,Los Angeles,California
POINT (-118.2399 33.7592),35.6,35.6,0.0,{138.0},orange,LONG BEACH 25,3,ng,Los Angeles,California
POINT (-118.1046 33.9296),49.8,49.8,0.0,"{345.0, 138.0, 20.0, 13.8}",orange,NORWALK 4,4,ng,Los Angeles,California
POINT (-118.3528 34.8486),162.490004,162.48999999999998,4.00000001832268e-06,"{345.0, 138.0}",yellow,ROSAMOND 6,3,solar,Kern,California
POINT (-118.4242 33.9098),342.000003,342.0,2.999999992425728e-06,"{138.0, 13.8}",orange,EL SEGUNDO 2,2,ng,Los Angeles,California
POINT (-118.1856 35.0267),46.690002,46.69,2.0000000020559128e-06,"{138.0, 13.8}",yellow,MOJAVE 4,4,solar,Kern,California
POINT (-119.2769 35.7906),48.499999,48.5,9.999999974752427e-07,{138.0},orange,DELANO 3,1,ng,Tulare,California
POINT (-118.4547 34.5902),43.420003,43.42,2.9999999995311555e-06,{138.0},blue,SANTA CLARITA 4,1,hydro,Los Angeles,California
POINT (-118.2572 35.05),166.67000900000002,166.67000000000002,9.000000005698894e-06,"{1.0, 138.0, 13.8, 18.0, 22.0, 345.0}",green,MOJAVE 5,12,wind,Kern,California
POINT (-118.3372 35.1011),22.660003,22.66,2.9999999995311555e-06,{138.0},green,TEHACHAPI 4,2,wind,Kern,California
POINT (-119.0401 35.5165),49.8,49.8,0.0,"{138.0, 18.0, 13.8}",orange,BAKERSFIELD 26,3,ng,Kern,California
POINT (-119.0305 35.509),49.800000999999995,49.8,9.999999974752427e-07,"{1.0, 138.0, 22.0}",orange,BAKERSFIELD 27,4,ng,Kern,California
POINT (-118.3547 35.0542),119.760003,119.75999999999999,3.000000006636583e-06,"{345.0, 138.0, 13.8}",green,TEHACHAPI 5,6,wind,Kern,California
POINT (-118.2248 33.7641),251.999999,252.0,9.999999974752427e-07,"{345.0, 138.0}",orange,LONG BEACH 26,2,ng,Los Angeles,California
POINT (-118.2233 35.0268),132.000001,132.0,9.999999974752427e-07,"{138.0, 18.0}",green,MOJAVE 6,3,wind,Kern,California
POINT (-118.1714 35.0506),42.100001999999996,42.1,1.9999999949504854e-06,{138.0},green,MOJAVE 7,1,wind,Kern,California
POINT (-117.5659 35.0148),0.0,0.0,0.0,{138.0},yellow,BORON 2,1,solar,San Bernardino,California
POINT (-119.046 35.5005),49.800000999999995,49.8,9.999999974752427e-07,"{138.0, 18.0}",orange,BAKERSFIELD 28,3,ng,Kern,California
POINT (-120.0444 34.4648),49.3,49.3,0.0,{138.0},orange,GOLETA 4,2,ng,Santa Barbara,California
POINT (-118.1494 34.126),178.6,178.6,0.0,"{345.0, 138.0}",orange,PASADENA 8,3,ng,Los Angeles,California
POINT (-118.2644 33.7856),548.109998,548.11,1.9999999949504854e-06,"{345.0, 138.0, 765.0}",orange,WILMINGTON 3,3,ng,Los Angeles,California
POINT (-118.3247 34.6892),34.040003,34.04,2.9999999995311555e-06,"{345.0, 138.0, 13.8, 1.0}",yellow,LANCASTER 8,4,solar,Los Angeles,California
POINT (-118.2932 35.0309),129.410001,129.41,9.999999974752427e-07,"{138.0, 13.8}",green,MOJAVE 8,2,wind,Kern,California
POINT (-118.3158 35.075),0.0,0.0,0.0,{138.0},green,MOJAVE 9,2,wind,Kern,California
POINT (-119.662 35.3195),46.0,46.0,0.0,{138.0},orange,MC KITTRICK 1,1,ng,Kern,California
POINT (-118.2219 33.9986),193.29,193.29,0.0,"{345.0, 138.0, 22.0, 1.0}",orange,LOS ANGELES 80,4,ng,Los Angeles,California
POINT (-118.2348 35.0267),135.750001,135.75,9.999999974752427e-07,"{138.0, 22.0}",green,MOJAVE 10,2,wind,Kern,California
POINT (-119.1664 34.1958),64.050001,64.05,9.999999974752427e-07,"{345.0, 138.0, 13.8, 1.0}",orange,OXNARD 12,4,ng,Ventura,California
POINT (-119.0129 35.4405),18.0,18.0,0.0,{138.0},orange,BAKERSFIELD 29,1,ng,Kern,California
POINT (-118.2118 35.0434),90.810001,90.81,9.999999974752427e-07,"{345.0, 138.0, 13.8}",green,MOJAVE 11,3,wind,Kern,California
POINT (-119.0298 35.4837),0.0,0.0,0.0,{138.0},orange,BAKERSFIELD 30,1,ng,Kern,California
POINT (-118.395 33.8504),1316.399997,1316.4,3.000000106112566e-06,"{138.0, 13.8, 18.0, 345.0, 765.0}",orange,REDONDO BEACH 4,8,ng,Los Angeles,California
POINT (-117.7742 34.0594),46.0,46.0,0.0,"{345.0, 138.0}",orange,POMONA 7,4,ng,Los Angeles,California
POINT (-118.4439 34.0692),14.33,14.33,0.0,{138.0},orange,LOS ANGELES 81,3,ng,Los Angeles,California
POINT (-118.4031 33.9058),150.100001,150.1,9.999999974752427e-07,"{1.0, 138.0, 13.8}",orange,EL SEGUNDO 3,5,ng,Los Angeles,California
POINT (-118.9266 35.4192),45.999999,46.0,9.999999974752427e-07,{138.0},orange,BAKERSFIELD 31,1,ng,Kern,California
POINT (-119.2511 34.2067),574.000003,574.0,2.999999992425728e-06,"{138.0, 13.8, 22.0, 345.0, 765.0}",orange,OXNARD 13,6,ng,Ventura,California
POINT (-118.2867 33.7686),58.499999,58.5,9.999999974752427e-07,"{24.0, 138.0, 18.0}",orange,WILMINGTON 4,3,ng,Los Angeles,California
POINT (-118.3147 34.1764),109.7,109.7,0.0,{138.0},orange,BURBANK 9,2,ng,Los Angeles,California
POINT (-118.3534 35.0337),108.590001,108.59,9.999999974752427e-07,"{138.0, 13.8}",green,MOJAVE 12,2,wind,Kern,California
POINT (-119.585 35.2097),403.600002,403.6,1.9999999949504854e-06,"{138.0, 13.8, 18.0, 345.0, 765.0}",orange,FELLOWS 1,6,ng,Kern,California
POINT (-119.0299 35.4837),46.0,46.0,0.0,"{345.0, 138.0, 18.0}",orange,BAKERSFIELD 32,4,ng,Kern,California
POINT (-118.3913 34.245),480.499998,480.5,1.9999999949504854e-06,"{138.0, 13.8, 18.0, 345.0, 765.0}",orange,SUN VALLEY 2,7,ng,Los Angeles,California
POINT (-118.2836 33.7683),9.6,9.6,0.0,"{1.0, 138.0, 18.0, 20.0}",orange,CARSON 8,6,ng,Los Angeles,California
POINT (-119.4436 35.093),47.5,47.5,0.0,"{345.0, 138.0, 13.8}",orange,TAFT 2,4,ng,Kern,California
POINT (-118.0241 34.0233),44.910003,44.910000000000004,2.9999999995311555e-06,"{345.0, 138.0, 13.8, 1.0}",orange,WHITTIER 9,5,ng,Los Angeles,California
POINT (-118.2347 33.7917),98.510002,98.51,1.9999999949504854e-06,{138.0},orange,CARSON 9,3,ng,Los Angeles,California
POINT (-118.7881 34.6853),14.260001,14.26,1.0000000010279564e-06,"{345.0, 138.0, 18.0}",blue,LEBEC 2,4,hydro,Los Angeles,California
POINT (-118.1864 35.3478),120.310001,120.31,9.999999974752427e-07,"{345.0, 138.0, 13.8}",green,WELDON,3,wind,Kern,California
POINT (-119.2337 35.7144),24.880001,24.88,1.0000000010279564e-06,"{345.0, 138.0}",yellow,DELANO 4,2,solar,Kern,California
POINT (-117.5661 35.021),30.230002,30.229999999999997,2.0000000020559128e-06,"{138.0, 13.8}",yellow,BORON 3,2,solar,San Bernardino,California
POINT (-118.1009 33.7688),1601.6500079999998,1601.6499999999999,7.999999979801942e-06,"{138.0, 13.8, 18.0, 20.0, 345.0, 765.0}",orange,LONG BEACH 27,10,ng,Los Angeles,California
POINT (-118.4999 34.3801),90.0,90.0,0.0,"{345.0, 138.0, 13.8, 1.0}",orange,NEWHALL 3,5,ng,Los Angeles,California
POINT (-117.701 35.0329),48.199999,48.2,1.00000000458067e-06,"{138.0, 13.8}",orange,BORON 4,3,ng,Kern,California
POINT (-118.2422 35.0086),249.910003,249.91,2.999999992425728e-06,"{1.0, 138.0, 13.8, 18.0, 345.0}",green,MOJAVE 13,7,wind,Kern,California
POINT (-118.39 35.065),26.910003000000003,26.91,3.000000003083869e-06,"{138.0, 13.8}",green,MOJAVE 14,6,wind,Kern,California
POINT (-118.3153 34.1786),193.8,193.8,0.0,"{138.0, 13.8, 18.0, 345.0, 765.0}",orange,BURBANK 10,5,ng,Los Angeles,California
POINT (-120.8555 35.2115),2323.000022,2323.0,2.2000000171829015e-05,"{138.0, 13.8, 24.0, 345.0, 765.0}",red,AVILA BEACH,7,nuclear,San Luis Obispo,California
POINT (-118.33 33.8534),22.5,22.5,0.0,"{1.0, 138.0, 18.0}",orange,TORRANCE 8,5,ng,Los Angeles,California
POINT (-120.0686 35.4056),327.430003,327.43,2.999999992425728e-06,"{138.0, 13.8, 13.2, 18.0, 345.0, 765.0}",yellow,SANTA MARGARITA 2,8,solar,San Luis Obispo,California
POINT (-118.5047 34.7892),66.000001,66.0,9.999999974752427e-07,{138.0},yellow,LANCASTER 9,2,solar,Los Angeles,California
POINT (-119.4707 35.2803),246.060002,246.06,1.9999999949504854e-06,"{1.0, 138.0, 13.8, 18.0, 20.0, 345.0, 765.0}",yellow,TUPMAN 2,8,solar,Kern,California
POINT (-119.5919 35.2956),1505.066139,1505.1,0.03386099999988801,"{138.0, 13.8, 18.0, 345.0, 765.0}",orange,MC KITTRICK 2,7,ng,Kern,California
POINT (-119.6294 35.2269),233.999999,234.0,9.999999974752427e-07,"{345.0, 138.0, 13.8, 1.0}",orange,FELLOWS 2,4,ng,Kern,California
POINT (-118.0991 33.7647),1299.1400000000003,1299.1400000000003,0.0,"{138.0, 13.8, 22.0, 24.0, 345.0}",orange,LONG BEACH 28,14,ng,Los Angeles,California
POINT (-119.571 35.1946),39.1,39.1,0.0,{138.0},orange,FELLOWS 3,1,ng,Kern,California
POINT (-118.2303 33.7771),107.39999999999999,107.39999999999999,0.0,"{1.0, 138.0, 13.8, 22.0}",orange,WILMINGTON 5,8,ng,Los Angeles,California
POINT (-118.6566 34.5872),1246.330012,1246.33,1.1999999969702912e-05,"{138.0, 13.8, 13.2, 18.0, 345.0, 765.0}",blue,CASTAIC 3,11,hydro,Los Angeles,California
POINT (-118.4362 35.7762),34.090004,34.09,3.999999997006398e-06,"{345.0, 138.0}",blue,KERNVILLE,2,hydro,Kern,California
POINT (-118.4949 34.3841),42.8,42.8,0.0,"{138.0, 13.8}",orange,NEWHALL 4,2,ng,Los Angeles,California
POINT (-118.2414 35.0083),83.110001,83.11,9.999999974752427e-07,"{138.0, 13.8}",green,MOJAVE 15,3,wind,Kern,California
POINT (-118.4276 33.9182),823.1999989999999,823.1999999999999,9.999999974752427e-07,"{345.0, 138.0, 13.8, 765.0}",orange,PLAYA DEL REY,6,ng,Los Angeles,California
POINT (-119.4299 35.0968),46.0,46.0,0.0,"{138.0, 13.8}",orange,BAKERSFIELD 33,2,ng,Kern,California
POINT (-118.5251 34.5343),54.590006,54.589999999999996,6.000000006167738e-06,"{1.0, 138.0, 13.8, 18.0, 24.0, 345.0}",blue,SANTA CLARITA 5,9,hydro,Los Angeles,California
POINT (-119.7075 35.4386),94.19999999999999,94.19999999999999,0.0,"{345.0, 138.0, 13.8, 1.0}",orange,MC KITTRICK 3,4,ng,Kern,California
POINT (-118.2 35.06),110.940001,110.94,9.999999974752427e-07,"{138.0, 22.0}",green,MOJAVE 16,3,wind,Kern,California
POINT (-118.3967 34.8022),140.550004,140.55,3.999999989900971e-06,{138.0},yellow,ROSAMOND 7,1,solar,Los Angeles,California
POINT (-118.2782 34.1556),243.52000199999998,243.51999999999998,1.9999999949504854e-06,"{345.0, 138.0}",orange,GLENDALE 8,2,ng,Los Angeles,California
POINT (-117.3236 35.0111),129.920003,129.92000000000002,2.999999992425728e-06,"{345.0, 138.0, 13.8, 765.0}",yellow,HINKLEY 1,7,solar,San Bernardino,California
POINT (-117.1174 33.1219),58.9,58.9,0.0,"{138.0, 13.8}",orange,ESCONDIDO 8,2,ng,San Diego,California
POINT (-116.5422 33.9228),39.870001,39.87,1.00000000458067e-06,"{138.0, 13.8}",green,NORTH PALM SPRINGS 1,2,wind,Riverside,California
POINT (-116.9439 32.5624),60.5,60.5,0.0,"{138.0, 13.8}",orange,SAN DIEGO 48,2,ng,San Diego,California
POINT (-115.2637 32.7757),30.610003,30.61,2.9999999995311555e-06,"{1.0, 138.0, 13.8, 18.0, 345.0}",yellow,HOLTVILLE 2,7,solar,Imperial,California
POINT (-115.3939 33.8231),321.330009,321.33000000000004,8.999999977277184e-06,"{138.0, 13.8, 18.0, 22.0, 24.0, 345.0, 765.0}",yellow,DESERT CENTER,12,solar,Riverside,California
POINT (-115.6478 32.6869),142.240006,142.23999999999998,6.000000013273166e-06,"{345.0, 138.0, 13.8}",yellow,CALEXICO 3,6,solar,Imperial,California
POINT (-115.5439 33.0139),35.540003,35.54,2.9999999995311555e-06,{138.0},yellow,HOLTVILLE 3,1,solar,Imperial,California
POINT (-116.3425 32.7056),40.210001,40.21,9.999999974752427e-07,"{138.0, 18.0}",green,CAMPO,2,wind,San Diego,California
POINT (-115.4686 35.5561),0.0,0.0,0.0,"{345.0, 138.0, 765.0, 22.0}",yellow,NIPTON 1,4,solar,San Bernardino,California
POINT (-116.5714 33.9342),673.8500010000001,673.8500000000001,9.999999974752427e-07,"{138.0, 13.8, 18.0, 345.0, 765.0}",orange,DESERT HOT SPRINGS 4,11,ng,Riverside,California
POINT (-117.1664 32.8769),106.0,106.0,0.0,"{345.0, 138.0, 13.8, 1.0}",orange,SAN DIEGO 49,8,ng,San Diego,California
POINT (-117.2418 34.0818),1036.8000050000003,1036.8,5.000000328436727e-06,"{138.0, 13.8, 18.0, 22.0, 345.0, 765.0}",orange,REDLANDS 5,9,ng,San Bernardino,California
POINT (-117.0995 33.1185),51.4,51.4,0.0,"{1.0, 138.0, 13.8}",orange,ESCONDIDO 9,4,ng,San Diego,California
POINT (-117.5266 34.0912),666.000004,666.0,3.999999989900971e-06,"{345.0, 138.0, 18.0, 765.0}",orange,RANCHO CUCAMONGA 8,5,ng,San Bernardino,California
POINT (-117.5604 34.0053),73.30000100000001,73.3,1.0000000116860974e-06,"{24.0, 345.0, 138.0, 1.0}",orange,ONTARIO 8,5,ng,San Bernardino,California
POINT (-115.518 32.7146),15.420001,15.42,9.999999992515995e-07,{138.0},yellow,HEBER 2,1,solar,Imperial,California
POINT (-116.9721 32.7965),48.7,48.7,0.0,{138.0},orange,EL CAJON 7,2,ng,San Diego,California
POINT (-117.1114 33.3594),118.0,118.0,0.0,"{1.0, 138.0, 13.8, 20.0, 345.0}",orange,PALA,7,ng,San Diego,California
POINT (-117.3833 35.765),62.489999999999995,62.489999999999995,0.0,"{24.0, 345.0, 138.0, 1.0}",gray,TRONA,5,coal,San Bernardino,California
POINT (-117.8219 33.613),39.000001999999995,39.0,1.9999999949504854e-06,"{138.0, 18.0, 13.8}",orange,IRVINE 9,4,ng,Orange,California
POINT (-115.616 33.1646),24.070001,24.07,1.0000000010279564e-06,{138.0},yellow,CALIPATRIA 2,1,solar,Imperial,California
POINT (-116.5527 33.9393),35.750001,35.75,9.999999974752427e-07,{138.0},green,NORTH PALM SPRINGS 2,2,wind,Riverside,California
POINT (-115.6387 33.1582),80.110005,80.11,5.000000001587068e-06,"{345.0, 138.0, 18.0, 13.8}",yellow,CALIPATRIA 3,5,solar,Imperial,California
POINT (-117.3603 34.0414),60.5,60.5,0.0,"{345.0, 138.0}",orange,COLTON 3,2,ng,San Bernardino,California
POINT (-116.0873 33.586),55.500001,55.5,9.999999974752427e-07,"{345.0, 138.0}",yellow,MECCA 2,2,solar,Riverside,California
POINT (-115.5364 32.9553),49.8,49.8,0.0,{138.0},orange,BRAWLEY 3,1,ng,Imperial,California
POINT (-117.2392 32.8747),22.000002,22.0,1.999999998503199e-06,"{138.0, 13.8}",orange,RANCHO SANTA FE,3,ng,San Diego,California
POINT (-117.338 35.033),62.020001,62.02,9.999999974752427e-07,{138.0},yellow,HINKLEY 2,2,solar,San Bernardino,California
POINT (-117.1178 33.1197),558.990001,558.99,9.999999974752427e-07,"{138.0, 13.8, 18.0, 345.0, 765.0}",orange,ESCONDIDO 10,6,ng,San Diego,California
POINT (-117.3647 34.5953),659.000004,659.0,3.999999989900971e-06,"{138.0, 13.2, 13.8, 22.0, 345.0, 765.0}",orange,VICTORVILLE 7,8,ng,San Bernardino,California
POINT (-116.9721 32.7961),67.9,67.9,0.0,"{345.0, 138.0}",orange,EL CAJON 8,3,ng,San Diego,California
POINT (-115.565 33.1779),37.680002,37.68,2.0000000020559128e-06,{138.0},yellow,CALIPATRIA 4,1,solar,Imperial,California
POINT (-116.5527 33.8816),0.0,0.0,0.0,{138.0},green,NORTH PALM SPRINGS 3,1,wind,Riverside,California
POINT (-117.3344 34.2056),176.060005,176.06,4.9999999873762135e-06,"{1.0, 138.0, 13.8, 18.0, 24.0, 345.0}",blue,SAN BERNARDINO 10,9,hydro,San Bernardino,California
POINT (-117.3563 35.0308),69.000001,69.0,9.999999974752427e-07,{138.0},yellow,HINKLEY 3,1,solar,San Bernardino,California
POINT (-117.6085 33.8912),49.0,49.0,0.0,"{1.0, 138.0, 13.8}",orange,CORONA 11,4,ng,Riverside,California
POINT (-117.8563 33.8535),49.2,49.2,0.0,{138.0},orange,ANAHEIM 14,3,ng,Orange,California
POINT (-115.47 33.08),137.290003,137.29000000000002,2.999999992425728e-06,"{345.0, 138.0}",yellow,CALIPATRIA 5,2,solar,Imperial,California
POINT (-114.6865 33.6157),591.000003,591.0,2.999999992425728e-06,"{1.0, 138.0, 13.8, 115.0, 22.0, 24.0, 345.0, 765.0}",orange,BLYTHE 2,10,ng,Riverside,California
POINT (-115.4525 35.5331),133.000001,133.0,9.999999974752427e-07,"{138.0, 20.0}",yellow,NIPTON 2,3,solar,San Bernardino,California
POINT (-115.5119 32.9038),27.190002,27.189999999999998,2.0000000020559128e-06,"{138.0, 13.8}",yellow,IMPERIAL 2,4,solar,Imperial,California
POINT (-117.3235 34.3074),21.800002,21.8,1.999999998503199e-06,"{1.0, 138.0, 20.0}",blue,HESPERIA 5,4,hydro,San Bernardino,California
POINT (-117.1664 32.8761),49.0,49.0,0.0,"{138.0, 22.0}",orange,SAN DIEGO 50,2,ng,San Diego,California
POINT (-115.6386 33.157),0.0,0.0,0.0,{138.0},yellow,CALIPATRIA 6,1,solar,Imperial,California
POINT (-116.0447 32.7528),265.400003,265.4,3.000000049269147e-06,"{345.0, 138.0, 13.8, 765.0}",green,OCOTILLO,4,wind,Imperial,California
POINT (-117.1897 32.7052),32.95,32.95,0.0,"{345.0, 138.0}",orange,CORONADO 2,4,ng,San Diego,California
POINT (-115.7264 32.7533),0.0,0.0,0.0,"{345.0, 138.0, 13.2}",yellow,SEELEY,3,solar,Imperial,California
POINT (-114.7139 32.7366),25.410003000000003,25.41,3.000000003083869e-06,"{345.0, 138.0}",blue,WINTERHAVEN,3,hydro,Imperial,California
POINT (-116.6222 33.9447),25.400001,25.4,1.0000000010279564e-06,"{138.0, 13.8}",green,DESERT HOT SPRINGS 5,2,wind,Riverside,California
POINT (-115.54 32.8022),358.29999900000007,358.30000000000007,9.999999974752427e-07,"{1.0, 138.0, 13.8, 345.0, 765.0}",orange,EL CENTRO 3,5,ng,Imperial,California
POINT (-116.553 33.9109),99.8,99.8,0.0,"{345.0, 138.0, 13.8}",orange,NORTH PALM SPRINGS 4,4,ng,Riverside,California
POINT (-117.1224 32.6793),83.100002,83.10000000000001,1.9999999949504854e-06,"{1.0, 138.0, 13.8}",orange,SAN DIEGO 51,5,ng,San Diego,California
POINT (-117.5402 34.0454),34.0,34.0,0.0,"{138.0, 13.8}",orange,ONTARIO 9,2,ng,San Bernardino,California
POINT (-115.5873 32.6711),116.370002,116.37,1.9999999949504854e-06,"{345.0, 138.0}",yellow,CALEXICO 4,2,solar,Imperial,California
POINT (-117.3533 34.0606),22.400001,22.4,1.0000000010279564e-06,"{1.0, 138.0, 13.8}",orange,COLTON 4,8,ng,San Bernardino,California
POINT (-117.9832 33.8073),49.8,49.8,0.0,"{138.0, 20.0}",orange,STANTON 2,3,ng,Orange,California
POINT (-115.6167 33.1633),17.700001,17.7,1.0000000010279564e-06,{138.0},yellow,CALIPATRIA 7,1,solar,Imperial,California
POINT (-114.9981 33.665),74.500001,74.5,9.999999974752427e-07,"{345.0, 138.0, 13.8}",yellow,BLYTHE 3,8,solar,Riverside,California
POINT (-117.2933 33.9308),0.0,0.0,0.0,{138.0},orange,RIVERSIDE 17,2,ng,Riverside,California
POINT (-116.8251 34.8659),47.110003999999996,47.11,3.999999997006398e-06,"{345.0, 138.0, 20.0, 13.8}",yellow,DAGGETT,6,solar,San Bernardino,California
POINT (-115.5356 32.7144),81.640007,81.63999999999999,7.000000010748408e-06,"{1.0, 138.0, 13.8, 18.0, 20.0, 345.0}",yellow,HEBER 3,13,solar,Imperial,California
POINT (-117.1338 32.834),72.0,72.0,0.0,"{345.0, 138.0}",orange,SAN DIEGO 52,2,ng,San Diego,California
POINT (-117.1194 33.0586),31.010002,31.009999999999998,2.0000000020559128e-06,{138.0},blue,ESCONDIDO 11,1,hydro,San Diego,California
POINT (-115.6033 33.1777),0.0,0.0,0.0,"{138.0, 18.0}",yellow,CALIPATRIA 8,2,solar,Imperial,California
POINT (-117.5343 34.0903),49.8,49.8,0.0,"{138.0, 13.8}",orange,RANCHO CUCAMONGA 9,3,ng,San Bernardino,California
POINT (-115.6384 33.1533),33.700001,33.7,9.999999974752427e-07,"{138.0, 13.8}",yellow,CALIPATRIA 9,2,solar,Imperial,California
POINT (-114.1402 34.2953),107.200004,107.2,4.0000000041118255e-06,"{138.0, 13.8, 115.0, 22.0, 345.0}",blue,PARKER DAM,5,hydro,San Bernardino,California
POINT (-116.1714 33.6758),92.4,92.4,0.0,"{138.0, 18.0, 20.0}",orange,COACHELLA 3,5,ng,Riverside,California
POINT (-117.4528 33.9636),196.0,196.0,0.0,"{345.0, 138.0, 13.8}",orange,RIVERSIDE 18,6,ng,Riverside,California
POINT (-117.1172 33.1261),49.9,49.9,0.0,{138.0},orange,ESCONDIDO 12,1,ng,San Diego,California
POINT (-117.3532 34.0609),44.8,44.8,0.0,"{138.0, 13.8}",orange,COLTON 5,3,ng,San Bernardino,California
POINT (-115.5045 33.2388),60.5,60.5,0.0,"{24.0, 345.0, 138.0, 18.0}",orange,NILAND,4,ng,Imperial,California
POINT (-117.5565 33.8827),0.0,0.0,0.0,"{138.0, 13.2}",orange,CORONA 12,3,ng,Riverside,California
POINT (-116.915 32.5815),688.5,688.5,0.0,"{138.0, 13.8, 20.0, 345.0, 765.0}",orange,SAN DIEGO 53,6,ng,San Diego,California
POINT (-115.6583 32.6633),108.980001,108.98,9.999999974752427e-07,"{138.0, 13.8}",yellow,CALEXICO 5,3,solar,Imperial,California
POINT (-117.3364 33.1361),999.6000000000001,999.5999999999999,2.2737367544323206e-13,"{138.0, 13.8, 18.0, 20.0, 345.0, 765.0}",orange,CARLSBAD 6,9,ng,San Diego,California
POINT (-116.5364 33.9603),43.910004,43.91,4.0000000041118255e-06,"{1.0, 138.0, 13.8}",green,NORTH PALM SPRINGS 5,5,wind,Riverside,California
POINT (-116.5781 33.934),50.750002,50.75,2.0000000020559128e-06,{138.0},green,NORTH PALM SPRINGS 6,1,wind,Riverside,California
POINT (-117.9792 33.6439),218.0,218.0,0.0,"{138.0, 13.8, 22.0, 345.0, 765.0}",orange,HUNTINGTON BEACH 7,5,ng,Orange,California
POINT (-117.8402 33.932),22.320003,22.32,2.9999999995311555e-06,{138.0},orange,BREA 3,2,ng,Orange,California
POINT (-116.5642 33.9211),47.360003000000006,47.36,3.000000006636583e-06,"{138.0, 13.8}",green,NORTH PALM SPRINGS 7,4,wind,Riverside,California
POINT (-115.5733 33.2046),39.250001,39.25,9.999999974752427e-07,"{138.0, 18.0, 13.8}",yellow,CALIPATRIA 10,4,solar,Imperial,California
POINT (-116.1525 34.1719),31.800003,31.799999999999997,3.000000003083869e-06,"{345.0, 138.0, 22.0, 1.0}",yellow,TWENTYNINE PALMS 3,5,solar,San Bernardino,California
POINT (-116.9442 32.567),99.80000100000001,99.8,1.0000000116860974e-06,{138.0},orange,SAN DIEGO 54,1,ng,San Diego,California
POINT (-117.0586 32.5917),44.0,44.0,0.0,{138.0},orange,CHULA VISTA 10,2,ng,San Diego,California
POINT (-116.7103 33.915),44.870002,44.87,2.0000000020559128e-06,"{1.0, 138.0, 13.8}",green,CABAZON,4,wind,Riverside,California
POINT (-116.6178 33.925),77.370002,77.37,1.9999999949504854e-06,"{1.0, 138.0, 13.8, 18.0, 24.0}",green,NORTH PALM SPRINGS 8,6,wind,Riverside,California
POINT (-115.4825 35.5808),82.750001,82.75,9.999999974752427e-07,"{138.0, 18.0}",yellow,NIPTON 3,3,solar,San Bernardino,California
POINT (-117.8617 33.8581),200.000001,200.0,9.999999974752427e-07,"{345.0, 138.0, 13.8, 1.0}",orange,ANAHEIM 15,5,ng,Orange,California
POINT (-117.1704 33.7388),409.500003,409.5,2.999999992425728e-06,"{138.0, 18.0, 20.0, 345.0, 765.0}",orange,SUN CITY 4,5,ng,Riverside,California
POINT (-119.7489 39.3887),16.530002,16.53,1.999999998503199e-06,"{161.0, 13.8}",yellow,RENO 20,3,solar,Washoe,Nevada
POINT (-118.1414 40.9961),14.620001,14.62,1.0000000010279564e-06,"{345.0, 161.0}",yellow,WINNEMUCCA 2,2,solar,Humboldt,Nevada
POINT (-119.7645 39.3732),11.490001,11.49,9.999999992515995e-07,"{161.0, 13.8}",yellow,RENO 21,4,solar,Washoe,Nevada
POINT (-114.9933 35.7881),10.000001,10.0,9.999999992515995e-07,{161.0},yellow,BOULDER CITY 2,1,solar,Clark,Nevada
POINT (-118.5725 39.2944),7.910001,7.91,1.000000000139778e-06,"{161.0, 13.8}",yellow,FALLON 2,3,solar,Churchill,Nevada
POINT (-119.5108 39.5603),19.6,19.6,0.0,{161.0},orange,SPARKS 8,3,ng,Storey,Nevada
POINT (-114.9361 35.4797),0.0,0.0,0.0,"{161.0, 138.0}",yellow,SEARCHLIGHT,3,solar,Clark,Nevada
POINT (-119.01 39.796),30.290004,30.29,4.000000000559112e-06,{161.0},yellow,FALLON 3,2,solar,Churchill,Nevada
POINT (-116.1511 41.4828),18.300002,18.3,1.999999998503199e-06,"{161.0, 138.0, 18.0}",yellow,TUSCARORA,3,solar,Elko,Nevada
POINT (-114.87 36.23),26.490001,26.49,1.0000000010279564e-06,"{161.0, 115.0}",yellow,LAS VEGAS 68,3,solar,Clark,Nevada
POINT (-114.9024 36.4306),384.47437199999996,558.8399999999999,174.36562799999996,"{161.0, 13.2, 13.8, 18.0, 345.0}",orange,LAS VEGAS 69,7,ng,Clark,Nevada
POINT (-116.5297 40.7461),52.070007,242.0,189.929993,"{161.0, 1.0, 13.8, 18.0, 345.0}",gray,BATTLE MOUNTAIN 2,5,coal,Eureka,Nevada
POINT (-117.8557 39.9663),60.500001,60.5,9.999999974752427e-07,"{345.0, 161.0}",yellow,FALLON 4,2,solar,Churchill,Nevada
POINT (-118.9535 39.754),22.460002,22.46,1.999999998503199e-06,{161.0},yellow,FALLON 5,1,solar,Churchill,Nevada
POINT (-119.7546 39.3908),24.550002,24.55,1.999999998503199e-06,{161.0},yellow,RENO 22,3,solar,Washoe,Nevada
POINT (-117.1516 40.8813),400.179999,567.0,166.820001,"{161.0, 13.8, 20.0, 345.0, 765.0}",gray,VALMY,5,coal,Humboldt,Nevada
POINT (-116.6175 40.5547),8.340001,8.34,1.0000000010279564e-06,"{161.0, 13.8, 1.0}",yellow,CRESCENT VALLEY,4,solar,Lander,Nevada
POINT (-115.0117 36.0417),127.199989,127.19999999999999,1.0999999986438525e-05,"{345.0, 161.0}",orange,HENDERSON 15,4,ng,Clark,Nevada
POINT (-114.9933 35.7814),36.830005,36.83,5.000000001587068e-06,"{161.0, 138.0, 13.8, 1.0}",yellow,BOULDER CITY 3,6,solar,Clark,Nevada
POINT (-114.9207 36.3432),24.07,24.07,0.0,{161.0},orange,LAS VEGAS 70,2,ng,Clark,Nevada
POINT (-118.5556 39.5475),46.870004,46.87,4.0000000041118255e-06,"{161.0, 13.8}",yellow,FALLON 6,4,solar,Churchill,Nevada
POINT (-114.9942 35.7889),261.540019,536.01,274.469981,"{161.0, 1.0, 13.8, 18.0, 345.0}",orange,BOULDER CITY 4,7,ng,Clark,Nevada
POINT (-114.6333 36.6573),294.8,294.8,0.0,"{345.0, 161.0, 13.2}",gray,MOAPA 2,3,coal,Clark,Nevada
POINT (-114.8783 36.2253),72.209998,72.21000000000001,2.00000000916134e-06,"{161.0, 18.0, 13.8}",orange,LAS VEGAS 71,3,ng,Clark,Nevada
POINT (-114.9283 35.8719),112.220004,112.22,4.0000000041118255e-06,"{345.0, 161.0, 13.8, 1.0}",yellow,BUNKERVILLE 1,5,solar,Clark,Nevada
POINT (-117.4739 40.1808),11.460001,11.46,9.999999992515995e-07,"{161.0, 22.0, 1.0}",yellow,IMLAY,6,solar,Pershing,Nevada
POINT (-116.9119 39.5911),23.200001999999998,23.2,1.999999998503199e-06,"{345.0, 161.0, 13.8, 1.0}",yellow,AUSTIN,6,solar,Lander,Nevada
POINT (-114.9817 35.7998),0.0,0.0,0.0,{161.0},yellow,BOULDER CITY 5,1,solar,Clark,Nevada
POINT (-114.9218 36.3837),652.120008,977.08,324.95999200000006,"{161.0, 13.8, 18.0, 345.0, 765.0}",orange,LAS VEGAS 72,10,ng,Clark,Nevada
POINT (-115.0339 36.1375),128.70070099999998,222.0,93.29929900000002,"{345.0, 161.0}",orange,LAS VEGAS 73,2,ng,Clark,Nevada
POINT (-118.3239 38.8367),0.0,0.0,0.0,{161.0},yellow,LUNING,1,solar,Mineral,Nevada
POINT (-114.4922 39.1042),150.000001,150.0,9.999999974752427e-07,"{345.0, 161.0, 13.8, 1.0}",green,ELY 2,5,wind,White Pine,Nevada
POINT (-119.525 39.5625),777.2692870000001,947.9,170.6307129999999,"{161.0, 13.8, 18.0, 345.0, 765.0}",orange,SPARKS 9,11,ng,Storey,Nevada
POINT (-119.7669 39.37),17.510002,17.51,1.999999998503199e-06,{161.0},yellow,RENO 23,1,solar,Washoe,Nevada
POINT (-115.0507 36.0875),981.311786,1375.6200000000001,394.30821400000013,"{161.0, 1.0, 13.8, 18.0, 345.0, 765.0}",orange,LAS VEGAS 74,18,ng,Clark,Nevada
POINT (-114.9606 36.4078),128.788312,443.14,314.35168799999997,"{161.0, 1.0, 13.8, 20.0, 345.0}",orange,LAS VEGAS 75,8,ng,Clark,Nevada
POINT (-114.97 36.39),16.890001,16.89,1.0000000010279564e-06,{161.0},yellow,LAS VEGAS 76,1,solar,Clark,Nevada
POINT (-119.0731 39.5858),25.920002,25.92,1.999999998503199e-06,{161.0},yellow,FERNLEY 2,1,solar,Churchill,Nevada
POINT (-114.9644 36.3906),17.880001,17.88,1.0000000010279564e-06,{161.0},yellow,LAS VEGAS 77,1,solar,Clark,Nevada
POINT (-119.5178 39.5572),187.316135,252.0,64.683865,{161.0},orange,SPARKS 10,1,ng,Storey,Nevada
POINT (-115.1222 36.2319),218.84704299999999,358.92,140.07295700000003,"{345.0, 161.0, 13.8, 1.0}",orange,NORTH LAS VEGAS 11,5,ng,Clark,Nevada
POINT (-114.9628 35.7864),42.830002,42.83,2.0000000020559128e-06,{161.0},yellow,BOULDER CITY 6,1,solar,Clark,Nevada
POINT (-119.3997 40.3806),6.540001,6.54,1.000000000139778e-06,{161.0},yellow,GERLACH,2,solar,Washoe,Nevada
POINT (-114.9609 36.416),423.747301,600.5999999999999,176.85269899999992,"{345.0, 161.0, 13.8, 1.0}",orange,LAS VEGAS 78,8,ng,Clark,Nevada
POINT (-119.7471 39.3951),23.080002999999998,23.080000000000002,2.999999995978442e-06,"{161.0, 18.0, 1.0}",yellow,RENO 24,4,solar,Washoe,Nevada
POINT (-114.738 36.0155),772.590008,772.59,7.999999979801942e-06,"{24.0, 345.0, 161.0, 13.8}",blue,BUNKERVILLE 2,9,hydro,Mohave,Arizona
POINT (-119.1322 39.1281),229.999993,230.0,7.000000010748408e-06,"{345.0, 161.0, 13.8}",orange,YERINGTON 2,4,ng,Lyon,Nevada
POINT (-111.3 32.5517),122.99999700000001,123.0,2.999999992425728e-06,"{24.0, 115.0, 500.0, 13.8}",orange,CHANDLER 13,5,ng,Pinal,Arizona
POINT (-113.4945 32.9774),302.78000299999997,302.78,2.999999992425728e-06,"{18.0, 115.0, 500.0, 13.8}",yellow,DATELAND 1,5,solar,Yuma,Arizona
POINT (-114.1594 35.0361),75.610013,121.0,45.389987000000005,{115.0},orange,GOLDEN VALLEY 2,1,ng,Mohave,Arizona
POINT (-110.9313 31.3635),81.0,81.0,0.0,"{24.0, 115.0, 500.0, 13.8}",orange,NOGALES 2,4,ng,Santa Cruz,Arizona
POINT (-111.9461 33.4394),22.5,22.5,0.0,"{1.0, 115.0, 13.8}",orange,TEMPE 8,4,ng,Maricopa,Arizona
POINT (-111.1618 33.6711),23.960001,23.96,9.999999974752427e-07,{115.0},blue,PHOENIX 71,3,hydro,Maricopa,Arizona
POINT (-112.2711 35.4156),63.420001,63.42,9.999999974752427e-07,"{1.0, 18.0, 115.0, 500.0}",green,WILLIAMS 3,4,wind,Coconino,Arizona
POINT (-112.2714 33.8447),18.160002,18.16,1.999999998503199e-06,{115.0},blue,PEORIA 8,1,hydro,Maricopa,Arizona
POINT (-112.6658 33.0264),9.990001,9.99,9.999999992515995e-07,"{115.0, 13.8}",yellow,GILA BEND 2,2,solar,Maricopa,Arizona
POINT (-114.7106 32.7214),279.909913,279.91,8.700000000771979e-05,"{345.0, 115.0, 500.0, 765.0}",orange,YUMA 6,5,ng,Yuma,Arizona
POINT (-109.5538 31.3641),0.0,0.0,0.0,"{115.0, 13.8}",gray,DOUGLAS 2,2,coal,Cochise,Arizona
POINT (-114.5707 35.197),181.720004,181.72,3.999999989900971e-06,"{13.8, 18.0, 115.0, 500.0, 20.0, 345.0}",blue,CHLORIDE 1,8,hydro,Mohave,Arizona
POINT (-111.9353 33.3556),369.79999000000004,369.8,9.999999974752427e-06,"{115.0, 500.0, 13.8, 22.0}",orange,TEMPE 9,10,ng,Maricopa,Arizona
POINT (-110.35 31.5553),13.600001,13.6,1.0000000010279564e-06,{115.0},yellow,FORT HUACHUCA 2,2,solar,Cochise,Arizona
POINT (-113.1772 34.5858),0.0,0.0,0.0,"{115.0, 13.8}",yellow,BAGDAD 2,2,solar,Yavapai,Arizona
POINT (-114.5317 34.8678),207.770027,472.0,264.229973,"{1.0, 13.2, 13.8, 18.0, 115.0, 500.0, 765.0}",orange,MOHAVE VALLEY 2,9,ng,Mohave,Arizona
POINT (-109.2708 34.5789),410.82301,821.8,410.97698999999994,"{13.8, 115.0, 500.0, 765.0}",gray,SAINT JOHNS 2,5,coal,Apache,Arizona
POINT (-109.8931 32.0603),412.309581,575.14,162.830419,"{13.8, 18.0, 115.0, 500.0, 22.0, 765.0}",gray,COCHISE,9,coal,Cochise,Arizona
POINT (-111.2428 32.3697),15.350001,15.35,1.0000000010279564e-06,{115.0},yellow,MARANA 3,1,solar,Pima,Arizona
POINT (-111.4431 33.5536),8.860001,8.86,1.0000000010279564e-06,{115.0},blue,PHOENIX 72,2,hydro,Maricopa,Arizona
POINT (-112.8339 33.305),110.980005,110.98,5.000000001587068e-06,"{18.0, 115.0, 13.8}",yellow,BUCKEYE 4,5,solar,Maricopa,Arizona
POINT (-110.2842 34.6596),55.280001,55.28,9.999999974752427e-07,{115.0},green,HEBER 4,1,wind,Navajo,Arizona
POINT (-111.3886 36.9047),1674.9012100000002,2409.3,734.39879,"{13.8, 18.0, 115.0, 500.0, 22.0, 765.0}",gray,PAGE 2,7,coal,Coconino,Arizona
POINT (-112.6614 33.0211),12.480001,12.48,9.999999992515995e-07,{115.0},yellow,GILA BEND 3,3,solar,Maricopa,Arizona
POINT (-112.904 33.3418),74.890004,74.89,4.0000000041118255e-06,{115.0},yellow,TONOPAH 3,1,solar,Maricopa,Arizona
POINT (-112.1583 33.4417),519.500181,840.32,320.81981900000005,"{13.8, 115.0, 500.0, 765.0}",orange,PHOENIX 73,11,ng,Maricopa,Arizona
POINT (-111.1262 32.401),53.9,53.9,0.0,"{115.0, 500.0}",orange,TUCSON 49,2,ng,Pima,Arizona
POINT (-111.6122 33.2675),15.310001,15.31,9.999999992515995e-07,"{115.0, 13.8}",yellow,QUEEN CREEK 3,2,solar,Maricopa,Arizona
POINT (-112.2153 33.5561),613.28999,613.29,9.999999974752427e-06,"{1.0, 13.8, 18.0, 115.0, 20.0, 500.0, 24.0}",orange,GLENDALE 23,10,ng,Maricopa,Arizona
POINT (-111.5033 32.9174),618.8299850000001,726.0,107.17001499999992,"{1.0, 13.8, 18.0, 115.0, 500.0, 22.0, 765.0}",orange,CHANDLER 14,13,ng,Pinal,Arizona
POINT (-114.1597 35.0156),5.430001,5.43,1.000000000139778e-06,"{115.0, 13.8}",yellow,GOLDEN VALLEY 3,2,solar,Mohave,Arizona
POINT (-112.4275 34.6494),10.310001,10.31,9.999999992515995e-07,{115.0},yellow,PRESCOTT 4,1,solar,Yavapai,Arizona
POINT (-112.8642 33.345),394.758524,461.06,66.30147599999998,"{18.0, 115.0, 13.8}",orange,ARLINGTON 9,5,ng,Maricopa,Arizona
POINT (-112.8617 33.3881),4209.600042,4209.6,4.199999966658652e-05,"{13.8, 18.0, 115.0, 500.0, 765.0}",red,PHOENIX 74,7,nuclear,Maricopa,Arizona
POINT (-112.9559 32.9223),119.090001,119.09,9.999999974752427e-07,"{115.0, 500.0, 13.8}",yellow,GILA BEND 4,4,solar,Maricopa,Arizona
POINT (-110.9047 32.16),558.500002,558.5,1.9999999949504854e-06,"{13.8, 18.0, 115.0, 500.0, 765.0}",gray,TUCSON 50,10,coal,Pima,Arizona
POINT (-114.6541 32.7288),31.299999,31.3,1.0000000010279564e-06,{115.0},orange,YUMA 7,1,ng,Yuma,Arizona
POINT (-111.9283 33.4172),9.199999,9.2,9.999999992515995e-07,"{115.0, 13.8}",orange,CHANDLER 15,3,ng,Maricopa,Arizona
POINT (-110.9921 32.2523),84.999999,85.0,9.999999974752427e-07,{115.0},orange,TUCSON 51,1,ng,Pima,Arizona
POINT (-111.7889 32.9042),587.413739,646.11,58.69626100000005,"{18.0, 115.0, 500.0, 13.8}",orange,CASA GRANDE 5,5,ng,Pinal,Arizona
POINT (-110.9528 32.2299),9.0,9.0,0.0,{115.0},orange,TUCSON 52,1,ng,Pima,Arizona
POINT (-111.484 33.1606),20.000001,20.0,1.0000000010279564e-06,"{115.0, 22.0}",yellow,GLOBE 2,3,solar,Pinal,Arizona
POINT (-109.1639 34.3186),1150.921994,1324.35,173.42800599999987,"{13.8, 13.2, 115.0, 500.0, 22.0, 765.0}",gray,SPRINGERVILLE 2,8,coal,Apache,Arizona
POINT (-112.6944 32.975),646.39958,1237.98,591.58042,"{18.0, 115.0, 13.8}",orange,GILA BEND 5,7,ng,Maricopa,Arizona
POINT (-111.5899 32.9285),604.9799579999999,604.98,4.200000012133387e-05,"{13.8, 18.0, 115.0, 500.0, 22.0, 24.0}",orange,CHANDLER 16,8,ng,Pinal,Arizona
POINT (-111.7503 33.3325),1206.359978,1326.0,119.64002200000004,"{1.0, 13.8, 18.0, 115.0, 500.0, 20.0, 24.0, 765.0}",orange,GILBERT 12,11,ng,Maricopa,Arizona
POINT (-113.1134 33.476),931.5095090000001,1104.25,172.7404909999999,"{13.8, 18.0, 115.0, 500.0, 22.0, 765.0}",orange,TONOPAH 4,9,ng,Maricopa,Arizona
POINT (-110.335 34.5032),0.0,0.0,0.0,{115.0},yellow,SNOWFLAKE 2,1,solar,Navajo,Arizona
POINT (-113.3589 33.0278),9.400001,9.4,9.999999992515995e-07,{115.0},yellow,DATELAND 2,1,solar,Yuma,Arizona
POINT (-110.8669 32.1458),6.670001,6.67,1.000000000139778e-06,"{115.0, 13.8}",yellow,TUCSON 53,2,solar,Pima,Arizona
POINT (-111.4839 36.9366),576.960006,576.96,5.999999984851456e-06,"{18.0, 115.0, 500.0, 13.8}",blue,PAGE 3,9,hydro,Coconino,Arizona
POINT (-110.3033 34.9394),853.068511,1128.8,275.731489,"{13.8, 115.0, 500.0, 765.0}",gray,JOSEPH CITY 2,8,coal,Navajo,Arizona
POINT (-111.9122 33.4225),219.799994,219.79999999999998,5.999999984851456e-06,"{1.0, 13.8, 18.0, 115.0, 500.0, 20.0}",orange,TEMPE 10,8,ng,Maricopa,Arizona
POINT (-110.1734 34.6062),49.230001,49.23,1.00000000458067e-06,"{115.0, 500.0}",green,HEBER 5,2,wind,Navajo,Arizona
POINT (-111.536 33.5661),10.360001,10.36,1.0000000010279564e-06,{115.0},blue,PHOENIX 75,1,hydro,Maricopa,Arizona
POINT (-114.4287 32.6486),0.0,0.0,0.0,{115.0},yellow,YUMA 8,3,solar,Yuma,Arizona
POINT (-111.344 33.5907),14.320001999999999,14.32,1.999999998503199e-06,"{115.0, 500.0}",blue,PHOENIX 76,3,hydro,Maricopa,Arizona
POINT (-112.6944 32.975),825.3199529999999,825.32,4.700000010871008e-05,"{13.8, 18.0, 115.0, 500.0, 765.0}",orange,GILA BEND 6,10,ng,Maricopa,Arizona
POINT (-110.8997 32.1736),7.630001,7.63,1.000000000139778e-06,{115.0},yellow,TUCSON 54,1,solar,Pima,Arizona
POINT (-112.8406 33.3346),1120.92598,1140.3,19.374019999999973,"{18.0, 115.0, 500.0, 13.8}",orange,ARLINGTON 10,8,ng,Maricopa,Arizona
POINT (-113.344 33.0257),18.800002,18.8,1.999999998503199e-06,"{1.0, 115.0, 13.8}",yellow,DATELAND 3,4,solar,Yuma,Arizona
POINT (-114.738 36.0155),538.090005,538.0899999999999,5.000000101063051e-06,"{1.0, 13.8, 18.0, 115.0, 500.0, 765.0}",blue,CHLORIDE 2,11,hydro,Mohave,Arizona
POINT (-112.8814 32.9408),0.0,0.0,0.0,{115.0},yellow,GILA BEND 7,1,solar,Maricopa,Arizona
POINT (-112.8897 33.3417),81.020003,237.67,156.64999699999998,"{13.8, 18.0, 115.0, 20.0, 500.0}",orange,ARLINGTON 11,5,ng,Maricopa,Arizona
POINT (-112.7794 33.4936),9.970001,9.97,9.999999992515995e-07,{115.0},yellow,TONOPAH 5,1,solar,Maricopa,Arizona
POINT (-111.2828 32.3717),15.610001,15.61,1.0000000010279564e-06,{115.0},yellow,MARANA 4,1,solar,Pima,Arizona
POINT (-112.8642 33.345),30.570004,230.53,199.959996,"{13.2, 13.8, 115.0, 500.0, 24.0}",orange,ARLINGTON 12,6,ng,Maricopa,Arizona
POINT (-113.1808 33.3783),11.600001,11.6,1.0000000010279564e-06,"{18.0, 115.0}",yellow,TONOPAH 6,2,solar,Maricopa,Arizona
POINT (-114.1333 35.054),522.755327,654.39,131.63467300000002,"{13.8, 18.0, 115.0, 500.0, 22.0, 345.0}",orange,LAKE HAVASU CITY 4,7,ng,Mohave,Arizona
POINT (-112.429 34.7184),0.0,0.0,0.0,"{18.0, 115.0}",yellow,CHINO VALLEY 2,3,solar,Yavapai,Arizona
POINT (-112.6617 33.0347),11.820001,11.82,9.999999992515995e-07,{115.0},yellow,GILA BEND 8,1,solar,Maricopa,Arizona
POINT (-114.0675 35.1458),7.280001,7.28,1.000000000139778e-06,{115.0},green,KINGMAN 4,1,wind,Mohave,Arizona
POINT (-111.7542 40.3317),908.5390500000001,930.82,22.28094999999996,"{161.0, 1.0, 13.8, 13.2, 18.0, 500.0, 20.0, 22.0}",orange,OREM 6,11,ng,Utah,Utah
POINT (-110.3917 39.5472),58.1,58.1,0.0,"{161.0, 500.0}",gray,SUNNYSIDE 2,2,coal,Carbon,Utah
POINT (-111.9038 40.7931),12.5,12.5,0.0,{161.0},orange,SALT LAKE CITY 29,1,ng,Salt Lake,Utah
POINT (-112.0317 40.6667),217.0,217.0,0.0,"{161.0, 1.0, 13.8, 500.0, 24.0}",orange,SALT LAKE CITY 30,8,ng,Salt Lake,Utah
POINT (-112.0521 41.8347),26.930002,26.93,2.0000000020559128e-06,"{161.0, 13.8}",blue,COLLINSTON,2,hydro,Box Elder,Utah
POINT (-109.2844 40.0864),499.500005,499.5,4.9999999873762135e-06,"{161.0, 18.0, 500.0}",gray,VERNAL 3,3,coal,Uintah,Utah
POINT (-112.5802 39.5097),1647.000014,1647.0,1.3999999964653398e-05,"{161.0, 13.8, 500.0, 20.0}",gray,DELTA 2,6,coal,Millard,Utah
POINT (-112.8533 38.4889),43.000003,43.00000000000001,2.999999992425728e-06,"{161.0, 13.8}",yellow,MILFORD 2,3,solar,Beaver,Utah
POINT (-112.5811 38.5603),10.080001,10.08,9.999999992515995e-07,"{161.0, 18.0}",yellow,BEAVER 2,3,solar,Beaver,Utah
POINT (-111.0289 39.1747),1560.3636390000001,1577.19,16.826360999999906,"{161.0, 18.0, 500.0, 13.8}",gray,CASTLE DALE 2,5,coal,Emery,Utah
POINT (-111.8935 39.8214),648.989999,648.99,9.999999974752427e-07,"{161.0, 500.0, 13.8}",orange,MONA 2,6,ng,Juab,Utah
POINT (-112.935 38.5357),160.850001,160.85,9.999999974752427e-07,"{345.0, 18.0, 161.0, 500.0}",green,MILFORD 3,5,wind,Beaver,Utah
POINT (-111.8853 40.8869),20.26,20.26,0.0,"{161.0, 18.0, 13.8}",orange,BOUNTIFUL 3,3,ng,Davis,Utah
POINT (-110.8644 39.7272),208.599998,208.6,1.9999999949504854e-06,"{161.0, 1.0, 13.8, 18.0, 500.0}",gray,HELPER 2,6,coal,Carbon,Utah
POINT (-112.931 38.5852),91.740001,91.74,1.0000000116860974e-06,"{161.0, 13.8}",green,MILFORD 4,4,wind,Millard,Utah
POINT (-111.7294 40.0614),140.0,140.0,0.0,"{161.0, 500.0, 13.8, 1.0}",orange,PAYSON 3,5,ng,Utah,Utah
POINT (-110.5556 41.2874),127.660001,127.66,9.999999974752427e-07,"{161.0, 138.0, 13.8, 500.0, 345.0}",green,EVANSTON 2,8,wind,Uinta,Wyoming
POINT (-111.89 40.67),14.0,14.0,0.0,{161.0},orange,SALT LAKE CITY 31,1,ng,Salt Lake,Utah
POINT (-112.1225 40.7119),213.800002,213.8,1.9999999949504854e-06,"{24.0, 161.0, 500.0, 13.8}",gray,MAGNA 3,5,coal,Salt Lake,Utah
POINT (-111.9289 40.7686),492.0900019999999,492.0899999999999,1.9999999949504854e-06,"{161.0, 500.0}",orange,SALT LAKE CITY 32,3,ng,Salt Lake,Utah
POINT (-111.0781 39.3792),518.650004,518.65,3.999999989900971e-06,"{161.0, 18.0, 500.0, 13.8}",gray,HUNTINGTON 2,4,coal,Emery,Utah
POINT (-112.7339 40.9133),48.0,48.0,0.0,"{161.0, 500.0}",orange,GRANTSVILLE 2,3,ng,Tooele,Utah
POINT (-113.5166 37.1121),40.0,40.0,0.0,"{161.0, 18.0, 500.0, 1.0}",orange,SAINT GEORGE 5,5,ng,Washington,Utah
POINT (-109.4217 40.9146),112.230003,112.22999999999999,3.000000006636583e-06,"{161.0, 138.0, 500.0}",blue,DUTCH JOHN,3,hydro,Daggett,Utah
POINT (-108.4386 36.8006),268.430004,1386.0,1117.569996,"{115.0, 500.0, 13.8, 230.0}",gray,WATERFLOW,9,coal,San Juan,New Mexico
POINT (-107.6131 36.8061),54.620006000000004,54.620000000000005,5.999999999062311e-06,"{18.0, 115.0, 13.2, 13.8}",blue,FARMINGTON 5,5,hydro,San Juan,New Mexico
POINT (-107.5093 32.5543),0.0,0.0,0.0,{115.0},green,DEMING 2,2,wind,Luna,New Mexico
POINT (-108.082 35.4159),257.000002,257.0,1.9999999949504854e-06,"{1.0, 230.0, 13.8, 18.0, 115.0, 500.0}",gray,PREWITT,8,coal,McKinley,New Mexico
POINT (-108.3628 32.6618),15.14,15.14,0.0,{115.0},gray,TYRONE,2,coal,Grant,New Mexico
POINT (-106.5472 31.8047),372.48999999999995,372.48999999999995,0.0,"{230.0, 13.8, 18.0, 115.0, 500.0}",orange,SUNLAND PARK 2,8,ng,Doña Ana,New Mexico
POINT (-108.698 32.3505),88.0,88.0,0.0,{115.0},orange,LORDSBURG 1,2,ng,Hidalgo,New Mexico
POINT (-106.4642 35.3844),30.0,30.0,0.0,{115.0},orange,ALGODONES 2,2,ng,Sandoval,New Mexico
POINT (-107.7834 32.2993),433.340002,433.34,2.0000000517939043e-06,"{230.0, 13.8, 18.0, 115.0, 500.0}",orange,DEMING 3,7,ng,Luna,New Mexico
POINT (-106.7322 34.6115),159.500001,159.5,9.999999974752427e-07,"{1.0, 230.0, 13.8, 18.0, 115.0}",orange,BELEN 2,5,ng,Valencia,New Mexico
POINT (-106.6733 31.7928),27.050003,27.05,2.9999999995311555e-06,"{18.0, 115.0, 13.8}",yellow,LA MESA 5,4,solar,Doña Ana,New Mexico
POINT (-106.644 35.026),163.700001,163.7,9.999999974752427e-07,"{18.0, 115.0, 13.8, 230.0}",orange,ALBUQUERQUE 30,4,ng,Bernalillo,New Mexico
POINT (-105.9625 34.4667),100.000001,100.0,9.999999974752427e-07,"{115.0, 230.0}",green,WILLARD 2,3,wind,Torrance,New Mexico
POINT (-107.3828 35.2689),92.380001,92.38,9.999999974752427e-07,"{1.0, 230.0, 13.8, 115.0, 20.0}",green,CUBERO,5,wind,Cibola,New Mexico
POINT (-107.9417 36.7367),91.19999899999999,91.19999999999999,9.999999974752427e-07,"{1.0, 18.0, 115.0, 230.0}",orange,BLOOMFIELD 2,4,ng,San Juan,New Mexico
POINT (-108.1225 32.6956),54.0,54.0,0.0,"{1.0, 115.0, 13.8, 230.0}",orange,HURLEY,6,ng,Grant,New Mexico
POINT (-108.5494 32.2363),139.500001,139.5,9.999999974752427e-07,"{115.0, 230.0}",orange,LORDSBURG 2,2,ng,Hidalgo,New Mexico
POINT (-106.8465 32.1142),287.000002,287.0,1.9999999949504854e-06,"{18.0, 115.0, 13.8, 230.0}",orange,LA MESA 6,4,ng,Doña Ana,New Mexico
POINT (-108.4814 36.69),1094.589997,1636.2,541.610003,"{230.0, 13.8, 115.0, 500.0, 24.0}",gray,FRUITLAND 2,6,coal,San Juan,New Mexico
POINT (-107.48 32.57),71.130003,71.13,3.000000006636583e-06,"{115.0, 230.0}",yellow,DEMING 4,3,solar,Luna,New Mexico
POINT (-108.2153 36.7166),91.60000099999999,91.6,9.999999974752427e-07,{115.0},orange,FARMINGTON 6,2,ng,San Juan,New Mexico
POINT (-106.6019 35.171),153.99,153.99,0.0,"{115.0, 500.0, 230.0}",orange,ALBUQUERQUE 31,3,ng,Bernalillo,New Mexico
POINT (-103.259 40.941),0.0,0.0,0.0,"{18.0, 115.0, 500.0, 230.0}",green,PEETZ 1,5,wind,Logan,Colorado
POINT (-102.8969 40.9881),134.820002,134.82,1.9999999949504854e-06,"{115.0, 500.0, 230.0}",green,PEETZ 2,3,wind,Logan,Colorado
POINT (-104.6875 38.5569),159.293385,228.0,68.706615,"{1.0, 230.0, 13.8, 115.0, 500.0}",orange,FOUNTAIN 3,6,ng,El Paso,Colorado
POINT (-104.0206 40.8944),180.880002,180.88,1.9999999949504854e-06,"{1.0, 230.0, 138.0, 13.8, 115.0, 500.0}",green,GROVER,8,wind,Weld,Colorado
POINT (-103.6781 39.4218),167.950002,167.95,2.000000023372195e-06,"{24.0, 115.0, 500.0, 230.0}",green,LIMON 2,5,wind,Lincoln,Colorado
POINT (-103.436 40.986),167.960002,167.96,1.9999999949504854e-06,"{115.0, 500.0, 13.8, 230.0}",green,PEETZ 3,4,wind,Logan,Colorado
POINT (-104.5747 38.2081),1635.300013,1635.3000000000002,1.2999999853491317e-05,"{1.0, 230.0, 13.8, 115.0, 500.0, 22.0}",gray,PUEBLO 12,8,coal,Pueblo,Colorado
POINT (-103.5732 39.381),200.000002,200.0,1.9999999949504854e-06,"{18.0, 115.0, 500.0, 230.0}",green,LIMON 3,5,wind,Lincoln,Colorado
POINT (-104.7736 40.0986),396.899952,396.9,4.799999999249849e-05,"{115.0, 500.0, 230.0}",orange,FORT LUPTON 2,4,ng,Weld,Colorado
POINT (-105.202 40.0195),251.000002,251.0,1.9999999949504854e-06,"{115.0, 500.0, 13.8, 230.0}",gray,BOULDER 9,5,coal,Boulder,Colorado
POINT (-102.2431 39.3561),129.4,129.4,0.0,"{115.0, 500.0, 230.0}",gray,BURLINGTON 4,3,coal,Kit Carson,Colorado
POINT (-104.8742 40.2461),246.640014,611.24,364.599986,"{230.0, 13.8, 18.0, 115.0, 500.0, 20.0, 24.0, 345.0}",orange,PLATTEVILLE 2,12,ng,Weld,Colorado
POINT (-105.8947 37.4594),37.24007,53.2,15.95993,"{115.0, 230.0}",orange,ALAMOSA 2,2,ng,Alamosa,Colorado
POINT (-102.5379 38.0333),43.5,43.5,0.0,{115.0},gray,LAMAR 2,1,coal,Prowers,Colorado
POINT (-102.8622 37.6735),98.05000199999999,98.05,1.9999999949504854e-06,"{1.0, 115.0, 13.8, 230.0}",green,LAMAR 3,7,wind,Bent,Colorado
POINT (-107.185 40.4856),465.400004,465.4,4.00000004674439e-06,"{115.0, 500.0, 13.8, 230.0}",gray,HAYDEN 2,5,coal,Routt,Colorado
POINT (-103.7839 40.9475),250.800002,250.8,1.9999999949504854e-06,"{115.0, 500.0, 20.0, 230.0}",green,NEW RAYMER,4,wind,Weld,Colorado
POINT (-104.6814 39.7479),147.600013,397.8,250.19998700000002,"{230.0, 18.0, 115.0, 500.0, 22.0}",orange,AURORA 19,6,ng,Adams,Colorado
POINT (-103.4742 39.3533),139.820001,139.82,9.999999974752427e-07,"{115.0, 13.8, 230.0}",green,VONA,3,wind,Lincoln,Colorado
POINT (-105.3251 40.3651),38.200001,38.2,9.999999974752427e-07,{115.0},blue,LOVELAND 5,2,hydro,Larimer,Colorado
POINT (-104.9645 39.8073),586.3100069999998,586.3099999999998,6.999999982326699e-06,"{230.0, 13.8, 18.0, 115.0, 500.0}",gray,DENVER 55,7,coal,Adams,Colorado
POINT (-103.631 40.2415),189.529963,251.64999999999998,62.12003699999997,"{115.0, 230.0}",orange,BRUSH 2,3,ng,Morgan,Colorado
POINT (-108.5069 38.2383),113.800002,113.8,2.00000000916134e-06,"{161.0, 115.0, 500.0, 230.0}",gray,NUCLA,4,coal,Montrose,Colorado
POINT (-105.7088 39.6551),240.57000299999999,240.57,2.999999992425728e-06,"{1.0, 230.0, 13.8, 18.0, 115.0, 500.0}",blue,GEORGETOWN,10,hydro,Clear Creek,Colorado
POINT (-103.6803 40.2217),552.300005,552.3,5.000000101063051e-06,"{115.0, 500.0, 20.0, 230.0}",gray,BRUSH 3,4,coal,Morgan,Colorado
POINT (-104.682 39.9411),154.199998,154.2,1.9999999949504854e-06,"{1.0, 230.0, 18.0, 115.0, 500.0}",orange,COMMERCE CITY 3,5,ng,Adams,Colorado
POINT (-102.6231 37.7033),142.310001,142.31,9.999999974752427e-07,"{18.0, 115.0, 500.0, 230.0}",green,LAMAR 4,5,wind,Prowers,Colorado
POINT (-104.8169 38.8814),0.0,0.0,0.0,"{115.0, 13.2, 22.0}",orange,COLORADO SPRINGS 33,3,ng,El Paso,Colorado
POINT (-107.6253 38.5106),27.740002,27.740000000000002,1.999999998503199e-06,{115.0},blue,MONTROSE 3,1,hydro,Montrose,Colorado
POINT (-103.7005 39.2038),37.060041,154.2,117.13995899999999,"{1.0, 230.0, 18.0, 115.0, 500.0}",orange,LIMON 4,7,ng,Lincoln,Colorado
POINT (-105.226 39.8575),75.999997,76.0,3.000000006636583e-06,{115.0},orange,ARVADA 9,1,ng,Jefferson,Colorado
POINT (-104.7058 38.6335),282.59999700000003,282.6,2.999999992425728e-06,"{18.0, 115.0, 13.8}",gray,FOUNTAIN 4,4,coal,El Paso,Colorado
POINT (-103.5811 39.3414),175.680002,175.68,1.9999999949504854e-06,"{24.0, 115.0, 230.0}",green,LIMON 5,5,wind,Lincoln,Colorado
POINT (-105.236 40.365),66.39000300000001,66.39,3.000000006636583e-06,"{115.0, 230.0}",blue,LYONS 3,2,hydro,Larimer,Colorado
POINT (-104.5264 38.3208),266.10997399999997,366.6499999999999,100.54002599999995,"{1.0, 230.0, 13.8, 18.0, 115.0, 500.0, 20.0, 24.0}",orange,PUEBLO 13,12,ng,Pueblo,Colorado
POINT (-106.3327 39.8788),30.700004,30.7,4.000000000559112e-06,"{115.0, 13.8}",blue,KREMMLING 2,4,hydro,Summit,Colorado
POINT (-105.9276 37.6945),45.920004000000006,45.919999999999995,4.000000011217253e-06,"{115.0, 500.0, 230.0}",yellow,MOSCA,3,solar,Alamosa,Colorado
POINT (-107.5393 38.4518),81.500002,81.5,1.9999999949504854e-06,"{115.0, 500.0, 13.8, 230.0}",blue,MONTROSE 4,6,hydro,Montrose,Colorado
POINT (-105.017 39.7373),75.0,75.0,0.0,{115.0},orange,DENVER 56,1,ng,Denver,Colorado
POINT (-107.3375 38.4532),26.080001,26.08,1.0000000010279564e-06,{115.0},blue,MONTROSE 5,2,hydro,Gunnison,Colorado
POINT (-103.685 40.2171),0.0,0.0,0.0,"{115.0, 13.8}",orange,BRUSH 4,3,ng,Morgan,Colorado
POINT (-102.7431 40.7569),76.250002,76.25,1.9999999949504854e-06,"{1.0, 115.0, 13.8, 230.0}",green,FLEMING,6,wind,Logan,Colorado
POINT (-102.3533 39.3383),39.820001,39.82,9.999999974752427e-07,{115.0},green,BURLINGTON 5,3,wind,Kit Carson,Colorado
POINT (-105.2009 40.0205),93.09999400000001,93.1,5.999999984851456e-06,{115.0},orange,BOULDER 10,2,ng,Boulder,Colorado
POINT (-106.3523 39.0942),78.850001,78.85,1.0000000116860974e-06,"{115.0, 500.0, 230.0}",blue,LEADVILLE 2,3,hydro,Lake,Colorado
POINT (-104.5953 40.0908),519.030003,685.11,166.07999700000005,"{230.0, 13.2, 13.8, 115.0, 500.0}",orange,KEENESBURG 2,6,ng,Weld,Colorado
POINT (-105.0018 39.6692),72.62000900000001,129.34,56.71999099999999,"{230.0, 13.8, 13.2, 115.0, 500.0, 22.0}",orange,DENVER 57,8,ng,Denver,Colorado
POINT (-104.796 40.0922),57.019991,100.8,43.780009,{115.0},orange,FORT LUPTON 3,3,ng,Weld,Colorado
POINT (-107.7299 39.5173),68.599998,68.6,1.9999999949504854e-06,"{115.0, 500.0, 230.0}",orange,RIFLE 2,3,ng,Garfield,Colorado
POINT (-105.2256 39.8586),58.799998,58.800000000000004,2.0000000020559128e-06,"{115.0, 230.0}",orange,ARVADA 10,2,ng,Jefferson,Colorado
POINT (-104.8333 38.8244),257.010002,257.01,1.9999999949504854e-06,"{115.0, 500.0, 230.0}",gray,COLORADO SPRINGS 34,3,coal,El Paso,Colorado
POINT (-105.5097 40.3768),34.020003,34.019999999999996,3.000000006636583e-06,"{115.0, 13.8}",blue,ESTES PARK 2,3,hydro,Larimer,Colorado
POINT (-104.8878 40.0922),45.280016,197.0,151.719984,"{230.0, 13.8, 115.0, 500.0, 24.0}",orange,FREDERICK,7,ng,Weld,Colorado
POINT (-102.9647 40.983),0.0,0.0,0.0,{115.0},green,PEETZ 4,2,wind,Logan,Colorado
POINT (-107.5912 40.4627),1427.610012,1427.6100000000001,1.1999999969702912e-05,"{1.0, 230.0, 13.8, 18.0, 115.0, 500.0}",gray,CRAIG 2,8,coal,Moffat,Colorado
POINT (-103.0772 40.9642),65.350003,65.35,3.000000006636583e-06,{115.0},green,PEETZ 5,1,wind,Logan,Colorado
POINT (-104.7069 38.6281),212.340002,360.66,148.31999800000003,"{1.0, 230.0, 13.8, 18.0, 115.0, 500.0}",orange,FOUNTAIN 5,8,ng,El Paso,Colorado
POINT (-105.0212 40.8609),800.4000060000001,800.4000000000001,5.999999984851456e-06,"{1.0, 230.0, 138.0, 13.8, 18.0, 115.0, 500.0, 345.0}",gray,WELLINGTON 4,13,coal,Larimer,Colorado
POINT (-105.7769 42.8378),23.76,230.55,206.79000000000002,"{138.0, 13.8, 18.0, 24.0, 345.0}",gray,GLENROCK 2,8,coal,Converse,Wyoming
POINT (-105.7872 42.9258),185.190002,185.19,1.9999999949504854e-06,"{138.0, 13.8}",green,GLENROCK 3,2,wind,Converse,Wyoming
POINT (-105.3833 44.2858),35.959999,88.0,52.040001,{138.0},gray,GILLETTE 3,2,coal,Campbell,Wyoming
POINT (-105.024 41.1297),53.900002,53.9,2.0000000020559128e-06,{138.0},green,CHEYENNE 6,3,wind,Laramie,Wyoming
POINT (-105.3833 44.2856),22.409998,120.0,97.590002,{138.0},gray,GILLETTE 4,1,coal,Campbell,Wyoming
POINT (-106.7959 42.4766),63.170002000000004,63.17,2.0000000020559128e-06,{138.0},blue,ALCOVA 1,1,hydro,Natrona,Wyoming
POINT (-106.0111 41.6751),111.090002,111.09,1.9999999949504854e-06,"{345.0, 138.0, 13.8}",green,ROCK RIVER 1,5,wind,Albany,Wyoming
POINT (-105.4608 44.3889),106.379999,483.7,377.320001,"{345.0, 138.0, 18.0, 1.0}",gray,WRIGHT 2,5,coal,Campbell,Wyoming
POINT (-110.5983 41.7581),304.109997,831.99,527.880003,"{345.0, 138.0, 161.0, 13.8}",gray,KEMMERER 2,6,coal,Lincoln,Wyoming
POINT (-106.1805 41.6744),82.79000399999998,82.78999999999999,3.999999989900971e-06,{138.0},green,ROCK RIVER 2,2,wind,Carbon,Wyoming
POINT (-110.4807 41.2881),48.170001,48.17,9.999999974752427e-07,"{138.0, 13.8}",green,MOUNTAIN VIEW 6,2,wind,Uinta,Wyoming
POINT (-105.3815 44.2901),90.189999,402.3,312.110001,"{345.0, 138.0, 13.8}",gray,GILLETTE 5,3,coal,Campbell,Wyoming
POINT (-104.72 41.1236),33.480000000000004,139.99,106.51,"{1.0, 230.0, 138.0, 13.8, 115.0, 345.0}",orange,CHEYENNE 7,10,ng,Laramie,Wyoming
POINT (-106.1603 42.0436),75.680001,75.68,9.999999974752427e-07,"{138.0, 13.8}",green,MEDICINE BOW 1,2,wind,Carbon,Wyoming
POINT (-109.8119 41.6217),6.469997,27.32,20.850003,{138.0},gray,GREEN RIVER 3,1,coal,Sweetwater,Wyoming
POINT (-105.999 43.0145),0.0,0.0,0.0,"{138.0, 18.0, 13.8}",green,GLENROCK 4,3,wind,Converse,Wyoming
POINT (-108.7875 41.7378),729.2899950000001,2441.92,1712.630005,"{345.0, 138.0, 18.0, 13.8}",gray,POINT OF ROCKS,8,coal,Sweetwater,Wyoming
POINT (-105.8543 43.0572),87.220001,87.22,9.999999974752427e-07,"{138.0, 13.8}",green,GLENROCK 5,2,wind,Converse,Wyoming
POINT (-106.7175 42.5484),45.550004,45.55,4.0000000041118255e-06,"{345.0, 138.0, 18.0, 13.8}",blue,ALCOVA 2,6,hydro,Natrona,Wyoming
POINT (-105.3786 44.285),32.539994,107.5,74.96000599999999,{138.0},orange,GILLETTE 6,1,ng,Campbell,Wyoming
POINT (-110.5444 41.2639),0.0,0.0,0.0,{138.0},green,MOUNTAIN VIEW 7,2,wind,Uinta,Wyoming
POINT (-104.8825 42.1089),414.309997,1710.0,1295.690003,"{138.0, 13.8, 18.0, 20.0, 345.0}",gray,WHEATLAND 2,5,coal,Platte,Wyoming
POINT (-105.3806 44.2919),36.9,116.2,79.30000000000001,"{138.0, 13.8}",gray,GILLETTE 7,2,coal,Campbell,Wyoming
POINT (-106.3758 41.9203),97.770002,97.77,2.00000000916134e-06,{138.0},green,MEDICINE BOW 2,2,wind,Carbon,Wyoming
POINT (-105.8353 43.0181),72.000001,72.0,9.999999974752427e-07,"{138.0, 13.8}",green,GLENROCK 6,3,wind,Converse,Wyoming
POINT (-106.9085 42.1561),62.91000600000001,62.91,6.000000013273166e-06,{138.0},blue,SINCLAIR,1,hydro,Carbon,Wyoming
POINT (-105.3811 44.2919),0.0,0.0,0.0,"{138.0, 13.8}",gray,GILLETTE 8,4,coal,Campbell,Wyoming
POINT (-110.0904 41.8805),44.699998,108.0,63.300002,"{138.0, 18.0, 13.8}",orange,KEMMERER 3,4,ng,Lincoln,Wyoming
POINT (-111.2058 43.3348),81.210002,81.21000000000001,1.9999999949504854e-06,"{1.0, 138.0, 13.8, 18.0, 345.0}",blue,IRWIN,7,hydro,Bonneville,Idaho
POINT (-114.9036 42.8416),59.15000500000001,59.15,5.000000008692496e-06,"{1.0, 138.0, 13.8}",blue,HAGERMAN 1,4,hydro,Gooding,Idaho
POINT (-115.6666 43.1472),183.20000100000001,183.20000000000002,9.999999974752427e-07,"{138.0, 18.0, 13.8}",orange,MOUNTAIN HOME 2,4,ng,Elmore,Idaho
POINT (-116.9203 47.7858),301.500002,301.5,1.9999999949504854e-06,"{345.0, 138.0, 13.8, 1.0}",orange,RATHDRUM 2,6,ng,Kootenai,Idaho
POINT (-116.9764 46.4231),89.020004,89.02000000000001,3.999999989900971e-06,"{345.0, 138.0, 13.8, 1.0}",yellow,LEWISTON 4,5,solar,Nez Perce,Idaho
POINT (-116.0583 43.528),94.920004,94.92,4.0000000041118255e-06,"{345.0, 138.0, 13.8}",blue,BOISE 14,5,hydro,Ada,Idaho
POINT (-115.7343 43.1792),180.6,180.6,0.0,"{345.0, 138.0}",orange,MOUNTAIN HOME 3,2,ng,Elmore,Idaho
POINT (-111.8294 43.4195),50.070001,50.07,9.999999974752427e-07,{138.0},green,IDAHO FALLS 7,1,wind,Bonneville,Idaho
POINT (-115.0172 42.8744),23.350002000000003,23.35,2.0000000020559128e-06,{138.0},green,HAGERMAN 2,2,wind,Twin Falls,Idaho
POINT (-116.3791 43.2435),26.070003,26.07,2.9999999995311555e-06,{138.0},blue,KUNA 2,1,hydro,Ada,Idaho
POINT (-114.9886 42.7708),25.990001999999997,25.990000000000002,1.9999999949504854e-06,"{1.0, 138.0, 13.8}",green,HAGERMAN 3,5,wind,Twin Falls,Idaho
POINT (-116.0531 48.0844),174.620004,174.62,3.999999989900971e-06,"{138.0, 13.8, 13.2, 20.0, 345.0}",blue,CLARK FORK,6,hydro,Bonner,Idaho
POINT (-116.8673 47.8043),166.4,166.4,0.0,{138.0},orange,RATHDRUM 3,4,ng,Kootenai,Idaho
POINT (-113.4832 42.6699),8.830002,8.83,2.000000000279556e-06,"{1.0, 138.0, 13.8}",blue,RUPERT 2,6,hydro,Minidoka,Idaho
POINT (-116.8975 44.8367),358.200004,358.2,3.999999989900971e-06,"{345.0, 138.0, 18.0, 13.8}",blue,CAMBRIDGE,7,hydro,Washington,Idaho
POINT (-115.0108 42.8253),38.960002,38.96,2.0000000020559128e-06,"{345.0, 138.0, 13.8, 22.0}",green,HAGERMAN 4,4,wind,Twin Falls,Idaho
POINT (-115.071 42.9138),45.310002,45.31,1.9999999949504854e-06,{138.0},blue,BLISS,1,hydro,Gooding,Idaho
POINT (-112.9019 42.6747),0.0,0.0,0.0,"{138.0, 18.0}",green,AMERICAN FALLS 2,2,wind,Power,Idaho
POINT (-116.5574 48.9595),20.190002,20.189999999999998,2.0000000020559128e-06,"{138.0, 18.0, 13.8}",blue,PONDERAY,4,hydro,Boundary,Idaho
POINT (-112.0625 43.4687),13.030002,13.030000000000001,1.999999998503199e-06,{138.0},blue,IDAHO FALLS 8,2,hydro,Bonneville,Idaho
POINT (-115.4005 43.0281),57.630003,57.629999999999995,3.000000006636583e-06,{138.0},green,GLENNS FERRY 1,1,wind,Elmore,Idaho
POINT (-111.7264 43.3864),48.320001,48.32,9.999999974752427e-07,{138.0},green,IONA 1,1,wind,Bonneville,Idaho
POINT (-116.2977 46.5143),208.58000199999998,208.57999999999998,1.9999999949504854e-06,"{345.0, 138.0, 13.8, 1.0}",blue,AHSAHKA,7,hydro,Clearwater,Idaho
POINT (-111.8039 43.5244),100.140001,100.14,9.999999974752427e-07,"{138.0, 18.0}",green,IDAHO FALLS 9,2,wind,Bonneville,Idaho
POINT (-115.452 43.0566),0.0,0.0,0.0,"{138.0, 13.8}",green,GLENNS FERRY 2,3,wind,Elmore,Idaho
POINT (-111.7485 42.2678),12.600002,12.6,2.000000000279556e-06,{138.0},blue,PRESTON 2,3,hydro,Franklin,Idaho
POINT (-114.9897 42.8406),19.730002,19.73,1.999999998503199e-06,"{1.0, 138.0, 13.8, 18.0, 20.0}",green,HAGERMAN 5,8,wind,Twin Falls,Idaho
POINT (-115.4826 43.0338),47.420003,47.419999999999995,3.000000006636583e-06,"{345.0, 138.0}",green,GLENNS FERRY 3,2,wind,Elmore,Idaho
POINT (-115.4515 43.3571),16.300001,16.3,1.0000000010279564e-06,"{138.0, 13.8}",blue,MOUNTAIN HOME 4,3,hydro,Elmore,Idaho
POINT (-116.9986 48.1802),21.490002,21.490000000000002,1.999999998503199e-06,"{138.0, 13.2, 13.8}",blue,OLDTOWN,3,hydro,Bonner,Idaho
POINT (-112.7486 42.7389),35.470002,35.47,2.0000000020559128e-06,{138.0},green,AMERICAN FALLS 3,1,wind,Power,Idaho
POINT (-113.3825 42.0994),26.450001999999998,26.450000000000003,1.9999999949504854e-06,"{138.0, 13.8}",yellow,MALTA 1,3,solar,Cassia,Idaho
POINT (-115.9779 42.9449),50.370002,50.37,2.0000000020559128e-06,{138.0},blue,BRUNEAU,1,hydro,Owyhee,Idaho
POINT (-111.8364 43.4671),88.000001,88.0,9.999999974752427e-07,"{345.0, 138.0, 13.8}",green,IONA 2,3,wind,Bonneville,Idaho
POINT (-112.8764 42.7778),59.490003,59.49,2.9999999995311555e-06,"{345.0, 138.0, 13.8, 1.0}",blue,AMERICAN FALLS 4,6,hydro,Power,Idaho
POINT (-111.794 42.5367),12.050002,12.05,1.999999998503199e-06,"{345.0, 138.0, 161.0}",blue,GRACE 2,4,hydro,Caribou,Idaho
POINT (-114.3553 42.5892),43.090002,43.09,1.9999999949504854e-06,"{138.0, 13.8}",blue,KIMBERLY 2,2,hydro,Twin Falls,Idaho
POINT (-114.0369 42.5268),38.120002,38.12,2.0000000020559128e-06,"{345.0, 138.0}",blue,MURTAUGH,3,hydro,Twin Falls,Idaho
POINT (-116.8197 43.9044),318.500002,318.5,1.9999999949504854e-06,"{345.0, 138.0, 13.8}",orange,NEW PLYMOUTH,5,ng,Payette,Idaho
POINT (-114.9247 42.7674),23.030003999999998,23.03,3.999999997006398e-06,"{138.0, 18.0, 22.0}",blue,HAGERMAN 6,3,hydro,Twin Falls,Idaho
POINT (-115.0367 42.88),26.930001,26.93,1.0000000010279564e-06,{138.0},green,HAGERMAN 7,1,wind,Twin Falls,Idaho
POINT (-113.9266 42.4903),19.750002000000002,19.75,2.0000000020559128e-06,{138.0},green,BURLEY 2,2,wind,Cassia,Idaho
POINT (-115.3143 48.4098),404.67000499999995,404.66999999999996,4.9999999873762135e-06,"{138.0, 13.8, 13.2, 20.0, 24.0, 345.0}",blue,LIBBY 2,8,hydro,Lincoln,Montana
POINT (-112.8766 46.1047),135.399999,135.4,9.999999974752427e-07,"{345.0, 138.0, 18.0, 13.8}",orange,ANACONDA 2,5,ng,Deer Lodge,Montana
POINT (-106.6547 45.9752),0.0,0.0,0.0,"{138.0, 13.8}",gray,COLSTRIP 1,2,coal,Rosebud,Montana
POINT (-111.2614 47.5213),9.670002,9.67,2.000000000279556e-06,{138.0},blue,GREAT FALLS 6,2,hydro,Cascade,Montana
POINT (-112.1097 48.51),0.0,0.0,0.0,"{345.0, 138.0, 18.0}",green,FAIRFIELD 5,4,wind,Toole,Montana
POINT (-110.0872 46.4494),5.790001,5.79,1.000000000139778e-06,"{138.0, 13.8}",green,TWO DOT,3,wind,Wheatland,Montana
POINT (-108.481 45.7756),172.8,172.8,0.0,"{1.0, 138.0, 13.8, 18.0, 345.0}",gray,BILLINGS 8,5,coal,Yellowstone,Montana
POINT (-107.9575 45.3074),119.050003,119.05000000000001,2.999999992425728e-06,"{345.0, 138.0, 18.0, 13.8}",blue,HARDIN 2,7,hydro,Big Horn,Montana
POINT (-114.0144 48.3415),281.170003,281.17,2.999999992425728e-06,"{345.0, 138.0, 18.0, 13.8}",blue,HUNGRY HORSE,7,hydro,Flathead,Montana
POINT (-111.7279 46.649),30.400002999999998,30.4,2.9999999995311555e-06,"{345.0, 138.0}",blue,HELENA 4,3,hydro,Lewis and Clark,Montana
POINT (-111.9653 47.7233),7.230001,7.23,9.999999992515995e-07,{138.0},green,FAIRFIELD 6,1,wind,Teton,Montana
POINT (-114.2339 47.6777),158.740003,158.74,2.999999992425728e-06,"{1.0, 138.0, 13.8, 18.0, 22.0, 345.0}",blue,POLSON 2,7,hydro,Lake,Montana
POINT (-106.4123 48.0122),141.72000500000001,141.72,5.000000015797923e-06,"{1.0, 138.0, 18.0, 13.8}",blue,GLASGOW 2,8,hydro,McCone,Montana
POINT (-108.4278 45.8117),68.0,68.0,0.0,"{138.0, 13.2}",gray,BILLINGS 9,2,coal,Yellowstone,Montana
POINT (-109.4828 46.2753),14.220002000000001,14.219999999999999,2.0000000020559128e-06,"{138.0, 13.8}",green,SHAWMUT,3,wind,Wheatland,Montana
POINT (-115.3582 47.5932),67.510006,67.51,5.999999999062311e-06,"{345.0, 138.0}",blue,THOMPSON FALLS 2,2,hydro,Sanders,Montana
POINT (-106.614 45.8831),1528.9650609999999,2272.0,743.0349390000001,"{1.0, 138.0, 13.8, 18.0, 345.0}",gray,COLSTRIP 2,9,coal,Rosebud,Montana
POINT (-112.5194 45.9293),39.390041000000004,45.75,6.359958999999996,"{345.0, 138.0, 13.8, 1.0}",orange,BUTTE 3,4,ng,Silver Bow,Montana
POINT (-111.2045 47.5344),57.690001,57.69,1.00000000458067e-06,{138.0},blue,GREAT FALLS 7,1,hydro,Cascade,Montana
POINT (-111.195 47.5375),44.960002,44.96,2.0000000020559128e-06,"{345.0, 138.0}",blue,GREAT FALLS 8,2,hydro,Cascade,Montana
POINT (-112.0047 46.9915),32.830004,32.83,4.0000000041118255e-06,{138.0},blue,WOLF CREEK,2,hydro,Lewis and Clark,Montana
POINT (-115.7336 47.9539),221.89000299999998,221.89,2.999999992425728e-06,"{345.0, 138.0, 13.8}",blue,NOXON,7,hydro,Sanders,Montana
POINT (-112.1847 48.5333),78.360001,78.36,9.999999974752427e-07,"{138.0, 13.8}",green,FAIRFIELD 7,3,wind,Glacier,Montana
POINT (-107.6 45.7578),115.7,115.7,0.0,"{1.0, 138.0, 13.2, 13.8, 345.0}",gray,HARDIN 3,5,coal,Big Horn,Montana
POINT (-112.1033 48.8203),180.650002,180.65,1.9999999949504854e-06,"{345.0, 138.0, 18.0}",green,KEVIN,3,wind,Toole,Montana
POINT (-111.0344 47.5517),42.599952,42.6,4.7999999999603915e-05,{138.0},orange,GREAT FALLS 9,1,ng,Cascade,Montana
POINT (-111.1225 47.5699),37.240005,37.239999999999995,5.000000001587068e-06,{138.0},blue,GREAT FALLS 10,3,hydro,Cascade,Montana
POINT (-111.0609 47.5817),22.540001,22.54,1.0000000010279564e-06,{138.0},blue,GREAT FALLS 11,2,hydro,Cascade,Montana
POINT (-106.375 31.7569),0.0,0.0,0.0,{115.0},orange,EL PASO 36,1,ng,El Paso,Texas
POINT (-106.4318 31.9836),818.020003,818.02,2.999999992425728e-06,"{1.0, 230.0, 13.8, 115.0, 500.0, 22.0, 24.0}",orange,EL PASO 37,14,ng,El Paso,Texas
POINT (-106.4275 31.9783),6.670001,6.67,1.000000000139778e-06,{115.0},yellow,EL PASO 38,1,solar,El Paso,Texas
